Verb,Verb_case,Obj_case,NP,PP,NP_len,PP_len,Len_diff,V_NP_d,V_PP_d,NP_definiteness,PP_definiteness,NP_pronominality,PP_pronominality,ADP,Shift,PrePost
podupirem,,Acc,ga,Zbog toga,1,2,-1,3,4,indefinite,indefinite,pronominal,nonpronomial,preposition,nonshifted,preverbal
ukazuje,,Acc,se,Pred regijom,1,2,-1,1,2,indefinite,indefinite,pronominal,nonpronomial,preposition,nonshifted,preverbal
sastao,,Acc,se,u ponedjeljak,1,2,-1,3,1,indefinite,indefinite,pronominal,nonpronomial,preposition,shifted,preverbal
sastao,,Acc,se,tijekom vikenda,1,2,-1,3,1,indefinite,indefinite,pronominal,nonpronomial,preposition,shifted,preverbal
zabilježile,,Acc,pobjedu,u istom su sportu,1,4,-3,1,2,indefinite,definite,nonpronomial,nonpronomial,preposition,nonshifted,preverbal
moglo,,Dat,pobjedniku izbora,u suprotnom,2,2,0,2,3,indefinite,indefinite,nonpronomial,nonpronomial,preposition,nonshifted,preverbal
pozivam,,Acc,vas,S poštovanjem,1,2,-1,1,2,indefinite,indefinite,pronominal,nonpronomial,preposition,nonshifted,preverbal
dokazuje,,Acc,koju,među ostalim,1,2,-1,3,1,indefinite,indefinite,nonpronomial,nonpronomial,preposition,shifted,preverbal
zauzeo,,Acc,drugo mjesto,u prvom tromjesečju 2007. godine,2,5,-3,1,5,indefinite,indefinite,nonpronomial,nonpronomial,preposition,nonshifted,preverbal
posjetila,,Acc,BiH,Nakon posjeta Davutoglua u listopadu,1,5,-4,2,7,indefinite,indefinite,nonpronomial,nonpronomial,preposition,nonshifted,preverbal
zamijeniti,,Acc,takozvanu će piramidu službeno Međunarodni kulturni centar u Tirani,za 100. obljetnicu neovisnosti Albanije,9,5,4,14,3,definite,indefinite,nonpronomial,nonpronomial,preposition,shifted,preverbal
znači,,Acc,Što,za gospodarski razvitak,1,3,-2,4,1,indefinite,definite,pronominal,nonpronomial,preposition,shifted,preverbal
preuzela,,Acc,vlast,u balkanskoj zemlji,1,3,-2,4,1,indefinite,definite,nonpronomial,nonpronomial,preposition,shifted,preverbal
ima,,Acc,izglede za ta mjesta,Prema najnovijim ispitivanjima javnosti,4,4,0,4,7,indefinite,definite,nonpronomial,nonpronomial,preposition,nonshifted,preverbal
nalazi,,Acc,se,na kojoj,1,2,-1,1,2,indefinite,indefinite,pronominal,nonpronomial,preposition,nonshifted,preverbal
možete,,Dat,mu,ni na koji način,1,4,-3,6,2,indefinite,indefinite,pronominal,nonpronomial,preposition,shifted,preverbal
okupljaju,,Acc,se,na kojoj,1,2,-1,1,2,indefinite,indefinite,pronominal,nonpronomial,preposition,nonshifted,preverbal
razlikuju,,Acc,se,od tradicionalnih USB Flash memorija,1,5,-4,6,1,indefinite,definite,pronominal,nonpronomial,preposition,shifted,preverbal
ustvrditi,,Acc,to,s čime,1,2,-1,3,4,indefinite,indefinite,nonpronomial,pronominal,preposition,nonshifted,preverbal
pojaviti,,Acc,se,u moru raznih web-aplikacija,1,4,-3,5,3,indefinite,indefinite,pronominal,nonpronomial,preposition,shifted,preverbal
spremao,,Acc,Što god,u budućnosti,2,2,0,5,2,indefinite,indefinite,pronominal,nonpronomial,preposition,shifted,preverbal
sviđa,,Acc,se,kod CoH-a,1,2,-1,4,2,indefinite,indefinite,pronominal,nonpronomial,preposition,shifted,preverbal
propagira,,Acc,se,Na taj način,1,3,-2,8,9,indefinite,indefinite,pronominal,nonpronomial,preposition,nonshifted,preverbal
temelji,,Acc,se,na kojima,1,2,-1,1,2,indefinite,indefinite,pronominal,nonpronomial,preposition,nonshifted,preverbal
sastoji,,Acc,se,u stupcu,1,2,-1,1,2,indefinite,indefinite,pronominal,nonpronomial,preposition,nonshifted,preverbal
nalazi,,Acc,se,Iznad svega,1,2,-1,1,2,indefinite,indefinite,pronominal,nonpronomial,preposition,nonshifted,preverbal
eliminirati,,Acc,poznatog nametnika,U većini će slučajeva,2,4,-2,2,6,definite,indefinite,nonpronomial,nonpronomial,preposition,nonshifted,preverbal
aktivirati,,Acc,skeniranje,osim iz glavnog sučelja,1,4,-3,3,5,indefinite,definite,nonpronomial,nonpronomial,preposition,nonshifted,preverbal
izbaci,,Acc,nas,zbog nekog Španjolca,1,3,-2,4,1,indefinite,indefinite,pronominal,nonpronomial,preposition,shifted,preverbal
stoji,,Dat,kojoj,na pločici s lijeve strane,1,5,-4,6,4,indefinite,indefinite,nonpronomial,nonpronomial,preposition,shifted,preverbal
morate,,Acc,programe,Nakon završetka instalacije,1,3,-2,1,3,indefinite,indefinite,nonpronomial,nonpronomial,preposition,nonshifted,preverbal
uvukao,,Dat,čitavoj redakciji,na koncu,2,2,0,1,3,definite,indefinite,nonpronomial,nonpronomial,preposition,nonshifted,preverbal
trebalo,,Acc,ulje,između propisanih intervala,1,3,-2,4,5,indefinite,definite,nonpronomial,nonpronomial,preposition,nonshifted,preverbal
zastupati,,Acc,vozače,prilikom izrade državnog proračuna za sljedeću godinu kao i kod njegovih rebalansa,1,12,-11,6,19,indefinite,indefinite,nonpronomial,nonpronomial,preposition,nonshifted,preverbal
pojavljuju,,Acc,se,s vremena na vrijeme,1,4,-3,5,3,indefinite,indefinite,pronominal,nonpronomial,preposition,shifted,preverbal
širio,,Acc,se,iz njih,1,2,-1,1,2,indefinite,indefinite,pronominal,pronominal,preposition,nonshifted,preverbal
proširila,,Acc,se,iz Kine,1,2,-1,3,1,indefinite,indefinite,pronominal,nonpronomial,preposition,shifted,preverbal
imaju,,Acc,velik utjecaj,u njima,2,2,0,1,3,indefinite,indefinite,nonpronomial,pronominal,preposition,nonshifted,preverbal
nalazi,,Acc,se,Na toj ruti,1,3,-2,4,5,indefinite,indefinite,pronominal,nonpronomial,preposition,nonshifted,preverbal
treba,,Acc,se,u njemu,1,2,-1,1,2,indefinite,indefinite,pronominal,pronominal,preposition,nonshifted,preverbal
odnosi,,Acc,se,prije svega,1,2,-1,3,1,indefinite,indefinite,pronominal,nonpronomial,preposition,shifted,preverbal
slažu,,Acc,se,u tomu,1,2,-1,1,2,indefinite,indefinite,pronominal,nonpronomial,preposition,nonshifted,preverbal
pogodio,,Acc,Rumunjsku i Bugarsku,Pored svih nedaća koje stariji članovi društva osjećaju u tranzicijskim zemljama poput niskih mirovina i sve skupljeg zdravstvenog sustava,3,19,-16,4,23,indefinite,definite,nonpronomial,nonpronomial,preposition,nonshifted,preverbal
daje,,Acc,podršku,u njegovom izbornom spotu,1,4,-3,1,2,indefinite,definite,nonpronomial,nonpronomial,preposition,nonshifted,preverbal
odlučio,,Acc,se,na ovakvu pomalo neobičnu kampanju,1,5,-4,6,1,indefinite,definite,pronominal,nonpronomial,preposition,shifted,preverbal
nosi,,Acc,isti broj,na dresu,2,2,0,3,1,definite,indefinite,nonpronomial,nonpronomial,preposition,shifted,preverbal
smanjio,,Acc,se,u ponedjeljak ujutro,1,3,-2,4,2,indefinite,indefinite,pronominal,nonpronomial,preposition,shifted,preverbal
druži,,Acc,se,s kojima,1,2,-1,1,2,indefinite,indefinite,pronominal,nonpronomial,preposition,nonshifted,preverbal
demonstrira,,Acc,Svoje vještine i znanje,prema vlastitom priznanju,4,3,1,8,2,indefinite,definite,nonpronomial,nonpronomial,preposition,shifted,preverbal
služe,,Acc,se,u Njemačkoj,1,2,-1,6,4,indefinite,indefinite,pronominal,nonpronomial,preposition,shifted,preverbal
imaju,,Acc,Znatnu ukupnu poznatost veću od 90 %,osim Konzuma,7,2,5,9,1,definite,indefinite,nonpronomial,nonpronomial,preposition,shifted,preverbal
protive,,Acc,se,zbog čega,1,2,-1,5,6,indefinite,indefinite,pronominal,pronominal,preposition,nonshifted,preverbal
poveli,,Acc,nas,u obilazak,1,2,-1,3,1,indefinite,indefinite,pronominal,nonpronomial,preposition,shifted,preverbal
smjestilo,,Acc,se,poput Motovuna,1,2,-1,5,2,indefinite,indefinite,pronominal,nonpronomial,preposition,shifted,preverbal
iskoristio,,Acc,svoj teško stečen novac,u Hrvatskoj,4,2,2,3,1,indefinite,indefinite,nonpronomial,nonpronomial,preposition,shifted,preverbal
ostaje,,Gen,vrlo malo kapitala,zbog činjenice da domaće tvrtke samo preprodaju resurse,3,8,-5,1,10,indefinite,indefinite,nonpronomial,nonpronomial,preposition,nonshifted,preverbal
zabilježila,,Nom,rast veći od prosjeka sustava,Među šest najvećih banaka koje imaju aktivu veću od 25 milijardi kuna,5,12,-7,5,16,definite,definite,nonpronomial,nonpronomial,preposition,nonshifted,preverbal
odnosi,,Acc,se,od čega,1,2,-1,3,4,indefinite,indefinite,pronominal,pronominal,preposition,nonshifted,preverbal
događa,,Acc,se,u kojem,1,2,-1,1,2,indefinite,indefinite,pronominal,nonpronomial,preposition,nonshifted,preverbal
opisao,,Acc,situaciju,u vlastitoj kući,1,3,-2,4,1,indefinite,definite,nonpronomial,nonpronomial,preposition,shifted,preverbal
pritisnuti,,Acc,potražnju,U sljedećoj će pak godini,1,5,-4,1,2,indefinite,definite,nonpronomial,nonpronomial,preposition,nonshifted,preverbal
uvriježilo,,Acc,se,U Vladi,1,2,-1,1,2,indefinite,indefinite,pronominal,nonpronomial,preposition,nonshifted,preverbal
dogodi,,Acc,se,iza toga,1,2,-1,5,3,indefinite,indefinite,pronominal,nonpronomial,preposition,shifted,preverbal
treba,,Dat,joj,u kojoj,1,2,-1,1,2,indefinite,indefinite,pronominal,nonpronomial,preposition,nonshifted,preverbal
znači,,Acc,što,za nas,1,2,-1,4,2,indefinite,indefinite,pronominal,pronominal,preposition,shifted,preverbal
pridružiti,,Dat,njima,u domovima zdravlja i bolnicama,1,5,-4,3,7,indefinite,indefinite,pronominal,nonpronomial,preposition,nonshifted,preverbal
nadaju,,Acc,se,u sljedećem razdoblju,1,3,-2,4,1,indefinite,definite,pronominal,nonpronomial,preposition,shifted,preverbal
susreće,,Acc,se,s ovim pojmovima,1,3,-2,4,1,indefinite,indefinite,pronominal,nonpronomial,preposition,shifted,preverbal
sprečava,,Acc,ih,u tome,1,2,-1,1,2,indefinite,indefinite,pronominal,nonpronomial,preposition,nonshifted,preverbal
rađa,,Acc,se,s čime,1,2,-1,2,3,indefinite,indefinite,pronominal,pronominal,preposition,nonshifted,preverbal
govori,,Dat,im,o tome,1,2,-1,5,3,indefinite,indefinite,pronominal,nonpronomial,preposition,shifted,preverbal
prijavilo,,Acc,se,Na sajam,1,2,-1,1,2,indefinite,indefinite,pronominal,nonpronomial,preposition,nonshifted,preverbal
objašnjavaju,,Acc,Ovogodišnji gubitak,u Raiffeisenu,2,2,0,3,1,definite,indefinite,nonpronomial,nonpronomial,preposition,shifted,preverbal
imali,,Acc,predavanja,U drugom dijelu susreta,1,4,-3,2,5,indefinite,indefinite,nonpronomial,nonpronomial,preposition,nonshifted,preverbal
daje,,Dat,visokom učilištu,Po isteku roka iz stavka 1. ovoga članka,2,8,-6,2,10,definite,indefinite,nonpronomial,nonpronomial,preposition,nonshifted,preverbal
preporučujem,,Acc,ove ređenike,U tom smislu,2,3,-1,1,3,indefinite,indefinite,nonpronomial,nonpronomial,preposition,nonshifted,preverbal
posjeti,,Nom,Portal,u prosjeku,1,2,-1,4,2,indefinite,indefinite,nonpronomial,nonpronomial,preposition,shifted,preverbal
moraju,,Acc,svoja vozila,zbog pretijesnog parkirališnog prostora,2,4,-2,1,3,indefinite,definite,nonpronomial,nonpronomial,preposition,nonshifted,preverbal
pružio,,Nom,domaćinstvo,tijekom polufinalnog i finalnog natjecanja,1,5,-4,6,1,indefinite,definite,nonpronomial,nonpronomial,preposition,shifted,preverbal
održao,,Acc,prezentaciju,Nakon uvodnog govora gospodina Milana Jevtića iz Zaklade Friedrich Ebert,1,10,-9,2,10,indefinite,definite,nonpronomial,nonpronomial,preposition,nonshifted,preverbal
upoznala,,Gen,ravnatelja škole,nakon toga,2,2,0,2,3,indefinite,indefinite,nonpronomial,nonpronomial,preposition,nonshifted,preverbal
tjeralo,,Acc,svinje,prije utakmice,1,2,-1,1,2,indefinite,indefinite,nonpronomial,nonpronomial,preposition,nonshifted,preverbal
kreira,,Acc,nju,na ključni način,1,3,-2,4,1,indefinite,definite,pronominal,nonpronomial,preposition,shifted,preverbal
nosila,,Nom,Donat,na glavi,1,2,-1,3,1,indefinite,indefinite,nonpronomial,nonpronomial,preposition,shifted,preverbal
porekne,,Acc,isto to,pred istražnim sucem,2,3,-1,1,3,indefinite,definite,nonpronomial,nonpronomial,preposition,nonshifted,preverbal
iskazao,,Acc,se,u svoja skoro dva mandata,1,5,-4,7,2,indefinite,indefinite,pronominal,nonpronomial,preposition,shifted,preverbal
pridonijele,,Dat,dobrom raspoloženju,Osim njih,2,2,0,1,4,definite,indefinite,nonpronomial,pronominal,preposition,nonshifted,preverbal
čekao,,Acc,ga,u polufinalu,1,2,-1,2,3,indefinite,indefinite,pronominal,nonpronomial,preposition,nonshifted,preverbal
drži,,Acc,koje,na okupu,1,2,-1,3,1,indefinite,indefinite,nonpronomial,nonpronomial,preposition,shifted,preverbal
briga,,Acc,koga,Za jadnu dječicu,1,3,-2,1,2,indefinite,definite,pronominal,nonpronomial,preposition,nonshifted,preverbal
ima,,Acc,probleme,s krijumčarenjem,1,2,-1,3,1,indefinite,indefinite,nonpronomial,nonpronomial,preposition,shifted,preverbal
uzeo,,Acc,ga,iz kojega,1,2,-1,2,3,indefinite,indefinite,pronominal,nonpronomial,preposition,nonshifted,preverbal
radili,,Acc,nešto od ovoga,u pubertetu,3,2,1,3,4,indefinite,indefinite,pronominal,nonpronomial,preposition,nonshifted,preverbal
čeka,,,je,U Zagrebu,1,2,-1,4,5,indefinite,indefinite,nonpronomial,nonpronomial,preposition,nonshifted,preverbal
prihvaćaju,,,je,tijekom vremena,1,2,-1,3,1,indefinite,indefinite,nonpronomial,nonpronomial,preposition,shifted,preverbal
nema,,Gen,takve niti bilo kakve drugačije kanonske kazne,U pitanju zalaganja za ili protiv smrtne kazne,7,8,-1,1,16,definite,indefinite,nonpronomial,nonpronomial,preposition,nonshifted,preverbal
okupila,,Acc,se,Na Festivalu,1,2,-1,1,2,indefinite,indefinite,pronominal,nonpronomial,preposition,nonshifted,preverbal
upisala,,Acc,se,pomoću kojih,1,2,-1,1,2,indefinite,indefinite,pronominal,nonpronomial,preposition,nonshifted,preverbal
poziva,,Acc,nas,poput kompjutorske igrice,1,3,-2,6,2,indefinite,definite,pronominal,nonpronomial,preposition,shifted,preverbal
pridružila,,Dat,projektu,Nakon proljetne donacije Grada Velika Gorica od 8 tisuća kuna i instruiranja 102 učenika,1,14,-13,2,15,indefinite,definite,nonpronomial,nonpronomial,preposition,nonshifted,preverbal
sjurio,,Acc,se,s leđa,1,2,-1,8,9,indefinite,indefinite,pronominal,nonpronomial,preposition,nonshifted,preverbal
razilazi,,Acc,se,nakon koncerta u sarajevskoj Skenderiji,1,5,-4,9,7,indefinite,indefinite,pronominal,nonpronomial,preposition,shifted,preverbal
znači,,Nom,Što,za Vas,1,2,-1,3,1,indefinite,indefinite,pronominal,pronominal,preposition,shifted,preverbal
akumulira,,Acc,se,na taj način,1,3,-2,4,1,indefinite,indefinite,pronominal,nonpronomial,preposition,shifted,preverbal
ujedinili,,Acc,se,diljem cijelog svijeta,1,3,-2,5,2,indefinite,definite,pronominal,nonpronomial,preposition,shifted,preverbal
vraća,,Acc,se,u mislima,1,2,-1,4,2,indefinite,indefinite,pronominal,nonpronomial,preposition,shifted,preverbal
osjeća,,Acc,se,u kojemu,1,2,-1,1,2,indefinite,indefinite,pronominal,nonpronomial,preposition,nonshifted,preverbal
održati,,Acc,se,uz podršku članova Brdsko-biciklističkog kluba Krk,1,6,-5,7,5,indefinite,indefinite,pronominal,nonpronomial,preposition,shifted,preverbal
referirao,,Acc,se,u ponedjeljak,1,2,-1,2,3,indefinite,indefinite,pronominal,nonpronomial,preposition,nonshifted,preverbal
brine,,Acc,Suca Kresovića,u istom dopisu,2,3,-1,5,1,indefinite,definite,nonpronomial,nonpronomial,preposition,shifted,preverbal
predstavlja,,Nom,zanimljiv element,Uz sam animirani film,2,4,-2,1,4,indefinite,definite,nonpronomial,nonpronomial,preposition,nonshifted,preverbal
pripadaju,,Dat,nam,po međunarodnim ugovorima i pravilima,1,5,-4,6,3,indefinite,definite,pronominal,nonpronomial,preposition,shifted,preverbal
usmjerile,,Acc,svoj rad,tijekom rata i u poslijeratnom razdoblju,2,6,-4,1,7,indefinite,indefinite,nonpronomial,nonpronomial,preposition,nonshifted,preverbal
priznao,,Acc,Ovaj energetski kontinuum,zbog svog strogog kartezijanizma,3,4,-1,10,5,definite,definite,nonpronomial,nonpronomial,preposition,shifted,preverbal
