Verb,Verb_case,Obj_case,NP,PP,NP_len,PP_len,Len_diff,V_NP_d,V_PP_d,NP_definiteness,PP_definiteness,NP_pronominality,PP_pronominality,ADP,Shift,PrePost
saadab,,Par,teid,teie palve peale koomale võtta,1,5,-4,8,6,indefinite,indefinite,pronominal,nonpronomial,postposition,shifted,preverbal
pekstakse,,Par,kedagi,tema silma all,1,3,-2,1,3,indefinite,indefinite,pronominal,nonpronomial,postposition,nonshifted,preverbal
osta,,Par,aktsiaid,Jagomägede käest,1,2,-1,2,4,indefinite,indefinite,nonpronomial,nonpronomial,postposition,nonshifted,preverbal
võtma,Ill,Par,kogu laenukoormat,enda õlule,2,2,0,5,4,indefinite,indefinite,nonpronomial,pronominal,postposition,shifted,preverbal
lükata,,Nom,artikkel,ühe nädala võrra,1,3,-2,5,3,indefinite,indefinite,nonpronomial,nonpronomial,postposition,shifted,preverbal
tundsid,,Par,huvi,Tallinna sadamapiirkonna vastu,1,3,-2,1,3,indefinite,indefinite,nonpronomial,nonpronomial,postposition,nonshifted,preverbal
toimetas,,Nom,ärakukkunud sõbrad,peo ajal,2,2,0,3,6,indefinite,indefinite,nonpronomial,nonpronomial,postposition,nonshifted,preverbal
peita,,Par,ennast,meie eest,1,2,-1,3,2,indefinite,indefinite,pronominal,pronominal,postposition,shifted,preverbal
nautida,,Par,viimset rahu,kõrgete mändide all,2,3,-1,1,4,indefinite,indefinite,nonpronomial,nonpronomial,postposition,nonshifted,preverbal
tundnud,,Par,nohugi,reisi ajal,1,2,-1,1,3,indefinite,indefinite,nonpronomial,nonpronomial,postposition,nonshifted,preverbal
tunnen,,Par,huvi,ooperi vastu,1,2,-1,1,3,indefinite,indefinite,nonpronomial,nonpronomial,postposition,nonshifted,preverbal
võtta,,Par,sõna,oma põlvkonna nimel,1,3,-2,1,3,indefinite,indefinite,nonpronomial,nonpronomial,postposition,nonshifted,preverbal
tunda,,Par,muret,Nukrameelse lüüriku loomevõime suhtes,1,4,-3,1,3,indefinite,indefinite,nonpronomial,nonpronomial,postposition,nonshifted,preverbal
avaldada,,Par,arvamust,ühiskonna kohta,1,2,-1,1,3,indefinite,indefinite,nonpronomial,nonpronomial,postposition,nonshifted,preverbal
alustati,,Par,kriminaalmenetlust,Itaalia passiga ringi liikuva Sposato suhtes,1,6,-5,1,3,indefinite,indefinite,nonpronomial,nonpronomial,postposition,nonshifted,preverbal
tehtud,,Par,Ametlikku päringut,riigiraudtee erastamise puhul,2,3,-1,10,8,indefinite,indefinite,nonpronomial,nonpronomial,postposition,shifted,preverbal
otsiks,,Par,mind,mingitki moodi,1,2,-1,4,3,indefinite,indefinite,pronominal,pronominal,postposition,shifted,preverbal
otsivad,,Par,mõttekaaslasi,kuulutuste kaudu,1,2,-1,1,3,indefinite,indefinite,nonpronomial,nonpronomial,postposition,nonshifted,preverbal
levitatud,,Par,laimujutte,nende kohta,1,2,-1,1,3,indefinite,indefinite,nonpronomial,pronominal,postposition,nonshifted,preverbal
usaldatud,,Nom,kes,tema hoole alla,1,3,-2,5,3,indefinite,indefinite,pronominal,nonpronomial,postposition,shifted,preverbal
tundnud,,Par,huvi,lapsega kohtumise vastu,1,3,-2,1,3,indefinite,indefinite,nonpronomial,nonpronomial,postposition,nonshifted,preverbal
süüa,,Nom,teater,iga hinna eest,1,3,-2,2,4,indefinite,indefinite,nonpronomial,nonpronomial,postposition,nonshifted,preverbal
küsida,,Par,nõu,eriaalaarsti käest,1,2,-1,1,3,indefinite,indefinite,nonpronomial,nonpronomial,postposition,nonshifted,preverbal
pakkuma,Ill,Par,oma tooteid,ka terviseportaali kaudu,2,3,-1,1,4,indefinite,indefinite,nonpronomial,nonpronomial,postposition,nonshifted,preverbal
kaitsta,,Par,meid,kokkupõrke eest,1,2,-1,3,2,indefinite,indefinite,pronominal,nonpronomial,postposition,shifted,preverbal
teed,,Par,seda,telekaamera ees,1,2,-1,3,2,indefinite,indefinite,pronominal,nonpronomial,postposition,shifted,preverbal
lubavad,,Par,kopsakaid hangesid,ka 50 aasta pärast,2,4,-2,1,4,indefinite,indefinite,nonpronomial,nonpronomial,postposition,nonshifted,preverbal
soojendada,,Nom,need,sooja plekkahju vastas,1,3,-2,5,3,indefinite,indefinite,pronominal,nonpronomial,postposition,shifted,preverbal
kostitama,Ill,Par,oma varasemat lemmikut ning kaitsealust,kanakarja kombel,5,2,3,4,8,indefinite,indefinite,nonpronomial,nonpronomial,postposition,nonshifted,preverbal
ütles,,Par,mida,selle peale,1,2,-1,3,2,indefinite,indefinite,pronominal,pronominal,postposition,shifted,preverbal
tõmbama,Ill,Par,põlvi,lõua alla,1,2,-1,4,3,indefinite,indefinite,nonpronomial,nonpronomial,postposition,shifted,preverbal
aetud,,Nom,kelle rinnad ja istmikud,korsetiliste abinõude varal,4,3,1,8,4,indefinite,indefinite,nonpronomial,nonpronomial,postposition,shifted,preverbal
toimetavad,,Par,seda paljastamist ja piitsutamist,naiste kallal,4,2,2,5,2,indefinite,indefinite,nonpronomial,nonpronomial,postposition,shifted,preverbal
loopima,Ill,Par,kroone-dollareid,tantsijate seas,1,2,-1,4,3,indefinite,indefinite,nonpronomial,nonpronomial,postposition,shifted,preverbal
keelata,,Nom,mis,minu arust,1,2,-1,5,4,indefinite,indefinite,pronominal,pronominal,postposition,shifted,preverbal
korrigeerides,,Gen,peegli te kuju,vaatluse kestel,3,2,1,4,3,indefinite,indefinite,nonpronomial,nonpronomial,postposition,shifted,preverbal
katsetada,,Par,ravivõtteid,nende loomade peal,1,3,-2,4,2,indefinite,indefinite,nonpronomial,nonpronomial,postposition,shifted,preverbal
teha,,Par,sedasama,Inimeste peal,1,2,-1,1,3,indefinite,indefinite,nonpronomial,nonpronomial,postposition,nonshifted,preverbal
aetud,,Nom,loe hingamispeetuse ajal on ka suhkrutase veres,kõri kallale tunginud vaenlasega võitlemise käigus,7,6,1,3,13,indefinite,indefinite,nonpronomial,nonpronomial,postposition,nonshifted,preverbal
võtab,,Par,ligikaudu 80 meetrit,enda alla,3,2,1,3,2,indefinite,indefinite,nonpronomial,pronominal,postposition,shifted,preverbal
omandanud,,Gen,selle oskuse,elu jooksul,2,2,0,3,2,indefinite,indefinite,nonpronomial,nonpronomial,postposition,shifted,preverbal
tekitanud,,Par,suurt huvi ja hämmastust,turistide seas,4,2,2,3,6,indefinite,indefinite,nonpronomial,nonpronomial,postposition,nonshifted,preverbal
näinud,,Par,kapitaalsemat remonti,viimase kümne aasta jooksul,2,4,-2,1,4,indefinite,indefinite,nonpronomial,nonpronomial,postposition,nonshifted,preverbal
peetakse,,Par,mida,õppesuuna all,1,2,-1,6,4,indefinite,indefinite,pronominal,nonpronomial,postposition,shifted,preverbal
asusid,,Par,seda,60. aasta paiku,1,3,-2,4,2,indefinite,indefinite,pronominal,nonpronomial,postposition,shifted,preverbal
võtta,,Nom,suured alad,enda kontrolli alla,2,3,-1,4,2,indefinite,indefinite,nonpronomial,nonpronomial,postposition,shifted,preverbal
varustab,,Par,end,kindla peale,1,2,-1,3,2,indefinite,indefinite,pronominal,nonpronomial,postposition,shifted,preverbal
kasutada,,Par,seda teed,ilmastikutingimuste tõttu,2,2,0,3,2,indefinite,indefinite,nonpronomial,nonpronomial,postposition,shifted,preverbal
pidamast,Ela,Par,üht inimest,tema võimaluste tõttu,2,3,-1,8,6,indefinite,indefinite,nonpronomial,nonpronomial,postposition,shifted,preverbal
saada,,Par,õnnetoovat kirja,teatud aja jooksul,2,3,-1,9,7,indefinite,indefinite,nonpronomial,nonpronomial,postposition,shifted,preverbal
jagatakse,,Nom,hääled,poliitikute vahel,1,2,-1,3,2,indefinite,indefinite,nonpronomial,nonpronomial,postposition,shifted,preverbal
vahetanud,,Nom,need,hiigelkasumite vastu,1,2,-1,3,2,indefinite,indefinite,pronominal,nonpronomial,postposition,shifted,preverbal
rääkida,,Par,midagi,ettevõtte kaupa,1,2,-1,1,3,indefinite,indefinite,pronominal,nonpronomial,postposition,nonshifted,preverbal
kaubelda,,Par,konkurentidega võrreldes soodsamaid tingimusi,pististe abil,4,2,2,2,7,indefinite,indefinite,nonpronomial,nonpronomial,postposition,nonshifted,preverbal
edastada,,Par,teavet,soovitud piirkonna kohta,1,3,-2,1,3,indefinite,indefinite,nonpronomial,nonpronomial,postposition,nonshifted,preverbal
teha,,Par,tööd,enda kallal,1,2,-1,1,3,indefinite,indefinite,nonpronomial,pronominal,postposition,nonshifted,preverbal
kinnitati,,Nom,Kaja Tael,aasta tagasi,2,2,0,6,4,indefinite,indefinite,nonpronomial,nonpronomial,postposition,shifted,preverbal
arvatud,,Nom,ta,eestlaste seast,1,2,-1,4,3,indefinite,indefinite,pronominal,nonpronomial,postposition,shifted,preverbal
leidis,,Par,aset,Molotovi-Ribbentropi pakti pärast,1,3,-2,1,3,indefinite,indefinite,nonpronomial,nonpronomial,postposition,nonshifted,preverbal
valitud,,Par,firma,telefoni teel,1,2,-1,2,4,indefinite,indefinite,nonpronomial,nonpronomial,postposition,nonshifted,preverbal
hoida,,Par,piima varumishinda,kolme krooni peal,2,3,-1,4,2,indefinite,indefinite,nonpronomial,nonpronomial,postposition,shifted,preverbal
pidada,,Par,kõnealuseid maid,laenu abil,2,2,0,3,2,indefinite,indefinite,nonpronomial,nonpronomial,postposition,shifted,preverbal
püstitanud,,Par,hoonet,tööde kalliduse tõttu,1,3,-2,1,3,indefinite,indefinite,nonpronomial,nonpronomial,postposition,nonshifted,preverbal
hoida,,Par,võimu,enda käes,1,2,-1,3,2,indefinite,indefinite,nonpronomial,pronominal,postposition,shifted,preverbal
otsustada,,Nom,kõik,meie eest,1,2,-1,2,4,indefinite,indefinite,pronominal,pronominal,postposition,nonshifted,preverbal
rakendada,,Par,neid,liitumise järel,1,2,-1,6,5,indefinite,indefinite,pronominal,nonpronomial,postposition,shifted,preverbal
kinkida,,Gen,kodakondsuse,eriliste teenete eest,1,3,-2,1,3,indefinite,indefinite,nonpronomial,nonpronomial,postposition,nonshifted,preverbal
pööras,,Gen,maareformi kogu senise mõtte,pea peale,4,2,2,3,2,indefinite,indefinite,nonpronomial,nonpronomial,postposition,shifted,preverbal
teha,,Par,tööd,kooli kõrvalt,1,2,-1,1,3,indefinite,indefinite,nonpronomial,nonpronomial,postposition,nonshifted,preverbal
korraldada,,Par,midagi,külarahva heaks,1,2,-1,3,2,indefinite,indefinite,pronominal,nonpronomial,postposition,shifted,preverbal
õnnitleb,,Par,sind,lehekülje puhul,1,2,-1,3,2,indefinite,indefinite,pronominal,nonpronomial,postposition,shifted,preverbal
kuivatades,,Par,käsi,tule kohal,1,2,-1,1,3,indefinite,indefinite,nonpronomial,nonpronomial,postposition,nonshifted,preverbal
valimas,Ine,Par,kutsikaid,Scotland Yardi jaoks,1,3,-2,1,4,indefinite,indefinite,nonpronomial,nonpronomial,postposition,nonshifted,preverbal
kergitama,Ill,Par,mütsi,õuna ees,1,2,-1,1,3,indefinite,indefinite,nonpronomial,nonpronomial,postposition,nonshifted,preverbal
viia,,Par,veine,enda nime all Denominación de Origen DO,1,7,-6,2,11,indefinite,indefinite,nonpronomial,nonpronomial,postposition,nonshifted,preverbal
kasutada,,Par,mida,kirjude seinte ja suure peegli tõttu,1,6,-5,9,7,indefinite,indefinite,pronominal,nonpronomial,postposition,shifted,preverbal
tunnevad,,Par,kiindumust,steppimise vastu,1,2,-1,1,3,indefinite,indefinite,nonpronomial,nonpronomial,postposition,nonshifted,preverbal
rammis,,Par,puud,Tabasalu lähedal,1,2,-1,1,3,indefinite,indefinite,nonpronomial,nonpronomial,postposition,nonshifted,preverbal
võtnud,,Gen,uurija,teisitimõtlemise ja -otsustamise pärast,1,4,-3,6,5,indefinite,indefinite,nonpronomial,nonpronomial,postposition,shifted,preverbal
saadetud,,Par,kedagi,minu pärast,1,2,-1,3,5,indefinite,indefinite,pronominal,pronominal,postposition,nonshifted,preverbal
vahetas,,Par,värvi,kolme aasta jooksul,1,3,-2,1,3,indefinite,indefinite,nonpronomial,nonpronomial,postposition,nonshifted,preverbal
rakendata,,Par,kõrgemaid karistusmäärasid,nende suhtes,2,2,0,5,4,indefinite,indefinite,nonpronomial,pronominal,postposition,shifted,preverbal
tekitanud,,Par,skandaale,segaste rahatehingute tõttu,1,3,-2,1,3,indefinite,indefinite,nonpronomial,nonpronomial,postposition,nonshifted,preverbal
vahetada,,Par,39 Liikori bussi,uuemate vastu,3,2,1,3,2,indefinite,indefinite,nonpronomial,nonpronomial,postposition,shifted,preverbal
kaitsma,Ill,Par,inimest,nii viiruste kui bakterite eest,1,5,-4,6,4,indefinite,indefinite,nonpronomial,nonpronomial,postposition,shifted,preverbal
remontis,,Gen,Tartu Raekoja kella,viis aastat tagasi,3,3,0,1,5,indefinite,indefinite,nonpronomial,nonpronomial,postposition,nonshifted,preverbal
maksnud,,Par,üüri,trükikoja majja võtmise eest,1,4,-3,1,3,indefinite,indefinite,nonpronomial,nonpronomial,postposition,nonshifted,preverbal
leidis,,Par,aset,praktiliselt kõigi NSV Liidust lahkuvate naabrite juures,1,7,-6,1,3,indefinite,indefinite,nonpronomial,nonpronomial,postposition,nonshifted,preverbal
veab,,Par,ühiskonda,enda järel,1,2,-1,3,2,indefinite,indefinite,nonpronomial,pronominal,postposition,shifted,preverbal
veeretada,,Par,probleemi,teise kaela,1,2,-1,3,2,indefinite,indefinite,nonpronomial,pronominal,postposition,shifted,preverbal
seada,,Par,seda,kahtluse alla,1,2,-1,3,2,indefinite,indefinite,pronominal,nonpronomial,postposition,shifted,preverbal
võtta,,Par,vastutust,enda peale,1,2,-1,3,2,indefinite,indefinite,nonpronomial,pronominal,postposition,shifted,preverbal
kirjutada,,Gen,seeria,laulude põhjal,1,2,-1,1,3,indefinite,indefinite,nonpronomial,nonpronomial,postposition,nonshifted,preverbal
võtta,,Nom,olukord,kontrolli alla,1,2,-1,3,2,indefinite,indefinite,nonpronomial,nonpronomial,postposition,shifted,preverbal
pidanud,,Par,nõu,kinniste uste taga,1,3,-2,1,3,indefinite,indefinite,nonpronomial,nonpronomial,postposition,nonshifted,preverbal
kuulates,,Par,tunnistusi,Diana ja Dodi Fayedi surma asjaolude kohta,1,7,-6,1,3,indefinite,indefinite,nonpronomial,nonpronomial,postposition,nonshifted,preverbal
hoida,,Par,teda,oma käte vahel,1,3,-2,4,2,indefinite,indefinite,pronominal,nonpronomial,postposition,shifted,preverbal
valis,,Gen,kelle,televaatajate esitatud ligi 300 kandidaadi seast,1,6,-5,7,2,indefinite,indefinite,pronominal,nonpronomial,postposition,shifted,preverbal
nõudnud,,Par,piletiraha,Laura puudumise tõttu,1,3,-2,2,4,indefinite,indefinite,nonpronomial,nonpronomial,postposition,nonshifted,preverbal
sokutanud,,Nom,ameeriklased,riigi etteotsa,1,2,-1,3,2,indefinite,indefinite,nonpronomial,nonpronomial,postposition,shifted,preverbal
teha,,Par,riskantseid katseid,soovi korral,2,2,0,1,4,indefinite,indefinite,nonpronomial,nonpronomial,postposition,nonshifted,preverbal
lõi,,Par,lamenti,hiigelarve pärast,1,2,-1,1,3,indefinite,indefinite,nonpronomial,nonpronomial,postposition,nonshifted,preverbal
kutsuma,Ill,Par,mida,kauge allusiooni põhjal,1,3,-2,5,3,indefinite,indefinite,pronominal,nonpronomial,postposition,shifted,preverbal
otsima,Ill,Par,kedagi kolmandat,rahva soosikute Lennart Meri ja Arnold Rüütli kõrvale,2,8,-6,1,9,indefinite,indefinite,nonpronomial,nonpronomial,postposition,nonshifted,preverbal
liigutatud,,Nom,klaver,viie noore mehe jõul,1,4,-3,6,3,indefinite,indefinite,nonpronomial,nonpronomial,postposition,shifted,preverbal
püüdmas,Ine,Par,kala,järve ääres,1,2,-1,1,3,indefinite,indefinite,nonpronomial,nonpronomial,postposition,nonshifted,preverbal
surudes,,Par,valkjaspunaselt hõõguvat söetükki,pöidla ja nimetissõrme varal,3,4,-1,6,5,indefinite,indefinite,nonpronomial,nonpronomial,postposition,shifted,preverbal
ootas,,Par,mind,nurga taga,1,2,-1,3,2,indefinite,indefinite,pronominal,nonpronomial,postposition,shifted,preverbal
fikseerinud,,Par,mind,prillide järgi,1,2,-1,3,2,indefinite,indefinite,pronominal,nonpronomial,postposition,shifted,preverbal
masseerida,,Par,mõlemat isuäratavat tippu,pöidla ja pikk-peetri abil,3,4,-1,2,8,indefinite,indefinite,nonpronomial,nonpronomial,postposition,nonshifted,preverbal
korraldatud,,Nom,elu,aastate eest,1,2,-1,3,2,indefinite,indefinite,nonpronomial,nonpronomial,postposition,shifted,preverbal
sõnada,,Par,midagi,selle peale,1,2,-1,1,3,indefinite,indefinite,pronominal,pronominal,postposition,nonshifted,preverbal
mõista,,Par,kohut,minu üle,1,2,-1,1,3,indefinite,indefinite,nonpronomial,pronominal,postposition,nonshifted,preverbal
topiti,,Nom,ta,Moskva poolt,1,2,-1,9,8,indefinite,indefinite,pronominal,nonpronomial,postposition,shifted,preverbal
kaitsma,Ill,Par,mind,tema eest,1,2,-1,3,2,indefinite,indefinite,pronominal,pronominal,postposition,shifted,preverbal
lõksutab,,Par,kihvu,minu poole,1,2,-1,3,2,indefinite,indefinite,nonpronomial,pronominal,postposition,shifted,preverbal
kanda,,Par,hoolt,enese eest,1,2,-1,1,3,indefinite,indefinite,nonpronomial,pronominal,postposition,nonshifted,preverbal
kiidetud,,Nom,sa,selle eest,1,2,-1,3,2,indefinite,indefinite,pronominal,pronominal,postposition,shifted,preverbal
jätaksime,,Gen,oma püha eesmärgi,une ja kõhutäie pärast,3,4,-1,6,5,indefinite,indefinite,nonpronomial,nonpronomial,postposition,shifted,preverbal
pöörata,,Par,selga,tuule poole,1,2,-1,1,3,indefinite,indefinite,nonpronomial,nonpronomial,postposition,nonshifted,preverbal
sain,,Par,midagi,hamba alla,1,2,-1,3,2,indefinite,indefinite,pronominal,nonpronomial,postposition,shifted,preverbal
katkestama,Ill,Gen,oma teekonna,sinu viletsa elaja pärast,2,4,-2,1,7,indefinite,indefinite,nonpronomial,pronominal,postposition,nonshifted,preverbal
teen,,Par,seda,Jumala eest,1,2,-1,2,5,indefinite,indefinite,pronominal,nonpronomial,postposition,nonshifted,preverbal
keeranud,,Gen,vähemalt 1000 vatise pirni,tavalise pisikese lambikese asemele,4,4,0,1,6,indefinite,indefinite,nonpronomial,nonpronomial,postposition,nonshifted,preverbal
kuulsin,,Par,hääli,ukse taga,1,2,-1,1,3,indefinite,indefinite,nonpronomial,nonpronomial,postposition,nonshifted,preverbal
korjanud,,Nom,oma riided,voodite vahelt,2,2,0,2,5,indefinite,indefinite,nonpronomial,nonpronomial,postposition,nonshifted,preverbal
ajada,,Gen,hirmu,naha vahele,1,2,-1,3,2,indefinite,indefinite,nonpronomial,nonpronomial,postposition,shifted,preverbal
tõmmata,,Nom,kardin,hotelliakna eest,1,2,-1,3,2,indefinite,indefinite,nonpronomial,nonpronomial,postposition,shifted,preverbal
andsin,,Gen,niisuguse tagasihoidliku summa,mulle osutatud teenuse eest,3,4,-1,5,2,indefinite,indefinite,nonpronomial,nonpronomial,postposition,shifted,preverbal
otsida,,Par,kaitset,tema juurest,1,2,-1,1,3,indefinite,indefinite,nonpronomial,pronominal,postposition,nonshifted,preverbal
võtma,Ill,Par,Neljandat koos tibudega,kaitse alla,3,2,1,5,2,indefinite,indefinite,nonpronomial,nonpronomial,postposition,shifted,preverbal
haarama,Ill,Gen,iga pala,lõugade vahele,2,2,0,3,2,indefinite,indefinite,nonpronomial,nonpronomial,postposition,shifted,preverbal
sisendama,Ill,Par,elamise tarvidust,terava noka abil,2,3,-1,2,5,indefinite,indefinite,nonpronomial,nonpronomial,postposition,nonshifted,preverbal
viidi,,Nom,ta,teiste hulka,1,2,-1,4,3,indefinite,indefinite,pronominal,pronominal,postposition,shifted,preverbal
päästnud,,Gen,ta,õigusemõistjate käest,1,2,-1,3,2,indefinite,indefinite,pronominal,nonpronomial,postposition,shifted,preverbal
hoida,,Par,huvi,tema vastu,1,2,-1,4,3,indefinite,indefinite,nonpronomial,pronominal,postposition,shifted,preverbal
tirisid,,Par,vasikat,lehma seest,1,2,-1,4,3,indefinite,indefinite,nonpronomial,nonpronomial,postposition,shifted,preverbal
laduma,Ill,Nom,terad,enda seest,1,2,-1,5,4,indefinite,indefinite,nonpronomial,pronominal,postposition,shifted,preverbal
surudes,,Par,kätt,pikka kasvu mehe kaenla alt,1,5,-4,2,4,indefinite,indefinite,nonpronomial,nonpronomial,postposition,nonshifted,preverbal
jätta,,Par,kõike,päeva pealt,1,2,-1,1,3,indefinite,indefinite,pronominal,nonpronomial,postposition,nonshifted,preverbal
varjates,,Par,nägu,tibutava vihma eest,1,3,-2,1,3,indefinite,indefinite,nonpronomial,nonpronomial,postposition,nonshifted,preverbal
surus,,Par,ennast,tema vastu,1,2,-1,4,3,indefinite,indefinite,pronominal,pronominal,postposition,shifted,preverbal
öelda,,Par,mitte midagi põhjapanevat,toimuva kohta,3,2,1,2,5,indefinite,indefinite,pronominal,nonpronomial,postposition,nonshifted,preverbal
pannud,,Gen,oma jutustuse,paberi peale,2,2,0,3,2,indefinite,indefinite,nonpronomial,nonpronomial,postposition,shifted,preverbal
kontrollida,,Par,liiklejate andmeid,Interneti kaudu,2,2,0,1,4,indefinite,indefinite,nonpronomial,nonpronomial,postposition,nonshifted,preverbal
töötati,,Nom,mis,süsteemi loomise käigus,1,3,-2,5,3,indefinite,indefinite,pronominal,nonpronomial,postposition,shifted,preverbal
tuntakse,,Par,mida,arvutikasutajate seas,1,2,-1,3,2,indefinite,indefinite,pronominal,nonpronomial,postposition,shifted,preverbal
teha,,Par,Informatsiooni salvestamist või kustutamist,üksikute mällu talletatud bittide baitide või mälusõnade kaupa,4,8,-4,12,6,indefinite,indefinite,nonpronomial,nonpronomial,postposition,shifted,preverbal
viia,,Nom,saadud teadmine,korrastamise ja struktureerimise abil,2,4,-2,5,4,indefinite,indefinite,nonpronomial,nonpronomial,postposition,shifted,preverbal
leida,,Par,vastust,andmekaevandamise abil,1,2,-1,1,3,indefinite,indefinite,nonpronomial,nonpronomial,postposition,nonshifted,preverbal
eraldatud,,Nom,õppesisu,mille puhul,1,2,-1,3,5,indefinite,indefinite,nonpronomial,pronominal,postposition,nonshifted,preverbal
lahendama,Ill,Par,taolist probleemi,arvuti abil,2,2,0,1,4,indefinite,indefinite,nonpronomial,nonpronomial,postposition,nonshifted,preverbal
vahetama,Ill,Par,mõtteid,vastava meetodi üle,1,3,-2,1,3,indefinite,indefinite,nonpronomial,nonpronomial,postposition,nonshifted,preverbal
tunneb,,Par,huvi,graafiteooria vastu,1,2,-1,1,3,indefinite,indefinite,nonpronomial,nonpronomial,postposition,nonshifted,preverbal
diagnoositud,,Nom,eosinofiilne gastroenteriit,37 aasta jooksul s.t aastatel 1950-1987,2,6,-4,1,9,indefinite,indefinite,nonpronomial,nonpronomial,postposition,nonshifted,preverbal
ajendavad,,Par,inimese tegutsemist,mille kohaselt,2,2,0,1,4,indefinite,indefinite,nonpronomial,pronominal,postposition,nonshifted,preverbal
öelda,,Par,midagi täpsemat,selle hinnangulise näitaja kohta,2,4,-2,2,4,indefinite,indefinite,pronominal,nonpronomial,postposition,nonshifted,preverbal
maksta,,Par,palka,tühjalt istutud töötundide eest,1,4,-3,2,4,indefinite,indefinite,nonpronomial,nonpronomial,postposition,nonshifted,preverbal
leida,,Par,kogu materjali,soovi korral,2,2,0,3,6,indefinite,indefinite,nonpronomial,nonpronomial,postposition,nonshifted,preverbal
arvama,Ill,Par,tedagi,nende perifeeria kentauride hulka,1,4,-3,5,2,indefinite,indefinite,pronominal,nonpronomial,postposition,shifted,preverbal
põhjusta,,Par,detekteerimise läve ületavaid häireid,tsentraaltähe juures,4,2,2,2,7,indefinite,indefinite,nonpronomial,nonpronomial,postposition,nonshifted,preverbal
saada,,Par,faktilist kinnitust,nende olemasolu kohta,2,3,-1,1,4,indefinite,indefinite,nonpronomial,nonpronomial,postposition,nonshifted,preverbal
võtma,Ill,Par,täisajatööd,2 nädala jooksul,1,3,-2,2,4,indefinite,indefinite,nonpronomial,nonpronomial,postposition,nonshifted,preverbal
määratud,,Nom,palgad,ametiühingute poolt,1,2,-1,4,3,indefinite,indefinite,nonpronomial,nonpronomial,postposition,shifted,preverbal
vii,,Par,seda,võõra platsi peale,1,3,-2,5,3,indefinite,indefinite,pronominal,nonpronomial,postposition,shifted,preverbal
tehakse,,Nom,mis,mõlema puhul,1,2,-1,3,2,indefinite,indefinite,pronominal,pronominal,postposition,shifted,preverbal
tähistama,Ill,Par,nääri,jõulude asemel,1,2,-1,2,4,indefinite,indefinite,nonpronomial,nonpronomial,postposition,nonshifted,preverbal
pani,,Gen,selle narusmaili,selle pärast,2,2,0,3,2,indefinite,indefinite,nonpronomial,pronominal,postposition,shifted,preverbal
vahetada,,Par,teda,millegi vastu,1,2,-1,3,2,indefinite,indefinite,pronominal,pronominal,postposition,shifted,preverbal
täidetud,,Nom,riigikassa,maksude näol,1,2,-1,3,2,indefinite,indefinite,nonpronomial,nonpronomial,postposition,shifted,preverbal
kogutud,,Nom,mis,töötamise ajal,1,2,-1,4,3,indefinite,indefinite,pronominal,nonpronomial,postposition,shifted,preverbal
õmmelda,,Nom,A täht,rinna peale,2,2,0,3,2,indefinite,indefinite,nonpronomial,nonpronomial,postposition,shifted,preverbal
tutvustatud,,Par,meid,minu arust,1,2,-1,1,3,indefinite,indefinite,pronominal,pronominal,postposition,nonshifted,preverbal
mõelda,,Par,mida,paastu all,1,2,-1,3,2,indefinite,indefinite,pronominal,nonpronomial,postposition,shifted,preverbal
pumbata,,Par,raha,ühe mehe käest,1,3,-2,2,4,indefinite,indefinite,nonpronomial,nonpronomial,postposition,nonshifted,preverbal
pakkusingi,,Gen,selle kandi,selle pärast,2,2,0,3,2,indefinite,indefinite,nonpronomial,pronominal,postposition,shifted,preverbal
leppida,,Nom,see Viimsi muuseumi külastus,mille kaudu,4,2,2,2,7,indefinite,indefinite,nonpronomial,pronominal,postposition,nonshifted,preverbal
tapeti,,Nom,kes,usu ja Jeesuse nime pärast,1,5,-4,6,5,indefinite,indefinite,pronominal,nonpronomial,postposition,shifted,preverbal
saada,,Nom,olukord,kontrolli alla,1,2,-1,3,2,indefinite,indefinite,nonpronomial,nonpronomial,postposition,shifted,preverbal
