Verb,Verb_case,Obj_case,NP,PP,NP_len,PP_len,Len_diff,V_NP_d,V_PP_d,NP_definiteness,PP_definiteness,NP_pronominality,PP_pronominality,ADP,Shift,PrePost
bhronn,,NomAcc,Corn Cuimhneacháin Hiúdaí Bhig,ar an chomórtas,4,3,1,8,14,indefinite,definite,nonpronomial,nonpronomial,preposition,nonshifted,postverbal
Tugadh,,,muid,ar phríomhfhoirgneamh poiblí an Ionaid,1,5,-4,7,3,indefinite,definite,pronominal,nonpronomial,preposition,shifted,postverbal
thug,,NomAcc,Ihab,lena chuid Araibise blasta agus Pól as Gaeilge,1,8,-7,1,4,indefinite,indefinite,nonpronomial,nonpronomial,preposition,nonshifted,postverbal
Bronnfar,,,é,ar an Chnuasach Gearrscéalta nó an dráma is fearr,1,9,-8,1,4,indefinite,definite,pronominal,nonpronomial,preposition,nonshifted,postverbal
mbaineann,,NomAcc,pléisiúr agus lúcháir,ach amháin as briathra agus gníomhartha sárnaofa an Tiarna,3,9,-6,1,7,indefinite,indefinite,nonpronomial,nonpronomial,preposition,nonshifted,postverbal
fágann,,NomAcc,an croí,trí artairí,2,2,0,4,6,definite,indefinite,nonpronomial,nonpronomial,preposition,nonshifted,postverbal
gcuirtear,,NomAcc,obair,i gcrích,1,2,-1,1,3,indefinite,indefinite,nonpronomial,nonpronomial,preposition,nonshifted,postverbal
mheasctar,,NomAcc,dhá dhath phríomhúla,le chéile,3,2,1,2,5,indefinite,indefinite,nonpronomial,nonpronomial,preposition,nonshifted,postverbal
Tugann,,NomAcc,léiriú,ar a gcaidreamh lena chéile agus le muintir Kennedy Marilyn Monroe Sam Giancano Judith Cambell agus an FBI,1,18,-17,4,7,indefinite,indefinite,nonpronomial,nonpronomial,preposition,nonshifted,postverbal
phléigh,,NomAcc,domhan saibhir an iarnua-aimsearachais,mar mhodh machnaimh,4,3,1,2,7,indefinite,indefinite,nonpronomial,nonpronomial,preposition,nonshifted,postverbal
thug,,NomAcc,imní faoin taobh dorcha den réasúnachas nua-aimseartha,faoi deara,7,2,5,5,3,definite,indefinite,nonpronomial,nonpronomial,preposition,shifted,postverbal
tharraing,,NomAcc,ceangal díreach,idir an teas agus an chumha,2,6,-4,2,6,indefinite,definite,nonpronomial,nonpronomial,preposition,nonshifted,postverbal
úsáideann,,NomAcc,an briathar fuaraigh,le trácht ar chumha a bheadh ag trá de réir a chéile i ndiaidh duine a gheobhadh bás,3,18,-15,3,8,definite,indefinite,nonpronomial,nonpronomial,preposition,nonshifted,postverbal
deonadh,,NomAcc,paitinn Bhriotáineach,don chumadóireacht a héilítear san áireamhacht,2,6,-4,1,4,indefinite,indefinite,nonpronomial,nonpronomial,preposition,nonshifted,postverbal
rinne,,NomAcc,casaoid ghéar,leis an Ghearmáin,2,3,-1,2,6,indefinite,definite,nonpronomial,nonpronomial,preposition,nonshifted,postverbal
chastar,,,iad,ar a chéile,1,3,-2,4,3,indefinite,indefinite,pronominal,nonpronomial,preposition,shifted,postverbal
fágadh,,NomAcc,an baile a raibh Córa ar scoil ann,ina luaith,8,2,6,4,2,definite,indefinite,nonpronomial,nonpronomial,preposition,shifted,postverbal
fhoilsigh,,NomAcc,aistriúchán Breatnaise,ar chuid dá shaothar,2,4,-2,3,6,indefinite,indefinite,nonpronomial,nonpronomial,preposition,nonshifted,postverbal
phléifí,,NomAcc,gach reachtaíocht,maidir le ginmhilleadh,2,3,-1,2,5,definite,indefinite,nonpronomial,nonpronomial,preposition,nonshifted,postverbal
thug,,NomAcc,cead a chinn,do Mheiriceá,3,2,1,2,6,indefinite,indefinite,nonpronomial,nonpronomial,preposition,nonshifted,postverbal
Chaith,,NomAcc,cúpla bliain,ina chónaí ar an oileán,2,5,-3,2,5,indefinite,definite,nonpronomial,nonpronomial,preposition,nonshifted,postverbal
Tugadh,,,3-2,i bhfabhar Lubulwa,1,3,-2,3,5,indefinite,indefinite,nonpronomial,nonpronomial,preposition,nonshifted,postverbal
gcuireadh,,NomAcc,an Cadhan Mór,thar maoil,3,2,1,2,5,definite,indefinite,nonpronomial,nonpronomial,preposition,nonshifted,postverbal
thug,,NomAcc,easpa tuisceana,ar an saol le fios,2,5,-3,1,5,indefinite,definite,nonpronomial,nonpronomial,preposition,nonshifted,postverbal
dhéanfadh,,NomAcc,freastal,ar phobal leathan ilbhéascnach,1,4,-3,1,3,indefinite,indefinite,nonpronomial,nonpronomial,preposition,nonshifted,postverbal
doirteadh,,NomAcc,barraíocht fola,ar bhealach an bhua,2,4,-2,1,4,indefinite,definite,nonpronomial,nonpronomial,preposition,nonshifted,postverbal
déanann,,NomAcc,comparáid,idir an muileata deartha ar an gcloch i mBrú na Bóinne agus an muileata atá mar dhearadh coitianta i ngeansaí Árann,1,21,-20,4,7,indefinite,definite,nonpronomial,nonpronomial,preposition,nonshifted,postverbal
bhfuair,,NomAcc,aon locht,ar an tuairim sin,2,4,-2,4,7,indefinite,definite,nonpronomial,nonpronomial,preposition,nonshifted,postverbal
chonaic,,,é déanta i ndiaidh an ridire uasail úd Marcais Mhantua,sa leabhar,10,2,8,4,3,indefinite,indefinite,pronominal,nonpronomial,preposition,shifted,postverbal
chothaíonn,,NomAcc,na hóga,tar éis a mbreithe,2,4,-2,4,8,definite,indefinite,nonpronomial,nonpronomial,preposition,nonshifted,postverbal
tugadh,,NomAcc,an liathróid,do na cúil,2,3,-1,2,5,definite,definite,nonpronomial,nonpronomial,preposition,nonshifted,postverbal
Bhunaigh,,NomAcc,an iris Mahogany Gaspipe,i 1980,4,2,2,3,7,definite,indefinite,nonpronomial,nonpronomial,preposition,nonshifted,postverbal
roinneadh,,NomAcc,duais IRP96,idir cheathrar buaiteoirí,2,3,-1,1,4,indefinite,indefinite,nonpronomial,nonpronomial,preposition,nonshifted,postverbal
thabharfar,,NomAcc,liúntas de bhua an fho-ailt seo,i leith aon chaiteachais chaipitiúil a thabhaítear ar fhoirgniú nó ar athfheistiú áitribh cháilithigh ach amháin a mhéid a thabhaítear an caiteachas sin sa tréimhse cháilitheach,6,26,-20,1,8,indefinite,indefinite,nonpronomial,nonpronomial,preposition,nonshifted,postverbal
Thug,,NomAcc,deis,do dhaoine nach ndearna scannán riamh cheana,1,7,-6,4,6,indefinite,indefinite,nonpronomial,nonpronomial,preposition,nonshifted,postverbal
dtabharfaidh,,NomAcc,an leabhar,do Mháire,2,2,0,4,6,definite,indefinite,nonpronomial,nonpronomial,preposition,nonshifted,postverbal
Casadh,,NomAcc,eochair,i nglas a raibh meirg na mblianta air dar leat ón díoscán gránna a rinne sé,1,16,-15,1,3,indefinite,indefinite,nonpronomial,nonpronomial,preposition,nonshifted,postverbal
Faightear,,NomAcc,fuinneamh na gréine,ón ngrian,3,2,1,1,5,definite,indefinite,nonpronomial,nonpronomial,preposition,nonshifted,postverbal
tógadh,,NomAcc,na scadáin,ar bord,2,2,0,2,4,definite,indefinite,nonpronomial,nonpronomial,preposition,nonshifted,postverbal
gcaithfidh,,NomAcc,an Geimhreadh,sa chontae,2,2,0,3,5,definite,indefinite,nonpronomial,nonpronomial,preposition,nonshifted,postverbal
fágadh,,NomAcc,na Gaeil,gan cumhacht pholaitiúil ná eacnamaíoch,2,5,-3,2,4,definite,indefinite,nonpronomial,nonpronomial,preposition,nonshifted,postverbal
déan,,NomAcc,comparáid,idir an iontógáil fuinnimh iomlán agus an iontógáil atá molta i dTábla 1.4,1,13,-12,1,4,indefinite,definite,nonpronomial,nonpronomial,preposition,nonshifted,postverbal
ndéanfaidh,,NomAcc,trócaire,ar bheirt acu,1,3,-2,2,4,indefinite,indefinite,nonpronomial,nonpronomial,preposition,nonshifted,postverbal
Athraíonn,,NomAcc,an leictreachas,ó voltas íseal go voltas ard,2,6,-4,4,6,definite,indefinite,nonpronomial,nonpronomial,preposition,nonshifted,postverbal
Fágann,,NomAcc,na daltaí crom,os cionn a gcuid foghlama,3,5,-2,3,8,definite,indefinite,nonpronomial,nonpronomial,preposition,nonshifted,postverbal
dúirt,,,é,ar television,1,2,-1,4,3,indefinite,indefinite,pronominal,nonpronomial,preposition,shifted,postverbal
tugtar,,NomAcc,a leithéid,faoi ndeara,2,2,0,2,4,indefinite,indefinite,nonpronomial,nonpronomial,preposition,nonshifted,postverbal
baineadh,,NomAcc,an gheit,as Pádhraic,2,2,0,2,4,definite,indefinite,nonpronomial,nonpronomial,preposition,nonshifted,postverbal
rialaíonn,,NomAcc,trádáil,in ainmhithe de chineál caorach agus de chineál gabhair,1,9,-8,1,3,indefinite,indefinite,nonpronomial,nonpronomial,preposition,nonshifted,postverbal
thug,,,mé,chuig an mbád,1,3,-2,4,3,indefinite,definite,pronominal,nonpronomial,preposition,shifted,postverbal
leag,,,iad,ar a chóngar,1,3,-2,4,3,indefinite,indefinite,pronominal,nonpronomial,preposition,shifted,postverbal
éirigh,,NomAcc,as a shuíochán,i Liatroim Thuaidh,3,3,0,12,14,indefinite,indefinite,nonpronomial,nonpronomial,preposition,nonshifted,postverbal
Cuirtear,,NomAcc,bánéadach glan,ar an mbord,2,3,-1,1,5,indefinite,definite,nonpronomial,nonpronomial,preposition,nonshifted,postverbal
fuair,,NomAcc,ainm,dos gach aoinne acu,1,4,-3,2,5,indefinite,definite,nonpronomial,nonpronomial,preposition,nonshifted,postverbal
ndéileálfaí,,Gen,dhaltaí na Gaeltachta nach bhfuil a lánchumas á bhaint amach acu,de réir eagair le riachtanais oideachais,11,6,5,7,3,definite,indefinite,nonpronomial,nonpronomial,preposition,shifted,postverbal
sáfaí,,,muid,le sleánna,1,2,-1,3,2,indefinite,indefinite,pronominal,nonpronomial,preposition,shifted,postverbal
ndícheannófaí,,,muid,le claimhte,1,2,-1,3,2,indefinite,indefinite,pronominal,nonpronomial,preposition,shifted,postverbal
ndófaí,,,muid,le lasracha,1,2,-1,3,2,indefinite,indefinite,pronominal,nonpronomial,preposition,shifted,postverbal
gceanglaíonn,,NomAcc,eachtraí agus steireitípeanna áirithe,le háiteanna áirithe,4,3,1,3,8,indefinite,indefinite,nonpronomial,nonpronomial,preposition,nonshifted,postverbal
ndéanfar,,NomAcc,an t-aistriú,gan chomaoin luachmhar,2,3,-1,2,4,definite,indefinite,nonpronomial,nonpronomial,preposition,nonshifted,postverbal
úsáideadh,,NomAcc,dílseacht don Eaglais Bhunaithe,mar ghléas le leatrom a dhéanamh ar Chaitlicigh agus le daoine áirithe a iompú in aghaidh na hEaglaise inar rugadh iad,4,21,-17,1,6,indefinite,indefinite,nonpronomial,nonpronomial,preposition,nonshifted,postverbal
fhaca,,NomAcc,acht mí-ádh agus dí-mheas ar theanga d' óige,go dtí seo,8,3,5,6,4,indefinite,indefinite,nonpronomial,pronominal,preposition,shifted,postverbal
Fágann,,NomAcc,scoilt agus cogadh,ina ndiaidh,3,2,1,2,6,indefinite,indefinite,nonpronomial,nonpronomial,preposition,nonshifted,postverbal
gheobhaidh,,NomAcc,teisteas tástála,ón gcoláiste no ón gcólucht a cheangalann ar dhaoine an cúrsa stuidéir agus na scrúduithe sin do chur díobh,2,19,-17,1,4,indefinite,indefinite,nonpronomial,nonpronomial,preposition,nonshifted,postverbal
gcuirfeadh,,NomAcc,moill,ar mhac Róigh,1,3,-2,2,4,indefinite,indefinite,nonpronomial,nonpronomial,preposition,nonshifted,postverbal
leagfar,,,é,fé bhráid gach Tighe den Oireachtas,1,6,-5,1,3,indefinite,indefinite,pronominal,nonpronomial,preposition,nonshifted,postverbal
pósadh,,,í,le Micil,1,2,-1,3,2,indefinite,indefinite,pronominal,nonpronomial,preposition,shifted,postverbal
tugadh,,NomAcc,caismirt is clampar ag bolgadh i gceann de na cúinní,faoi deara,10,2,8,3,2,indefinite,indefinite,nonpronomial,nonpronomial,preposition,shifted,postverbal
dintar,,NomAcc,teip,i lóisteáil na gcóipeanna san,1,5,-4,1,3,indefinite,definite,nonpronomial,nonpronomial,preposition,nonshifted,postverbal
shaorfidh,,NomAcc,an t-iarratasóir,o oblagáid íoctha aon táillí ná o n-a dtiocfadh de dheascaibh a neamh-íoctha,2,13,-11,5,7,definite,indefinite,nonpronomial,nonpronomial,preposition,nonshifted,postverbal
bhain,,NomAcc,a súil,de cheachtar den dá mhór-riachtanas sin,2,6,-4,5,7,indefinite,indefinite,nonpronomial,pronominal,preposition,nonshifted,postverbal
cuirfí,,NomAcc,suim cnaipe gan chos,sa sracadh céadna,4,3,1,1,6,indefinite,indefinite,nonpronomial,nonpronomial,preposition,nonshifted,postverbal
Déan,,NomAcc,cur síos,ar an gcomhrá a bhí ag an mbean uasal le Seáinín,2,11,-9,1,5,indefinite,definite,nonpronomial,nonpronomial,preposition,nonshifted,postverbal
Cuireadh,,,dlús,le gluaiseacht na naíonraí,1,4,-3,1,3,indefinite,definite,nonpronomial,nonpronomial,preposition,nonshifted,postverbal
tabharfaidh,,,cúnamh deontais,do chomhlachtaí agus do ghrúpaí ar fud oileán na hÉireann,2,10,-8,2,5,indefinite,indefinite,nonpronomial,nonpronomial,preposition,nonshifted,postverbal
cuireadh,,,an rún,chun vóta,2,2,0,2,4,definite,indefinite,nonpronomial,nonpronomial,preposition,nonshifted,postverbal
ndéanfadh,,,fadhb an Tuaiscirt,leis an Eoraip,3,3,0,6,5,indefinite,definite,nonpronomial,nonpronomial,preposition,shifted,postverbal
Caithfear,,,íoc,as earraí a bhristear nó earraí a ndéantar dochar dóibh,1,10,-9,1,3,indefinite,indefinite,nonpronomial,nonpronomial,preposition,nonshifted,postverbal
Múinfear,,,scileanna a bhaineann le húsáid agus cur in eagar na meán,i gcomhthéacs ríomhaireachta idirlín agus dlúthcheirníní CD-Rom,11,7,4,1,13,indefinite,indefinite,nonpronomial,nonpronomial,preposition,nonshifted,postverbal
roghnaíodh,,,na Seapánaigh,in ionad na nGearmánach,2,4,-2,2,4,definite,indefinite,nonpronomial,nonpronomial,preposition,nonshifted,postverbal
ghlac,,,páirt,sa dráma sin,1,3,-2,2,4,indefinite,indefinite,nonpronomial,nonpronomial,preposition,nonshifted,postverbal
iompair,,,mé féin,i bhfianaise Dé,2,3,-1,2,5,indefinite,indefinite,pronominal,nonpronomial,preposition,nonshifted,postverbal
thug,,NomAcc,an leabhar,do Mháire,2,2,0,3,5,definite,indefinite,nonpronomial,nonpronomial,preposition,nonshifted,postverbal
thug,,,an leabhar,do Mháire,2,2,0,2,4,definite,indefinite,nonpronomial,nonpronomial,preposition,nonshifted,postverbal
imreofar,,,bleaist nó blitz rugair,ar Ghort Bhaile Loisce,4,4,0,1,8,indefinite,indefinite,nonpronomial,nonpronomial,preposition,nonshifted,postverbal
chaill,,,mo mheabhair,i bpléasc,2,2,0,2,4,indefinite,indefinite,nonpronomial,nonpronomial,preposition,nonshifted,postverbal
mhothaigh,,,an piléar,mar bheach thapaidh the,2,4,-2,2,4,definite,indefinite,nonpronomial,nonpronomial,preposition,nonshifted,postverbal
chuireann,,,bac,le saoirsí cumarsáide friotail agus caidrimh,1,6,-5,1,3,indefinite,indefinite,nonpronomial,nonpronomial,preposition,nonshifted,postverbal
ghlac,,,páirt,sa chomórtas,1,2,-1,1,3,indefinite,indefinite,nonpronomial,nonpronomial,preposition,nonshifted,postverbal
fhágaimid,,,é,ag deireadh,1,2,-1,3,2,indefinite,indefinite,pronominal,nonpronomial,preposition,shifted,postverbal
ndéantar,,,alcól íon gan dath,den leacht,4,2,2,1,6,indefinite,indefinite,nonpronomial,nonpronomial,preposition,nonshifted,postverbal
Shroich,,,an chéad roinn,le Swindon Town,3,3,0,4,6,indefinite,indefinite,nonpronomial,nonpronomial,preposition,nonshifted,postverbal
chuir,,,an bua,ar cheal,2,2,0,4,6,definite,indefinite,nonpronomial,nonpronomial,preposition,nonshifted,postverbal
áireoinn,,,é,ó Dhia,1,2,-1,6,5,indefinite,indefinite,pronominal,nonpronomial,preposition,shifted,postverbal
cuirfidh,,,imní mór,ar an Afraic Theas,2,4,-2,3,7,indefinite,definite,nonpronomial,nonpronomial,preposition,nonshifted,postverbal
fhág,,,práib chaca,i lár an bhealaigh,2,4,-2,1,6,indefinite,definite,nonpronomial,nonpronomial,preposition,nonshifted,postverbal
lorgóidh,,,cúlárach nó ceart,in aghaidh airgid cliaint nó ionstraimí infheistíochta cliaint nó doiciméad teidil a bhaineann leis na hionstraimí infheistíochta sin a gheobhaidh a shealbhóidh a rialóidh nó a íocfaidh gnólacht gnó infheistíochta thar ceann cliaint faoi mhír (b) den fho-alt seo,3,39,-36,2,7,indefinite,indefinite,nonpronomial,nonpronomial,preposition,nonshifted,postverbal
léiríodh,,,iad,i gCaibidil 3,1,3,-2,1,3,indefinite,indefinite,pronominal,nonpronomial,preposition,nonshifted,postverbal
iontaigh,,,an currach,sa gcéibh,2,2,0,3,5,definite,indefinite,nonpronomial,nonpronomial,preposition,nonshifted,postverbal
thug,,,a n-aghaidh,ar Londain,2,2,0,3,5,indefinite,indefinite,nonpronomial,nonpronomial,preposition,nonshifted,postverbal
thug,,,cuairt,ar dheoise,1,2,-1,3,5,indefinite,indefinite,nonpronomial,nonpronomial,preposition,nonshifted,postverbal
baineadh,,,stangadh,as an phatrarc,1,3,-2,1,4,indefinite,definite,nonpronomial,nonpronomial,preposition,nonshifted,postverbal
chuir,,,í,ar ghuaillí Luciani,1,3,-2,5,3,indefinite,indefinite,pronominal,nonpronomial,preposition,shifted,postverbal
Déan,,,bosca mar seo,i do leabhar,3,3,0,2,7,indefinite,indefinite,nonpronomial,nonpronomial,preposition,nonshifted,postverbal
cuir,,,na briathra seo a leanas,sna háiteanna cearta,5,3,2,2,7,definite,indefinite,nonpronomial,nonpronomial,preposition,nonshifted,postverbal
dtógann,,,páirt,in a lán comórtas,1,4,-3,2,6,indefinite,indefinite,nonpronomial,nonpronomial,preposition,nonshifted,postverbal
Thugamar,,,aghaidh,ar an mbialann,1,3,-2,1,4,indefinite,indefinite,nonpronomial,nonpronomial,preposition,nonshifted,postverbal
chuirfear,,,é sin,le méid an deontais ón Aire is comhionann le dhá thrian den mhéid a measfaidh an tAire gurb é costas na hoibre athfhoirgniúcháin é,2,24,-22,1,4,indefinite,definite,pronominal,nonpronomial,preposition,nonshifted,postverbal
Baineadh,,,an talamh,de chuid mhór de na Gaeil,2,6,-4,2,4,definite,indefinite,nonpronomial,nonpronomial,preposition,nonshifted,postverbal
Thugamar,,,an leabhar,do Mháire,2,2,0,2,4,definite,indefinite,nonpronomial,nonpronomial,preposition,nonshifted,postverbal
chuirtear,,,voltas íseal,tríd an ngeata,2,3,-1,1,5,indefinite,definite,nonpronomial,nonpronomial,preposition,nonshifted,postverbal
Tugadh,,,é,ag Ospidéal Bhaile Lochlainn,1,4,-3,5,2,indefinite,indefinite,pronominal,nonpronomial,preposition,shifted,postverbal
