Verb,Verb_case,Obj_case,NP,PP,NP_len,PP_len,Len_diff,V_NP_d,V_PP_d,NP_definiteness,PP_definiteness,NP_pronominality,PP_pronominality,ADP,Shift,PrePost
salikt,,Acc,visu,pa plauktiņiem,1,2,-1,1,3,indefinite,indefinite,pronominal,nonpronomial,preposition,nonshifted,postverbal
uzgrūda,,Acc,tos,uz mašīnas sāniem,1,3,-2,1,4,indefinite,indefinite,pronominal,nonpronomial,preposition,nonshifted,postverbal
aizvedīšot,,Acc,manu dēlu,uz vilcienu,2,2,0,2,4,indefinite,indefinite,nonpronomial,nonpronomial,preposition,nonshifted,postverbal
pārdalījām,,Acc,katru,uz pusēm,1,2,-1,1,3,indefinite,indefinite,pronominal,nonpronomial,preposition,nonshifted,postverbal
iegādājoties,,Acc,apdares materiālus santehniku durvis un sporta grīdas segumus,par īpaši izdevīgām cenām,8,4,4,2,14,indefinite,indefinite,nonpronomial,nonpronomial,preposition,nonshifted,postverbal
ietekmēt,,Acc,indivīdu rīcību,ar piespiešanu vai bez tās,2,5,-3,2,4,indefinite,indefinite,nonpronomial,nonpronomial,preposition,nonshifted,postverbal
noved,,Acc,vecākus,līdz spēku izsīkuma robežai,1,4,-3,1,5,indefinite,indefinite,nonpronomial,nonpronomial,preposition,nonshifted,postverbal
noņemot,,Acc,atmirušo ādu,no pēdām,2,2,0,4,2,definite,indefinite,nonpronomial,nonpronomial,preposition,shifted,postverbal
Sarīvējiet,,Acc,ziepes,uz smalkās rīves,1,3,-2,4,3,indefinite,definite,nonpronomial,nonpronomial,preposition,shifted,postverbal
atbīdiet,,Acc,kutikulu,pie naga pamatnes,1,3,-2,1,4,indefinite,indefinite,nonpronomial,nonpronomial,preposition,nonshifted,postverbal
uzklājot,,Acc,caurspīdīgo stiprinošo nagu laku kura aizsargās naga emalju,uz nagiem,8,2,6,6,2,definite,indefinite,nonpronomial,nonpronomial,preposition,shifted,postverbal
paceļ,,Acc,sanešus,no gultnes,1,2,-1,3,2,indefinite,indefinite,nonpronomial,nonpronomial,preposition,shifted,postverbal
velk,,Acc,viņu,pie zemes,1,2,-1,1,3,indefinite,indefinite,pronominal,nonpronomial,preposition,nonshifted,postverbal
bāž,,Acc,purnus,pie Marijas slapjiem vaigiem,1,4,-3,1,5,indefinite,definite,nonpronomial,nonpronomial,preposition,nonshifted,postverbal
aizveda,,Acc,viņu,uz Ameriku,1,2,-1,1,3,indefinite,indefinite,pronominal,nonpronomial,preposition,nonshifted,postverbal
bīdīja,,Acc,neredzamu lidmašīnu,uz priekšu,2,2,0,4,2,indefinite,indefinite,nonpronomial,nonpronomial,preposition,shifted,postverbal
Pacēla,,Acc,sarkano avārijas trīsstūri,no asfalta,3,2,1,5,2,definite,indefinite,nonpronomial,nonpronomial,preposition,shifted,postverbal
žonglēdams,Nom,Acc,Kristīnītes rakstāmgalda skapīti,uz pleca,3,2,1,5,2,indefinite,indefinite,nonpronomial,nonpronomial,preposition,shifted,postverbal
nocēla,,Acc,princesi,no kalna,1,2,-1,1,3,indefinite,indefinite,nonpronomial,nonpronomial,preposition,nonshifted,postverbal
kar,,Acc,baltu pilošu tikko izmazgātu palagu,uz auklām,5,2,3,9,2,indefinite,indefinite,nonpronomial,nonpronomial,preposition,shifted,postverbal
saķer,,Acc,vecmammu,pie elkoņiem,1,2,-1,1,3,indefinite,indefinite,nonpronomial,nonpronomial,preposition,nonshifted,postverbal
uzlej,,Acc,viskiju,uz maizes,1,2,-1,3,2,indefinite,indefinite,nonpronomial,nonpronomial,preposition,shifted,postverbal
triec,,Acc,bļodu,pret sienu,1,2,-1,1,3,indefinite,indefinite,nonpronomial,nonpronomial,preposition,nonshifted,postverbal
atstāj,,Acc,melnu pēdu rakstu ko putenis jau pēc brīža atkal aizvelk padarot arvien blāvāk un blāvāk pelēku,aiz sevis,16,2,14,5,2,indefinite,indefinite,nonpronomial,pronominal,preposition,shifted,postverbal
gaidīja,,Acc,mani,uz mūsu ielas stūra,1,4,-3,1,5,indefinite,indefinite,pronominal,nonpronomial,preposition,nonshifted,postverbal
izņemsim,,Acc,elpošanas caurulīti,no elpvada,2,2,0,3,5,indefinite,indefinite,nonpronomial,nonpronomial,preposition,nonshifted,postverbal
turu,,Acc,telefonu,zem spilvena,1,2,-1,1,3,indefinite,indefinite,nonpronomial,nonpronomial,preposition,nonshifted,postverbal
jāved,,Nom,kaut kāda krava,uz kaut kurieni,3,3,0,3,6,indefinite,indefinite,nonpronomial,nonpronomial,preposition,nonshifted,postverbal
nolikt,,Acc,biezu paku,uz virtuves galda,2,3,-1,5,3,indefinite,indefinite,nonpronomial,nonpronomial,preposition,shifted,postverbal
aizvērusi,Nom,Acc,dārza vārtiņus,aiz sevis,2,2,0,4,2,indefinite,indefinite,nonpronomial,pronominal,preposition,shifted,postverbal
aizvērt,,Acc,durvis,aiz sevis,1,2,-1,1,3,indefinite,indefinite,nonpronomial,pronominal,preposition,nonshifted,postverbal
piespieda,,Acc,rādītājpirkstu,pie degungala spogulī,1,3,-2,1,3,indefinite,indefinite,nonpronomial,nonpronomial,preposition,nonshifted,postverbal
aizvēra,,Acc,durvis,no ārpuses,1,2,-1,1,3,indefinite,indefinite,nonpronomial,nonpronomial,preposition,nonshifted,postverbal
radījis,Nom,Acc,sevi,ne no kā,1,3,-2,2,5,indefinite,indefinite,pronominal,pronominal,preposition,nonshifted,postverbal
izraut,,Acc,Sofiju,no ikdienības,1,2,-1,1,3,indefinite,indefinite,nonpronomial,nonpronomial,preposition,nonshifted,postverbal
sūtu,,Acc,šo karti,caur Sofiju,2,2,0,3,5,indefinite,indefinite,nonpronomial,nonpronomial,preposition,nonshifted,postverbal
jāsūta,,Nom,dzimšanas dienas apsveikums,uz Sofijas adresi,3,3,0,3,6,indefinite,indefinite,nonpronomial,nonpronomial,preposition,nonshifted,postverbal
sūtot,,Acc,dzimšanas dienas apsveikumu,pa šādiem apkārtceļiem,3,3,0,4,7,indefinite,indefinite,nonpronomial,nonpronomial,preposition,nonshifted,postverbal
aizslaucīja,,Acc,mani,pār bortu,1,2,-1,1,3,indefinite,indefinite,pronominal,nonpronomial,preposition,nonshifted,postverbal
pacēla,,Acc,acis,pret draudzeni,1,2,-1,1,3,indefinite,indefinite,nonpronomial,nonpronomial,preposition,nonshifted,postverbal
Aizverot,,Acc,vārtiņus,aiz sevis,1,2,-1,3,2,indefinite,indefinite,nonpronomial,pronominal,preposition,shifted,postverbal
nometa,,Acc,skolas somu,uz kāpnītēm,2,2,0,2,4,indefinite,indefinite,nonpronomial,nonpronomial,preposition,nonshifted,postverbal
pastūma,,Acc,pārējās vēstules,zem kājslauķa,2,2,0,2,4,definite,indefinite,nonpronomial,nonpronomial,preposition,nonshifted,postverbal
uztver,,Acc,pasauli,par tikpat neizprotamu kā burvju mākslinieka triku ar trusīti ko pēkšņi izvelk ārā no cilindra kas vēl pirms acumirkļa bija pilnīgi tukšs,1,22,-21,1,4,indefinite,indefinite,nonpronomial,nonpronomial,preposition,nonshifted,postverbal
izbēra,,Acc,akmentiņus,uz grīdas,1,2,-1,1,3,indefinite,indefinite,nonpronomial,nonpronomial,preposition,nonshifted,postverbal
izņēma,,Acc,vairākas ar mašīnu aprakstītas lapas,no tās,5,2,3,7,2,indefinite,indefinite,nonpronomial,pronominal,preposition,shifted,postverbal
izglābis,Nom,Acc,viņu,no ikdienišķās dzīvošanas vienaldzības,1,4,-3,1,5,indefinite,indefinite,pronominal,nonpronomial,preposition,nonshifted,postverbal
gāju,,Acc,savu ceļu,gar šo upi,2,3,-1,2,5,indefinite,indefinite,nonpronomial,nonpronomial,preposition,nonshifted,postverbal
nomainīt,,Acc,ķermeni,uz jaunāku,1,2,-1,1,3,indefinite,indefinite,nonpronomial,nonpronomial,preposition,nonshifted,postverbal
padara,,Acc,pašnāvību,par vienīgo uzticamo veidu kā aiziet no šīs pasaules,1,9,-8,1,5,indefinite,definite,nonpronomial,nonpronomial,preposition,nonshifted,postverbal
piespiežu,,Acc,plaukstas,pie stikla,1,2,-1,1,3,indefinite,indefinite,nonpronomial,nonpronomial,preposition,nonshifted,postverbal
nezina,,Acc,it neko,no tā kas tai būs jāpiedzīvo,2,6,-4,2,4,indefinite,indefinite,pronominal,pronominal,preposition,nonshifted,postverbal
sākšu,,Acc,dzīvi,no jauna,1,2,-1,1,3,indefinite,indefinite,nonpronomial,nonpronomial,preposition,nonshifted,postverbal
nelaida,,Acc,mani,pie brūcēm,1,2,-1,1,3,indefinite,indefinite,pronominal,nonpronomial,preposition,nonshifted,postverbal
pavērsis,Nom,Acc,draudīgo purnu un sarkanās asinīm pielijušās acis,pret spīdekli kas rītam tuvojoties sāka jau bālēt,7,8,-1,2,10,definite,indefinite,nonpronomial,nonpronomial,preposition,nonshifted,postverbal
noliek,,Acc,pelnutrauku,uz rakstāmgalda,1,2,-1,3,2,indefinite,indefinite,nonpronomial,nonpronomial,preposition,shifted,postverbal
Noņem,,Acc,somu,no elkoņa,1,2,-1,3,2,indefinite,indefinite,nonpronomial,nonpronomial,preposition,shifted,postverbal
uzlika,,Acc,glumu buču,uz auss,2,2,0,3,5,indefinite,indefinite,nonpronomial,nonpronomial,preposition,nonshifted,postverbal
trin,,Acc,vaigu,pret kāju,1,2,-1,1,3,indefinite,indefinite,nonpronomial,nonpronomial,preposition,nonshifted,postverbal
nosiekalo,,Acc,zīda naktskreklu,uz krūtīm,2,2,0,2,4,indefinite,indefinite,nonpronomial,nonpronomial,preposition,nonshifted,postverbal
zināja,,Acc,tos,no galvas,1,2,-1,1,3,indefinite,indefinite,pronominal,nonpronomial,preposition,nonshifted,postverbal
satvēra,,Acc,viņu,aiz rokas,1,2,-1,1,3,indefinite,indefinite,pronominal,nonpronomial,preposition,nonshifted,postverbal
iegremdē,,Acc,kailās rokas,līdz elkoņiem,2,2,0,2,4,definite,indefinite,nonpronomial,nonpronomial,preposition,nonshifted,postverbal
satvēra,,Acc,viņu,pie pleciem,1,2,-1,1,3,indefinite,indefinite,pronominal,nonpronomial,preposition,nonshifted,postverbal
vadīja,,Acc,viņu,zem elkoņa,1,2,-1,1,3,indefinite,indefinite,pronominal,nonpronomial,preposition,nonshifted,postverbal
šķaidot,,Acc,starus,uz visām pusēm,1,3,-2,1,4,indefinite,indefinite,nonpronomial,nonpronomial,preposition,nonshifted,postverbal
atrauj,,Acc,vaigu,no telefona klausules,1,3,-2,1,4,indefinite,indefinite,nonpronomial,nonpronomial,preposition,nonshifted,postverbal
Pazibinu,,Acc,niknu skatienu,uz nēģera pusi,2,3,-1,5,3,indefinite,indefinite,nonpronomial,nonpronomial,preposition,shifted,postverbal
aicinās,,Acc,mani,uz kafejnīcu,1,2,-1,1,3,indefinite,indefinite,pronominal,nonpronomial,preposition,nonshifted,postverbal
vērst,,Acc,piedziņu,pret darba devēja mantu,1,4,-3,1,5,indefinite,indefinite,nonpronomial,nonpronomial,preposition,nonshifted,postverbal
attiecināt,,Acc,darbinieku aizsardzību,arī uz citām maksātnespējas situācijām piemēram tādām kur defacto ilgstoši netiek veikti maksājumi kas konstatēts valsts tiesību aktos paredzētā procesā kas atšķiras no 1. punktā minētā procesa,2,27,-25,2,7,indefinite,indefinite,nonpronomial,nonpronomial,preposition,nonshifted,postverbal
ierobežot,,Acc,to laikposmu par kuru garantiju iestādes sedz neapmaksātos prasījumus,līdz astoņām nedēļām,9,3,6,2,14,indefinite,indefinite,nonpronomial,nonpronomial,preposition,nonshifted,postverbal
izvieto,,Acc,ekvivalentus nacionālos klasifikācijas apzīmējumus,uz saņemtās klasificētās informācijas,4,4,0,4,8,definite,definite,nonpronomial,nonpronomial,preposition,nonshifted,postverbal
izraugās,,Acc,Satversmes tiesas tiesneša amata kandidātus,no Latvijas Republikas tiesnešu vidus,5,5,0,5,10,indefinite,indefinite,nonpronomial,nonpronomial,preposition,nonshifted,postverbal
nofotografēt,,Acc,objektu,no dažādiem rakursiem,1,3,-2,1,4,indefinite,indefinite,nonpronomial,nonpronomial,preposition,nonshifted,postverbal
apliecinot,,Acc,galvu reibinošo mīlestību,no pirmā acu skatiena,3,4,-1,3,7,definite,definite,nonpronomial,nonpronomial,preposition,nonshifted,postverbal
evakuēja,,Acc,cilvēkus,no šī rajona,1,3,-2,1,4,indefinite,indefinite,nonpronomial,nonpronomial,preposition,nonshifted,postverbal
vadīja,,,automašīnu Volvo 850,bez jebkāda veida transportlīdzekļu vadīšanas tiesībām,3,6,-3,2,9,indefinite,indefinite,nonpronomial,nonpronomial,preposition,nonshifted,postverbal
atveda,,Acc,akmeni,no vecās Kolkas raga bākas drupām,1,6,-5,1,7,indefinite,indefinite,nonpronomial,nonpronomial,preposition,nonshifted,postverbal
pārsteidza,,Acc,alojiešus,ar tik agru piedāvājumu,1,4,-3,1,5,indefinite,indefinite,nonpronomial,nonpronomial,preposition,nonshifted,postverbal
lasīt,,Acc,ogas,bez atļaujas,1,2,-1,1,3,indefinite,indefinite,nonpronomial,nonpronomial,preposition,nonshifted,postverbal
sagatavo,,Acc,speciālistus,pēc saviem ieskatiem un savām programmām,1,6,-5,1,4,indefinite,indefinite,nonpronomial,nonpronomial,preposition,nonshifted,postverbal
tulkojot,,Acc,šlāgera dziesmas,no vācu valodas,2,3,-1,2,5,indefinite,indefinite,nonpronomial,nonpronomial,preposition,nonshifted,postverbal
atradusi,Nom,Acc,kopīgu valodu,ar audzēkņiem,2,2,0,2,4,indefinite,indefinite,nonpronomial,nonpronomial,preposition,nonshifted,postverbal
iegādāties,,Acc,biļeti,par santīmu,1,2,-1,1,3,indefinite,indefinite,nonpronomial,nonpronomial,preposition,nonshifted,postverbal
maina,,Acc,pasauli,uz labu,1,2,-1,1,3,indefinite,indefinite,nonpronomial,nonpronomial,preposition,nonshifted,postverbal
deportējot,,Acc,Sīrijas bēgļus,uz Eiropu,2,2,0,2,4,indefinite,indefinite,nonpronomial,nonpronomial,preposition,nonshifted,postverbal
izkāsusi,Nom,Acc,miljardu,no ES maka,1,3,-2,4,3,indefinite,indefinite,nonpronomial,nonpronomial,preposition,shifted,postverbal
eksportējot,,Acc,demokrātiju,uz Lībiju,1,2,-1,1,3,indefinite,indefinite,nonpronomial,nonpronomial,preposition,nonshifted,postverbal
dabūju,,Acc,spēcīgu sitienu,pa aizmuguri,2,2,0,2,4,indefinite,indefinite,nonpronomial,nonpronomial,preposition,nonshifted,postverbal
izcīnīt,,Acc,bumbu,pie groza,1,2,-1,1,3,indefinite,indefinite,nonpronomial,nonpronomial,preposition,nonshifted,postverbal
samazināja,,Acc,rezultāta starpību,līdz minimumam 46 47,2,4,-2,2,4,indefinite,indefinite,nonpronomial,nonpronomial,preposition,nonshifted,postverbal
piespraudiet,,Acc,karodziņu,pie atloka,1,2,-1,3,2,indefinite,indefinite,nonpronomial,nonpronomial,preposition,shifted,postverbal
dod,,Acc,roku,uz ielas,1,2,-1,1,3,indefinite,indefinite,nonpronomial,nonpronomial,preposition,nonshifted,postverbal
sākam,,Acc,visu,no jauna,1,2,-1,1,3,indefinite,indefinite,pronominal,nonpronomial,preposition,nonshifted,postverbal
Izbāzt,,Acc,degunu,ārpus sētas,1,2,-1,1,3,indefinite,indefinite,nonpronomial,nonpronomial,preposition,nonshifted,postverbal
spiežot,,Acc,svārku stērbeles,starp kājām,2,2,0,2,4,indefinite,indefinite,nonpronomial,nonpronomial,preposition,nonshifted,postverbal
uzvilkuši,Nom,Acc,cepures,virs acīm,1,2,-1,1,3,indefinite,indefinite,nonpronomial,nonpronomial,preposition,nonshifted,postverbal
saglabāt,,Acc,lielo ražu,līdz pavasarim,2,2,0,2,4,definite,indefinite,nonpronomial,nonpronomial,preposition,nonshifted,postverbal
atņemt,,Acc,transportlīdzekļa vadīšanas tiesības,uz mūžu,3,2,1,3,5,indefinite,indefinite,nonpronomial,nonpronomial,preposition,nonshifted,postverbal
pārbrauc,,Acc,roku,pār netīro dīvānu,1,3,-2,1,4,indefinite,definite,nonpronomial,nonpronomial,preposition,nonshifted,postverbal
pielīmē,,Acc,tās apakšējo galu,pie kausa pamatnes,3,3,0,3,6,definite,indefinite,nonpronomial,nonpronomial,preposition,nonshifted,postverbal
izņem,,Acc,bļodu,no katla,1,2,-1,1,3,indefinite,indefinite,nonpronomial,nonpronomial,preposition,nonshifted,postverbal
izsmidzini,,Acc,to,uz notecējušā vaska,1,3,-2,1,4,indefinite,definite,pronominal,nonpronomial,preposition,nonshifted,postverbal
noskrāpē,,Acc,sacietējušo vasku,no bojātās virsmas,2,3,-1,2,5,definite,definite,nonpronomial,nonpronomial,preposition,nonshifted,postverbal
salikt,,Acc,plaukstas,aiz muguras,1,2,-1,1,3,indefinite,indefinite,nonpronomial,nonpronomial,preposition,nonshifted,postverbal
stiepj,,Acc,rokas,uz priekšu,1,2,-1,1,3,indefinite,indefinite,nonpronomial,nonpronomial,preposition,nonshifted,postverbal
izgrūda,,Acc,pretinieku,no cīņas laukuma,1,3,-2,1,4,indefinite,indefinite,nonpronomial,nonpronomial,preposition,nonshifted,postverbal
apskatījies,Nom,Acc,mapītes,ar domu ka būtu jādodas šo jautājumu nokārtot,1,8,-7,1,3,indefinite,indefinite,nonpronomial,nonpronomial,preposition,nonshifted,postverbal
nosargātu,,Acc,servi,pret cīņas favorītu Ferreru,1,4,-3,1,5,indefinite,indefinite,nonpronomial,nonpronomial,preposition,nonshifted,postverbal
aicina,,Acc,visus,uz piemiņas brīdi Salaspils memoriālā,1,5,-4,1,4,indefinite,indefinite,pronominal,nonpronomial,preposition,nonshifted,postverbal
kārt,,Acc,manu ķiveri,uz vadzīša,2,2,0,2,4,indefinite,indefinite,nonpronomial,nonpronomial,preposition,nonshifted,postverbal
apraks,,Acc,savus ieročus,zem betona,2,2,0,2,4,indefinite,indefinite,nonpronomial,nonpronomial,preposition,nonshifted,postverbal
izstūma,,Acc,pretinieci,no paklāja,1,2,-1,1,3,indefinite,indefinite,nonpronomial,nonpronomial,preposition,nonshifted,postverbal
izgrūda,,Acc,viņu,no paklāja,1,2,-1,1,3,indefinite,indefinite,pronominal,nonpronomial,preposition,nonshifted,postverbal
jāber,,Nom,pelni,uz galvas,1,2,-1,1,3,indefinite,indefinite,nonpronomial,nonpronomial,preposition,nonshifted,postverbal
pieņems,,Acc,lēmumus,ar vienkāršu balsu vairākumu,1,4,-3,1,5,indefinite,indefinite,nonpronomial,nonpronomial,preposition,nonshifted,postverbal
paildzina,,Acc,savu labvēlību,pār cilvēci,2,2,0,2,4,indefinite,indefinite,nonpronomial,nonpronomial,preposition,nonshifted,postverbal
novēlušas,Nom,Acc,vainu,uz Krievijas pleciem,1,3,-2,1,4,indefinite,indefinite,nonpronomial,nonpronomial,preposition,nonshifted,postverbal
vadājot,,Acc,grupu,pa bijušā cietuma koridoriem,1,4,-3,1,5,indefinite,indefinite,nonpronomial,nonpronomial,preposition,nonshifted,postverbal
atvilkt,,Acc,spēkus,no Ukrainas robežas,1,3,-2,1,4,indefinite,indefinite,nonpronomial,nonpronomial,preposition,nonshifted,postverbal
atvilkt,,Acc,spēkus,uz to bāzēm,1,3,-2,1,4,indefinite,indefinite,nonpronomial,nonpronomial,preposition,nonshifted,postverbal
grauzīs,,Acc,koku,ar vēl lielākām dusmām,1,4,-3,1,5,indefinite,indefinite,nonpronomial,nonpronomial,preposition,nonshifted,postverbal
norobežot,,Acc,attiecīgo teritoriju,ar pārskatāmiem brīdinājuma uzrakstiem,2,4,-2,2,6,definite,indefinite,nonpronomial,nonpronomial,preposition,nonshifted,postverbal
jātur,,Nom,maize sāls un uguns,uz galda,4,2,2,1,7,indefinite,indefinite,nonpronomial,nonpronomial,preposition,nonshifted,postverbal
demonstrēja,,Acc,mēmās filmas,uz ekrāniem ko veidoja gar šķūņa sienu nostiepts balts palags,2,10,-8,2,4,definite,indefinite,nonpronomial,nonpronomial,preposition,nonshifted,postverbal
sākt,,Acc,visu,no sākuma,1,2,-1,1,3,indefinite,indefinite,pronominal,nonpronomial,preposition,nonshifted,postverbal
samazināja,,Acc,deficītu,līdz vienam precīzam metienam,1,4,-3,1,5,indefinite,indefinite,nonpronomial,nonpronomial,preposition,nonshifted,postverbal
uzlūkojam,,Acc,otru,ar aizdomām,1,2,-1,2,4,indefinite,indefinite,nonpronomial,nonpronomial,preposition,nonshifted,postverbal
raida,,Acc,lodes,uz garāmbraucošām automašīnām,1,3,-2,1,4,indefinite,indefinite,nonpronomial,nonpronomial,preposition,nonshifted,postverbal
izspieda,,Acc,ļaudis,no stacijas,1,2,-1,1,3,indefinite,indefinite,nonpronomial,nonpronomial,preposition,nonshifted,postverbal
apsveicot,,Acc,Erdoganu,pēc ievēlēšanas prezidenta amatā,1,4,-3,1,3,indefinite,indefinite,nonpronomial,nonpronomial,preposition,nonshifted,postverbal
upurēt,,Acc,dzīvniekus,par godu nozīmīgiem notikumiem,1,4,-3,1,3,indefinite,indefinite,nonpronomial,nonpronomial,preposition,nonshifted,postverbal
paceļot,,Acc,mākslas darbu,virs Rīgas,2,2,0,2,4,indefinite,indefinite,nonpronomial,nonpronomial,preposition,nonshifted,postverbal
svītrotu,,Acc,tādas iekārtas ar kurām viegli manipulēt dzēšot būtisku informāciju par darījumiem,no tā,11,2,9,4,2,indefinite,indefinite,nonpronomial,pronominal,preposition,shifted,postverbal
saņemam,,Acc,lielu interesi,no tūristu grupām kas ierodas Latvijā baudīt vasaru,2,8,-6,2,5,indefinite,indefinite,nonpronomial,nonpronomial,preposition,nonshifted,postverbal
izdzenot,,Acc,visus neserbus,no mājām,2,2,0,2,4,indefinite,indefinite,nonpronomial,nonpronomial,preposition,nonshifted,postverbal
saņemot,,Acc,pasūtījumus,pat no Krievijas imperatora ģimenes,1,5,-4,1,6,indefinite,indefinite,nonpronomial,nonpronomial,preposition,nonshifted,postverbal
trieca,,Acc,bumbu,pret sāncenšu vārtu pārliktni,1,4,-3,1,5,indefinite,indefinite,nonpronomial,nonpronomial,preposition,nonshifted,postverbal
eksportē,,Acc,zivju produktus un saldētas ogas,uz Ķīnu,5,2,3,4,2,indefinite,indefinite,nonpronomial,nonpronomial,preposition,shifted,postverbal
izstiept,,Acc,savu ķetnu,pēc tevis,2,2,0,2,4,indefinite,indefinite,nonpronomial,pronominal,preposition,nonshifted,postverbal
pārskatītu,,Acc,to IKP aprēķinus,ik pa pieciem gadiem,3,4,-1,3,7,indefinite,indefinite,nonpronomial,nonpronomial,preposition,nonshifted,postverbal
pārtraukt,,Acc,aļģu izplatību veicinošo notekūdeņu izmešanu Baltijas jūrā,ar noteikumu ja ostas pieņems tos bez maksas,7,8,-1,5,9,indefinite,indefinite,nonpronomial,nonpronomial,preposition,nonshifted,postverbal
pieņems,,Acc,tos,bez maksas,1,2,-1,1,3,indefinite,indefinite,pronominal,nonpronomial,preposition,nonshifted,postverbal
guvuši,Nom,Acc,nekādu labumu,kopš baltā mazākuma varas gāšanas pirms 15 gadiem,2,8,-6,2,7,indefinite,indefinite,nonpronomial,nonpronomial,preposition,nonshifted,postverbal
atcelt,,Acc,Augstāko valsts tiesnesi Iftiharu Čaudhri,no amata,5,2,3,6,2,indefinite,indefinite,nonpronomial,nonpronomial,preposition,shifted,postverbal
sagatavo,,Acc,nepieciešamos grozījumus citos likumos,līdz 1. martam,4,3,1,8,6,definite,indefinite,nonpronomial,nonpronomial,preposition,shifted,postverbal
pagrūdis,Nom,Acc,viņu,no mugurpuses,1,2,-1,1,3,indefinite,indefinite,pronominal,nonpronomial,preposition,nonshifted,postverbal
Atstājot,,Acc,plašu postažu Francijā un Spānijā,aiz sevis,5,2,3,4,2,indefinite,indefinite,nonpronomial,pronominal,preposition,shifted,postverbal
paver,,Acc,ceļu,pie visaugstākās gudrības un saiknes ar kosmosu,1,7,-6,1,4,indefinite,definite,nonpronomial,nonpronomial,preposition,nonshifted,postverbal
izlietot,,Acc,produktu,līdz derīguma termiņa beigām,1,4,-3,1,5,indefinite,indefinite,nonpronomial,nonpronomial,preposition,nonshifted,postverbal
attīrītu,,Acc,ādu,no atmirušajām šūnām,1,3,-2,1,4,indefinite,definite,nonpronomial,nonpronomial,preposition,nonshifted,postverbal
saglabāt,,Acc,meitenīgu sejas krāsu,līdz pat vecumam,3,3,0,3,6,indefinite,indefinite,nonpronomial,nonpronomial,preposition,nonshifted,postverbal
Saliec,,Acc,rokas,aiz muguras,1,2,-1,1,3,indefinite,indefinite,nonpronomial,nonpronomial,preposition,nonshifted,postverbal
gaidīt,,Acc,to pašu,no viņa,2,2,0,1,4,indefinite,indefinite,pronominal,pronominal,preposition,nonshifted,postverbal
pārdomā,,Acc,katru žestu,pirms izrādes,2,2,0,2,4,indefinite,indefinite,nonpronomial,nonpronomial,preposition,nonshifted,postverbal
raisīja,,Acc,smaidu,arī uz viņa lūpām,1,4,-3,1,5,indefinite,indefinite,nonpronomial,nonpronomial,preposition,nonshifted,postverbal
novērtēt,,Acc,ziņas par kādu preci produktu vai pakalpojumu ko patērētājs nodod citiem patērētājiem,par zemu,12,2,10,3,2,indefinite,indefinite,nonpronomial,nonpronomial,preposition,shifted,postverbal
saņēmis,Nom,Acc,daudzus kārdinošus piedāvājumus,no citiem veikaliem,3,3,0,3,6,indefinite,indefinite,nonpronomial,nonpronomial,preposition,nonshifted,postverbal
neguvām,,Acc,vārtus,no labām izdevībām,1,3,-2,1,4,indefinite,indefinite,nonpronomial,nonpronomial,preposition,nonshifted,postverbal
saņēma,,Acc,atlīdzību,no projekta līdzekļiem,1,3,-2,1,4,indefinite,indefinite,nonpronomial,nonpronomial,preposition,nonshifted,postverbal
iegādājoties,,Acc,sniega kausēšanas pakalpojumus,no komersanta kuram atbilstoši savstarpējā līgumā noteiktajam Jelgavas pilsētā bija jānodrošina sniega izvešanas pakalpojumi,3,14,-11,3,5,indefinite,indefinite,nonpronomial,nonpronomial,preposition,nonshifted,postverbal
saukt,,Acc,četrus ārvalstu komercuzņēmumu pilnvarotos pārstāvjus,pie atbildības,5,2,3,7,2,definite,indefinite,nonpronomial,nonpronomial,preposition,shifted,postverbal
rosina,,Acc,vienu personu,pie atbildības,2,2,0,5,3,indefinite,indefinite,nonpronomial,nonpronomial,preposition,shifted,postverbal
meklē,,Acc,atbildes,pie Latvijas tautas medicīnas dziedniekiem un cilvēkiem ar savdabīgu alternatīvu skatu uz problēmu risināšanu,1,14,-13,1,6,indefinite,indefinite,nonpronomial,nonpronomial,preposition,nonshifted,postverbal
zināju,,Acc,šo grāmatu,gandrīz no galvas,2,3,-1,2,5,indefinite,indefinite,nonpronomial,nonpronomial,preposition,nonshifted,postverbal
veicinās,,Acc,sabiedrības informētību,par audžuģimenēm un aizbildņiem,2,4,-2,2,4,indefinite,indefinite,nonpronomial,nonpronomial,preposition,nonshifted,postverbal
meklēt,,Acc,atbildes,pie tautas medicīnas dziedniekiem un cilvēkiem ar savdabīgu alternatīvu skatu uz dzīves problēmu risināšanu,1,14,-13,1,5,indefinite,indefinite,nonpronomial,nonpronomial,preposition,nonshifted,postverbal
palielināt,,Acc,2013. gada IKP pieauguma prognozes,"līdz 4,0 %",5,3,2,5,8,indefinite,indefinite,nonpronomial,nonpronomial,preposition,nonshifted,postverbal
veido,,Acc,planētu sistēmas,ap to,2,2,0,2,4,indefinite,indefinite,nonpronomial,pronominal,preposition,nonshifted,postverbal
pierādīt,,Acc,sevi,no labākās puses,1,3,-2,1,4,indefinite,definite,pronominal,nonpronomial,preposition,nonshifted,postverbal
pirka,,Acc,lepnas mājas,par skaidru naudu,2,3,-1,2,5,indefinite,indefinite,nonpronomial,nonpronomial,preposition,nonshifted,postverbal
nopirkt,,Acc,vērtīgus īpašumus,par sviestmaizi,2,2,0,2,5,indefinite,indefinite,nonpronomial,nonpronomial,preposition,nonshifted,postverbal
slēpt,,Acc,savas attiecības,no Panarina komandas biedriem,2,4,-2,2,6,indefinite,indefinite,nonpronomial,nonpronomial,preposition,nonshifted,postverbal
uzsauca,,Acc,grupu,uz skatuves,1,2,-1,1,3,indefinite,indefinite,nonpronomial,nonpronomial,preposition,nonshifted,postverbal
parāvis,Nom,Acc,Sviftas svārkus,uz augšu,2,2,0,4,2,indefinite,indefinite,nonpronomial,nonpronomial,preposition,shifted,postverbal
teikt,,Acc,runas,uz teātra skatuves,1,3,-2,1,4,indefinite,indefinite,nonpronomial,nonpronomial,preposition,nonshifted,postverbal
vest,,Acc,viņu,uz nodarbībām,1,2,-1,1,3,indefinite,indefinite,pronominal,nonpronomial,preposition,nonshifted,postverbal
parādīt,,Acc,sevi,bez kosmētikas,1,2,-1,1,3,indefinite,indefinite,pronominal,nonpronomial,preposition,nonshifted,postverbal
saķēris,Nom,Acc,Hērdu,aiz matiem,1,2,-1,1,3,indefinite,indefinite,nonpronomial,nonpronomial,preposition,nonshifted,postverbal
atrāvusi,Nom,Acc,kājas,no zemes,1,2,-1,1,3,indefinite,indefinite,nonpronomial,nonpronomial,preposition,nonshifted,postverbal
rīkoja,,Acc,protesta akciju,nedēļu pēc tam kad tiesa noraidīja mākslinieces iesniegumu lauzt viņas līgumu ar ierakstu kompāniju,2,14,-12,2,5,indefinite,indefinite,nonpronomial,pronominal,preposition,nonshifted,postverbal
saņem,,Acc,cienastu,no saimnieces,1,2,-1,3,2,indefinite,indefinite,nonpronomial,nonpronomial,preposition,shifted,postverbal
aizsūtīja,,Acc,meitu,pie psihologa,1,2,-1,1,3,indefinite,indefinite,nonpronomial,nonpronomial,preposition,nonshifted,postverbal
atstājot,,Acc,visu iedzīvi,aiz sevis,2,2,0,4,2,indefinite,indefinite,nonpronomial,pronominal,preposition,shifted,postverbal
pametot,,Acc,visu,aiz sevis,1,2,-1,3,2,indefinite,indefinite,pronominal,pronominal,preposition,shifted,postverbal
aizveda,,Acc,mani,pie ārsta,1,2,-1,1,3,indefinite,indefinite,pronominal,nonpronomial,preposition,nonshifted,postverbal
pagriezu,,Acc,viņu,uz muguras,1,2,-1,1,3,indefinite,indefinite,pronominal,nonpronomial,preposition,nonshifted,postverbal
paņēmu,,Acc,viņa,aiz pleciem,1,2,-1,1,3,indefinite,indefinite,pronominal,nonpronomial,preposition,nonshifted,postverbal
aizvedot,,Acc,zvaigzni,uz drošu vietu,1,3,-2,1,4,indefinite,indefinite,nonpronomial,nonpronomial,preposition,nonshifted,postverbal
datējot,,Acc,to,ar 1985. gada 23. decembri,1,5,-4,1,6,indefinite,indefinite,pronominal,nonpronomial,preposition,nonshifted,postverbal
Turpināju,,Acc,ceļu,pa Kalpaka bulvāri kur nogriezos uz K. Valdemāra ielu lai dotos pāri Vanšu tiltam,1,14,-13,1,4,indefinite,indefinite,nonpronomial,nonpronomial,preposition,nonshifted,postverbal
pārdzīvo,,Acc,grūtus laikus,pēc ilgstošas augsmes posma,2,4,-2,2,6,indefinite,indefinite,nonpronomial,nonpronomial,preposition,nonshifted,postverbal
pārpludināja,,Acc,pilsētas ielas,pēc stipras lietusgāzes,2,3,-1,2,5,indefinite,indefinite,nonpronomial,nonpronomial,preposition,nonshifted,postverbal
ieveidot,,Acc,matus,no rītiem,1,2,-1,1,3,indefinite,indefinite,nonpronomial,nonpronomial,preposition,nonshifted,postverbal
apklusini,,Acc,kritiku,uz visiem laikiem,1,3,-2,1,4,indefinite,indefinite,nonpronomial,nonpronomial,preposition,nonshifted,postverbal
evakuēt,,Acc,iedzīvotājus,no katastrofas apdraudētajām vai skartajām teritorijām,1,6,-5,1,7,indefinite,definite,nonpronomial,nonpronomial,preposition,nonshifted,postverbal
vērst,,Acc,uzmanību,uz Somijas piemēru,1,3,-2,1,4,indefinite,indefinite,nonpronomial,nonpronomial,preposition,nonshifted,postverbal
vēršu,,Acc,jūsu uzmanību,uz to ka noraidot šo priekšlikumu radīsies situācija ka Latvijā varēs tiesāt cilvēku par to ka viņš ir karojis Ukrainas armijā un par to viņam varēs piespriest četrus gadus cietumā,2,30,-28,2,4,indefinite,indefinite,nonpronomial,pronominal,preposition,nonshifted,postverbal
taisīt,,Acc,spoguļattēlu,no Eiropas struktūrām,1,3,-2,1,4,indefinite,indefinite,nonpronomial,nonpronomial,preposition,nonshifted,postverbal
nogādāt,,Acc,viņu galvas,uz sanāksmēm,2,2,0,2,4,indefinite,indefinite,nonpronomial,nonpronomial,preposition,nonshifted,postverbal
Vediet,,Acc,viņu,uz deju skolu,1,3,-2,1,4,indefinite,indefinite,pronominal,nonpronomial,preposition,nonshifted,postverbal
pārstrukturēt,,Acc,savu ekonomiku,uz iekšējo pieprasījumu,2,3,-1,2,5,indefinite,definite,nonpronomial,nonpronomial,preposition,nonshifted,postverbal
izdzēst,,Acc,Latvijas Republiku,no pasaules politiskās kartes,2,4,-2,2,6,indefinite,definite,nonpronomial,nonpronomial,preposition,nonshifted,postverbal
necelt,,Acc,izsniedzamos kredītus,virs cenas par kuru viņiem varbūt nāksies īpašumu pārdot,2,9,-7,2,4,definite,indefinite,nonpronomial,nonpronomial,preposition,nonshifted,postverbal
sāka,,Acc,darbu,pie tiesību aktu projektiem faktiski visās imigrācijas un patvēruma tiesību jomās,1,11,-10,1,5,indefinite,indefinite,nonpronomial,nonpronomial,preposition,nonshifted,postverbal
piesaistīt,,Acc,resursus tai skaitā cilvēkus organizācijas un materiālos resursus,ar nolūku sasniegt kādu kolektīvo mērķi,8,6,2,1,13,indefinite,indefinite,nonpronomial,nonpronomial,preposition,nonshifted,postverbal
nodrošina,,Acc,gan savu resursu pietiekamību gan darbības efektivitāti,ar konkrētas rīcībpolitikas noteikšanu par prioritāru politikas plānošanas dokumentos pēc kuriem vadās lēmumu pieņēmēji,7,14,-7,4,12,indefinite,indefinite,nonpronomial,nonpronomial,preposition,nonshifted,postverbal
analizējot,,Acc,situāciju Apvienotajā Karalistē,par pēdējiem piecdesmit gadiem,3,4,-1,1,7,indefinite,indefinite,nonpronomial,nonpronomial,preposition,nonshifted,postverbal
pamet,,Acc,darbu skolā,samērā neilgi pēc tam kad pabeiguši pedagoģiskās izglītības iestādi,2,9,-7,1,6,indefinite,indefinite,nonpronomial,pronominal,preposition,nonshifted,postverbal
pieprasa,,Acc,skolotājus,uz 6 8 vai 10 stundām nedēļā,1,7,-6,1,9,indefinite,indefinite,nonpronomial,nonpronomial,preposition,nonshifted,postverbal
Aplūkojot,,Acc,salīdzinājumu,pa atsevišķiem lauku rajoniem,1,4,-3,1,5,indefinite,indefinite,nonpronomial,nonpronomial,preposition,nonshifted,postverbal
ņemot,,Acc,pašreizējo situāciju,par pamatu,2,2,0,2,4,definite,indefinite,nonpronomial,nonpronomial,preposition,nonshifted,postverbal
uzceļ,,Acc,krēslu,uz paaugstinājuma,1,2,-1,3,2,indefinite,indefinite,nonpronomial,nonpronomial,preposition,shifted,postverbal
vispārinot,,Acc,izrādes mēģinājumu procesu,pēc K. Staņislavska sistēmas,3,4,-1,3,7,indefinite,indefinite,nonpronomial,nonpronomial,preposition,nonshifted,postverbal
Turpinot,,Acc,darbu,pie promocijas darba tēmas izpētes,1,5,-4,1,6,indefinite,indefinite,nonpronomial,nonpronomial,preposition,nonshifted,postverbal
izrauj,,Acc,to,no sabiedrības,1,2,-1,1,3,indefinite,indefinite,pronominal,nonpronomial,preposition,nonshifted,postverbal
