Verb,Verb_case,Obj_case,NP,PP,NP_len,PP_len,Len_diff,V_NP_d,V_PP_d,NP_definiteness,PP_definiteness,NP_pronominality,PP_pronominality,ADP,Shift,PrePost
nosił,,Acc,co,w sercu,1,2,-1,3,1,indefinite,indefinite,pronominal,nonpronomial,preposition,shifted,preverbal
przenieść,,Gen,Polski,do Azji,1,2,-1,1,2,indefinite,indefinite,nonpronomial,nonpronomial,preposition,nonshifted,preverbal
odchudzała,,,się,w życiu,1,2,-1,4,2,indefinite,indefinite,pronominal,nonpronomial,preposition,shifted,preverbal
malował,,Acc,to,po co,1,2,-1,1,2,indefinite,indefinite,pronominal,pronominal,preposition,nonshifted,preverbal
osiągnąć,,Acc,jeszcze coś,w tamtym środowisku,2,3,-1,4,1,indefinite,indefinite,pronominal,nonpronomial,preposition,shifted,preverbal
wysuwa,,Acc,króla angielskiego,z flotą,2,2,0,4,1,indefinite,indefinite,nonpronomial,nonpronomial,preposition,shifted,preverbal
ukryła,,Acc,to,przed nim,1,2,-1,3,1,indefinite,indefinite,pronominal,pronominal,preposition,shifted,preverbal
zamknęli,,Acc,moje kury,w sąsieku,2,2,0,3,1,indefinite,indefinite,nonpronomial,nonpronomial,preposition,shifted,preverbal
upatrzysz,,Gen,wzmianek o chodzeniu do kościoła,u niej,5,2,3,8,2,indefinite,indefinite,nonpronomial,pronominal,preposition,shifted,preverbal
wrobić,,Acc,nas,w to,1,2,-1,3,1,indefinite,indefinite,pronominal,pronominal,preposition,shifted,preverbal
wytoczył,,Acc,Ciężkie działa,przeciw abolicji,2,2,0,3,1,indefinite,indefinite,nonpronomial,nonpronomial,preposition,shifted,preverbal
pociąga,,Acc,Cię,w nich,1,2,-1,3,1,indefinite,indefinite,pronominal,pronominal,preposition,shifted,preverbal
robić,,Acc,Co,w takim razie,1,3,-2,4,1,indefinite,indefinite,pronominal,nonpronomial,preposition,shifted,preverbal
robić,,Acc,Co,z nimi,1,2,-1,3,1,indefinite,indefinite,pronominal,pronominal,preposition,shifted,preverbal
zrobić,,Acc,Co,z tym,1,2,-1,3,1,indefinite,indefinite,pronominal,pronominal,preposition,shifted,preverbal
ciągnęło,,ase=Npr,go,do koleżków,1,2,-1,4,2,indefinite,indefinite,pronominal,nonpronomial,preposition,shifted,preverbal
zostawić,,Gen,Głupiego samochodu,na parę minut,2,3,-1,4,1,indefinite,indefinite,nonpronomial,nonpronomial,preposition,shifted,preverbal
uczynił,,Acc,krzyż,nad nimi,1,2,-1,3,1,indefinite,indefinite,nonpronomial,pronominal,preposition,shifted,preverbal
ostrzegano,,Acc,mnie,przed nimi,1,2,-1,3,1,indefinite,indefinite,pronominal,pronominal,preposition,shifted,preverbal
opuszcza,,Acc,Francuza,w której,1,2,-1,1,2,indefinite,indefinite,nonpronomial,nonpronomial,preposition,nonshifted,preverbal
ugryzie,,Gen,nikogo,bez brata,1,2,-1,2,3,indefinite,indefinite,pronominal,nonpronomial,preposition,nonshifted,preverbal
trzymać,,Acc,Kij bejsbolowy,pod poduszką,2,2,0,4,1,indefinite,indefinite,nonpronomial,nonpronomial,preposition,shifted,preverbal
obrócić,,Acc,wszystko,w żart,1,2,-1,3,1,indefinite,indefinite,pronominal,nonpronomial,preposition,shifted,preverbal
zawiało,,Acc,całe okno,u Gontarczyków,2,2,0,1,3,indefinite,indefinite,nonpronomial,nonpronomial,preposition,nonshifted,preverbal
gnali,,Acc,Ludzi,z chałup,1,2,-1,3,1,indefinite,indefinite,nonpronomial,nonpronomial,preposition,shifted,preverbal
wydalić,,Acc,to wszystko,z siebie,2,2,0,3,1,indefinite,indefinite,pronominal,pronominal,preposition,shifted,preverbal
zakryła,,Acc,twarz,Na chwilę,1,2,-1,1,2,indefinite,indefinite,nonpronomial,nonpronomial,preposition,nonshifted,preverbal
podliczono,,Acc,wyniki,Na koniec,1,2,-1,1,2,indefinite,indefinite,nonpronomial,nonpronomial,preposition,nonshifted,preverbal
zrealizowali,,Acc,który,po tygodniu,1,2,-1,3,1,indefinite,indefinite,nonpronomial,nonpronomial,preposition,shifted,preverbal
wożę,,Acc,towar,Nie do was jednych,1,4,-3,1,3,indefinite,indefinite,nonpronomial,pronominal,preposition,nonshifted,preverbal
przeszywał,,Acc,serca przychodniów,w każdym momencie,2,3,-1,2,3,indefinite,indefinite,nonpronomial,nonpronomial,preposition,nonshifted,preverbal
zdobywa,,Acc,coraz większą popularność,Od lat siedemdziesiątych,3,3,0,1,5,indefinite,indefinite,nonpronomial,nonpronomial,preposition,nonshifted,preverbal
przynosi,,Acc,Okulary,od siebie z pokoju,1,4,-3,5,3,indefinite,indefinite,nonpronomial,pronominal,preposition,shifted,preverbal
zawija,,Acc,druty,za uszy,1,2,-1,3,1,indefinite,indefinite,nonpronomial,nonpronomial,preposition,shifted,preverbal
skarcić,,ase=Npr,go,za to,1,2,-1,1,2,indefinite,indefinite,pronominal,pronominal,preposition,nonshifted,preverbal
zrobić,,Acc,coś jeszcze,w życiu,2,2,0,4,1,indefinite,indefinite,pronominal,nonpronomial,preposition,shifted,preverbal
palił,,Gen,Papierosów,w szkole,1,2,-1,4,2,indefinite,indefinite,nonpronomial,nonpronomial,preposition,shifted,preverbal
przysłali,,ase=Npr,go,Po co,1,2,-1,2,3,indefinite,indefinite,pronominal,pronominal,preposition,nonshifted,preverbal
zostawiać,,Acc,to,Po co,1,2,-1,1,2,indefinite,indefinite,pronominal,pronominal,preposition,nonshifted,preverbal
zdjęto,,Acc,punkt o odwołaniu zarządu,Po naszym reportażu,4,3,1,4,5,indefinite,indefinite,nonpronomial,nonpronomial,preposition,nonshifted,preverbal
objęła,,Acc,władzę w Algierii,Po przewrocie,3,2,1,3,4,indefinite,indefinite,nonpronomial,nonpronomial,preposition,nonshifted,preverbal
zrobić,,Acc,coś,ze sobą,1,2,-1,3,1,indefinite,indefinite,pronominal,pronominal,preposition,shifted,preverbal
liczy,,Acc,głosy,Poza Centralną Komisją Wyborczą,1,4,-3,1,3,indefinite,indefinite,nonpronomial,nonpronomial,preposition,nonshifted,preverbal
wyrzucił,,ase=Npr,ich,z partii,1,2,-1,4,2,indefinite,indefinite,pronominal,nonpronomial,preposition,shifted,preverbal
oglądać,,Acc,pornole,Przed snem,1,2,-1,1,2,indefinite,indefinite,nonpronomial,nonpronomial,preposition,nonshifted,preverbal
znał,,ase=Npr,jej,Przed wojną,1,2,-1,3,4,indefinite,indefinite,pronominal,nonpronomial,preposition,nonshifted,preverbal
wystawił,,Acc,Przeklęty widok,przed oczy,2,2,0,3,1,indefinite,indefinite,nonpronomial,nonpronomial,preposition,shifted,preverbal
zrobić,,Acc,coś,z tym,1,2,-1,3,1,indefinite,indefinite,pronominal,pronominal,preposition,shifted,preverbal
prosił,,Acc,cię,o co,1,2,-1,1,2,indefinite,indefinite,pronominal,pronominal,preposition,nonshifted,preverbal
skierowano,,Acc,Starszego aspiranta,w prowincjonalnym ośrodku,2,3,-1,4,1,indefinite,indefinite,nonpronomial,nonpronomial,preposition,shifted,preverbal
klepnął,,Acc,mnie,po plecach,1,2,-1,4,2,indefinite,indefinite,pronominal,nonpronomial,preposition,shifted,preverbal
przyjmować,,Acc,gości,na czym,1,2,-1,1,2,indefinite,indefinite,nonpronomial,pronominal,preposition,nonshifted,preverbal
przespała,,Gen,żadnej nocy,do roku,2,2,0,2,4,indefinite,indefinite,nonpronomial,nonpronomial,preposition,nonshifted,preverbal
wypracował,,Acc,dwie bramki dla Lecha,w ostatnim kwadransie,4,3,1,3,5,indefinite,indefinite,nonpronomial,nonpronomial,preposition,nonshifted,preverbal
sprzedano,,Acc,alkohol,w jednym przypadku,1,3,-2,1,2,indefinite,indefinite,nonpronomial,nonpronomial,preposition,nonshifted,preverbal
grają,,Acc,główną rolę,W marzeniach sennych,2,3,-1,1,4,indefinite,indefinite,nonpronomial,nonpronomial,preposition,nonshifted,preverbal
zasypią,,Gen,Warszawy,W najbliższych dniach,1,3,-2,2,3,indefinite,indefinite,nonpronomial,nonpronomial,preposition,nonshifted,preverbal
rozpatrzy,,Acc,zażalenia,W obu przypadkach,1,3,-2,1,2,indefinite,indefinite,nonpronomial,nonpronomial,preposition,nonshifted,preverbal
zamienić,,Gen,słowa,W ogóle,1,2,-1,2,3,indefinite,indefinite,nonpronomial,nonpronomial,preposition,nonshifted,preverbal
odbieram,,Gen,tego,W ogóle,1,2,-1,3,4,indefinite,indefinite,pronominal,nonpronomial,preposition,nonshifted,preverbal
przypieczętował,,Acc,klęskę kolończyków,W ostatniej minucie,2,3,-1,2,3,indefinite,indefinite,nonpronomial,nonpronomial,preposition,nonshifted,preverbal
pokrył,,Acc,jej ruiny,W początkach następnego tysiąclecia,2,4,-2,1,5,indefinite,indefinite,nonpronomial,nonpronomial,preposition,nonshifted,preverbal
napiszę,,Gen,niczego dobrego,W takich warunkach,2,3,-1,3,4,indefinite,indefinite,pronominal,nonpronomial,preposition,nonshifted,preverbal
zajmują,,Gen,wiele przedziałów w pociągach nad morze w góry i na Mazury,W tej sytuacji,11,3,8,11,13,indefinite,indefinite,nonpronomial,nonpronomial,preposition,nonshifted,preverbal
zdobyła,,Acc,znaczne wpływy,W tych miastach,2,3,-1,1,3,indefinite,indefinite,nonpronomial,nonpronomial,preposition,nonshifted,preverbal
pogłębiła,,Acc,uszkodzenia,W tym roku,1,3,-2,1,2,indefinite,indefinite,nonpronomial,nonpronomial,preposition,nonshifted,preverbal
opracowuje,,Acc,budżet,W Unii Europejskiej,1,3,-2,1,3,indefinite,indefinite,nonpronomial,nonpronomial,preposition,nonshifted,preverbal
zapowiedziała,,Acc,zaskarżenie ustawy do sądu,Według KAI,4,2,2,4,5,indefinite,indefinite,nonpronomial,nonpronomial,preposition,nonshifted,preverbal
zaprowadzi,,Acc,mnie,do grobu,1,2,-1,3,1,indefinite,indefinite,pronominal,nonpronomial,preposition,shifted,preverbal
załatwić,,ase=Npr,wszystkie je,po kolei,2,2,0,3,1,indefinite,indefinite,pronominal,nonpronomial,preposition,shifted,preverbal
nakręcono,,Acc,taki film,u nas,2,2,0,1,3,indefinite,indefinite,nonpronomial,pronominal,preposition,nonshifted,preverbal
wsadzić,,Acc,Wędzidło,w zęby,1,2,-1,3,1,indefinite,indefinite,nonpronomial,nonpronomial,preposition,shifted,preverbal
położyć,,Acc,jasne czoło,u stopy braterskiej,2,3,-1,1,4,indefinite,indefinite,nonpronomial,nonpronomial,preposition,nonshifted,preverbal
zlikwidowano,,Acc,bibliotekę,Za Chruszczowa,1,2,-1,1,2,indefinite,indefinite,nonpronomial,nonpronomial,preposition,nonshifted,preverbal
wypuszczono,,ase=Npr,go,po trzech miesiącach,1,3,-2,1,2,indefinite,indefinite,pronominal,nonpronomial,preposition,nonshifted,preverbal
wydaje,,Acc,Zgodę,na adopcję,1,2,-1,3,1,indefinite,indefinite,nonpronomial,nonpronomial,preposition,shifted,preverbal
połącz,,Acc,mnie,z nim,1,2,-1,3,1,indefinite,indefinite,pronominal,pronominal,preposition,shifted,preverbal
zdobyła,,Acc,Złoty medal,w kategorii do 68 kilogramów,2,5,-3,6,4,indefinite,indefinite,nonpronomial,nonpronomial,preposition,shifted,preverbal
znał,,ase=Npr,jej,Przed wojną,1,2,-1,3,4,indefinite,indefinite,pronominal,nonpronomial,preposition,nonshifted,preverbal
zawiało,,Acc,całe okno,u Gontarczyków,2,2,0,1,3,indefinite,indefinite,nonpronomial,nonpronomial,preposition,nonshifted,preverbal
przypieczętował,,Acc,klęskę kolończyków,W ostatniej minucie,2,3,-1,2,3,indefinite,indefinite,nonpronomial,nonpronomial,preposition,nonshifted,preverbal
uczynił,,Acc,krzyż,nad nimi,1,2,-1,3,1,indefinite,indefinite,nonpronomial,pronominal,preposition,shifted,preverbal
nosił,,Acc,co,w sercu,1,2,-1,3,1,indefinite,indefinite,pronominal,nonpronomial,preposition,shifted,preverbal
przysłali,,ase=Npr,go,Po co,1,2,-1,2,3,indefinite,indefinite,pronominal,pronominal,preposition,nonshifted,preverbal
zasypią,,Gen,Warszawy,W najbliższych dniach,1,3,-2,2,3,indefinite,indefinite,nonpronomial,nonpronomial,preposition,nonshifted,preverbal
pogłębiła,,Acc,uszkodzenia,W tym roku,1,3,-2,1,2,indefinite,indefinite,nonpronomial,nonpronomial,preposition,nonshifted,preverbal
wydaje,,Acc,decyzję o odpłatności,W przypadku regionalnej placówki opiekuńczo wychowawczej finansowanej z dochodów własnych samorządu województwa,3,12,-9,3,13,indefinite,indefinite,nonpronomial,nonpronomial,preposition,nonshifted,preverbal
traktowano,,Acc,Polaków,w owej chwili,1,3,-2,4,1,indefinite,indefinite,nonpronomial,nonpronomial,preposition,shifted,preverbal
rozwinął,,Acc,Powyższą koncepcję,w latach późniejszych,2,3,-1,4,2,indefinite,indefinite,nonpronomial,nonpronomial,preposition,shifted,preverbal
niszczysz,,Acc,wszystko,Po drodze do celu,1,4,-3,1,4,indefinite,indefinite,pronominal,nonpronomial,preposition,nonshifted,preverbal
je,,Acc,mięso,na wolności,1,2,-1,1,2,indefinite,indefinite,nonpronomial,nonpronomial,preposition,nonshifted,preverbal
podejmie,,Acc,Regulaminowe decyzje,po wnikliwej analizie protokołu z tego pojedynku,2,7,-5,10,6,indefinite,indefinite,nonpronomial,nonpronomial,preposition,shifted,preverbal
znaleźli,,Acc,zwłoki dziecka,Po prawie dwóch godzinach poszukiwań,2,5,-3,2,4,indefinite,indefinite,nonpronomial,nonpronomial,preposition,nonshifted,preverbal
powierzono,,Acc,modernizację owego mechanizmu,W Polsce,3,2,1,3,4,indefinite,indefinite,nonpronomial,nonpronomial,preposition,nonshifted,preverbal
poprę,,Acc,rząd jako całość,Mimo zastrzeżeń,3,2,1,3,4,indefinite,indefinite,nonpronomial,nonpronomial,preposition,nonshifted,preverbal
transportować,,Acc,gaz,do Europy w tym i Niemiec,1,6,-5,14,12,indefinite,indefinite,nonpronomial,nonpronomial,preposition,shifted,preverbal
napisał,,Acc,Moją staranną biografię,na potrzeby procesu,3,3,0,4,1,indefinite,indefinite,nonpronomial,nonpronomial,preposition,shifted,preverbal
wzięli,,Acc,udział,W turnieju,1,2,-1,1,2,indefinite,indefinite,nonpronomial,nonpronomial,preposition,nonshifted,preverbal
kreują,,Acc,rzeczywistość,w którym,1,2,-1,1,2,indefinite,indefinite,nonpronomial,nonpronomial,preposition,nonshifted,preverbal
zatwierdza,,Acc,statut,W przedsiębiorstwie użyteczności publicznej dla którego organem założycielskim jest wojewoda i którego działalność wykracza poza obszar województwa,1,17,-16,1,19,indefinite,indefinite,nonpronomial,nonpronomial,preposition,nonshifted,preverbal
powołali,,ase=Npr,go,mimo to,1,2,-1,1,2,indefinite,indefinite,pronominal,pronominal,preposition,nonshifted,preverbal
podjęli,,Acc,sztandar walki,W drugiej połowie XIX wieku,2,5,-3,2,5,indefinite,indefinite,nonpronomial,nonpronomial,preposition,nonshifted,preverbal
przyjął,,Acc,poprawki Senatu,wobec nieuzyskania bezwzględnej większości głosów,2,5,-3,2,6,indefinite,indefinite,nonpronomial,nonpronomial,preposition,nonshifted,preverbal
robię,,Acc,to,po co,1,2,-1,1,2,indefinite,indefinite,pronominal,pronominal,preposition,nonshifted,preverbal
ogarnia,,Acc,Człowieka,po prostu,1,2,-1,3,1,indefinite,indefinite,nonpronomial,nonpronomial,preposition,shifted,preverbal
zdjąć,,Acc,kompres,Po 10 20 minutach,1,4,-3,2,3,indefinite,indefinite,nonpronomial,nonpronomial,preposition,nonshifted,preverbal
zrealizować,,Acc,to,w części,1,2,-1,3,1,indefinite,indefinite,pronominal,nonpronomial,preposition,shifted,preverbal
przyjął,,Acc,poprawkę Senatu,wobec nieuzyskania bezwzględnej większości głosów,2,5,-3,2,6,indefinite,indefinite,nonpronomial,nonpronomial,preposition,nonshifted,preverbal
przeprowadził,,Acc,indywidualną akcję,W 8 min spotkania,2,4,-2,1,4,indefinite,indefinite,nonpronomial,nonpronomial,preposition,nonshifted,preverbal
zabrał,,Acc,głos,Na zakończenie uroczystości,1,3,-2,1,3,indefinite,indefinite,nonpronomial,nonpronomial,preposition,nonshifted,preverbal
stosowano,,Acc,leki te,przez pewien czas,2,3,-1,2,3,indefinite,indefinite,nonpronomial,nonpronomial,preposition,nonshifted,preverbal
formułuje,,Acc,afirmacje i modlitwy,Z tej też przyczyny,3,4,-1,3,4,indefinite,indefinite,nonpronomial,nonpronomial,preposition,nonshifted,preverbal
prowadzić,,Acc,Studia uzupełniające magisterskie,Na mocy porozumienia z 5 listopada 1999 r,3,8,-5,4,11,indefinite,indefinite,nonpronomial,nonpronomial,preposition,nonshifted,preverbal
podpisał,,Gen,których,do tej pory,1,3,-2,5,2,indefinite,indefinite,nonpronomial,nonpronomial,preposition,shifted,preverbal
płacić,,Acc,nasz dług,bez względu na to co się będzie działo,2,8,-6,2,10,indefinite,indefinite,nonpronomial,pronominal,preposition,nonshifted,preverbal
podtrzymał,,Acc,Pogróżkowy ton,pod adresem duce,2,3,-1,4,1,indefinite,indefinite,nonpronomial,nonpronomial,preposition,shifted,preverbal
kontrolowało,,Acc,połowę rynku,Jeszcze w połowie 1997 r,2,5,-3,2,6,indefinite,indefinite,nonpronomial,nonpronomial,preposition,nonshifted,preverbal
odebrał,,Acc,życzenia od przedstawicieli władz miejskich kolejowych i zaproszonych gości,W piątek,9,2,7,10,11,indefinite,indefinite,nonpronomial,nonpronomial,preposition,nonshifted,preverbal
założyło,,Acc,swoje przedstawicielstwa,W województwie wielkopolskim zajmującym trzecie miejsce na liście najatrakcyjniejszych regionów,2,10,-8,1,13,indefinite,indefinite,nonpronomial,nonpronomial,preposition,nonshifted,preverbal
mówili,,Gen,nic,w Komitecie,1,2,-1,2,3,indefinite,indefinite,pronominal,nonpronomial,preposition,nonshifted,preverbal
widziano,,Acc,Kazancewa,po raz ostatni,1,3,-2,4,2,indefinite,indefinite,nonpronomial,nonpronomial,preposition,shifted,preverbal
podstawiać,,Acc,policzki,do całowania,1,2,-1,3,1,indefinite,indefinite,nonpronomial,nonpronomial,preposition,shifted,preverbal
stawiali,,Acc,takie zarzuty,We współczesnej dyskusji,2,3,-1,1,3,indefinite,indefinite,nonpronomial,nonpronomial,preposition,nonshifted,preverbal
obgryzły,,Acc,wisielca,na dębie,1,2,-1,4,2,indefinite,indefinite,nonpronomial,nonpronomial,preposition,shifted,preverbal
przeprowadzać,,Acc,kontrole drogowe,już w przyszłym roku,2,4,-2,3,4,indefinite,indefinite,nonpronomial,nonpronomial,preposition,nonshifted,preverbal
wygrać,,Gen,niczego,dla siebie,1,2,-1,3,1,indefinite,indefinite,pronominal,pronominal,preposition,shifted,preverbal
odnaleźli,,Acc,Jego dryfujący jacht Mathilde,w nocy z 3 na 4 maja,4,7,-3,11,6,indefinite,indefinite,nonpronomial,nonpronomial,preposition,shifted,preverbal
widziała,,Acc,mnie,z daleka,1,2,-1,3,1,indefinite,indefinite,pronominal,nonpronomial,preposition,shifted,preverbal
ośmieszano,,Acc,te działania,Przez wiele ostatnich lat,2,4,-2,1,3,indefinite,indefinite,nonpronomial,nonpronomial,preposition,nonshifted,preverbal
podkleił,,Acc,podobiznę cesarza Franciszka Józefa,w którym,4,2,2,4,5,indefinite,indefinite,nonpronomial,nonpronomial,preposition,nonshifted,preverbal
lubiła,,Gen,niczego,mimo wszystkie bunty,1,3,-2,3,5,indefinite,indefinite,pronominal,nonpronomial,preposition,nonshifted,preverbal
kreował,,Acc,jakie,w ECM,1,2,-1,3,1,indefinite,indefinite,nonpronomial,nonpronomial,preposition,shifted,preverbal
odbiera,,Acc,apetyt,z głośnika,1,2,-1,1,2,indefinite,indefinite,nonpronomial,nonpronomial,preposition,nonshifted,preverbal
składali,,Acc,zeznania,Na wczorajszej rozprawie,1,3,-2,1,2,indefinite,indefinite,nonpronomial,nonpronomial,preposition,nonshifted,preverbal
wykonywał,,Acc,Prace metaloplastyczne,w kościele,2,2,0,4,1,indefinite,indefinite,nonpronomial,nonpronomial,preposition,shifted,preverbal
ogłosił,,Acc,którą,prawie dwadzieścia lat po śmierci Franza Kafki,1,7,-6,8,3,indefinite,indefinite,nonpronomial,nonpronomial,preposition,shifted,preverbal
zwrócić,,Gen,"ponad 84,5 tysiąca złotych z dotacji celowej na usuwanie szkód po powodzi",pod koniec 2003 roku,12,4,8,15,5,indefinite,indefinite,nonpronomial,nonpronomial,preposition,shifted,preverbal
wkurzać,,Acc,mnie,na dobre,1,2,-1,3,1,indefinite,indefinite,pronominal,nonpronomial,preposition,shifted,preverbal
oceniono,,Acc,jego majątek,w którym,2,2,0,1,3,indefinite,indefinite,nonpronomial,nonpronomial,preposition,nonshifted,preverbal
przerwano,,Acc,rozprawę,Po czterech godzinach,1,3,-2,1,2,indefinite,indefinite,nonpronomial,nonpronomial,preposition,nonshifted,preverbal
przenosimy,,Acc,okrytego,po godzinie,1,2,-1,1,2,indefinite,indefinite,nonpronomial,nonpronomial,preposition,nonshifted,preverbal
zawieje,,Acc,rozgrzane zabawą dziecko,do tego,3,2,1,2,5,indefinite,indefinite,nonpronomial,pronominal,preposition,nonshifted,preverbal
sprawował,,Acc,Kierownictwo Budowy,Na czele,2,2,0,2,3,indefinite,indefinite,nonpronomial,nonpronomial,preposition,nonshifted,preverbal
położono,,Acc,którą,na nich,1,2,-1,3,1,indefinite,indefinite,nonpronomial,pronominal,preposition,shifted,preverbal
faszeruje,,Acc,pierogi,zamiast mięsa,1,2,-1,3,1,indefinite,indefinite,nonpronomial,nonpronomial,preposition,shifted,preverbal
kieruję,,Acc,całość materiałów,Z tych też względów,2,4,-2,2,3,indefinite,indefinite,nonpronomial,nonpronomial,preposition,nonshifted,preverbal
wyjmować,,Acc,kiszoną kapustę i ogórki,z beczki,4,2,2,6,2,indefinite,indefinite,nonpronomial,nonpronomial,preposition,shifted,preverbal
widział,,ase=Npr,go,w jakich,1,2,-1,1,2,indefinite,indefinite,pronominal,nonpronomial,preposition,nonshifted,preverbal
zrobił,,Acc,coś dobrego,dla społeczeństwa,2,2,0,4,1,indefinite,indefinite,pronominal,nonpronomial,preposition,shifted,preverbal
przedstawia,,Acc,wojnę,W sporządzanych na gorąco po kampanii wrześniowej zapiskach 19-latka,1,9,-8,1,3,indefinite,indefinite,nonpronomial,nonpronomial,preposition,nonshifted,preverbal
wypowiedział,,Acc,które,po mojej ostatniej ocenie,1,4,-3,5,1,indefinite,indefinite,nonpronomial,nonpronomial,preposition,shifted,preverbal
przekazali,,Acc,życzenia owocnych obrad,W tym dniu,3,3,0,3,4,indefinite,indefinite,nonpronomial,nonpronomial,preposition,nonshifted,preverbal
przyjął,,Acc,poprawkę Senatu,wobec nieuzyskania bezwzględnej większości głosów,2,5,-3,2,6,indefinite,indefinite,nonpronomial,nonpronomial,preposition,nonshifted,preverbal
przeprowadzano,,Acc,Rodzinne przeszczepy nerki,do tej pory,3,3,0,5,1,indefinite,indefinite,nonpronomial,nonpronomial,preposition,shifted,preverbal
zaakceptować,,ase=Npr,go,z pokorą,1,2,-1,1,2,indefinite,indefinite,pronominal,nonpronomial,preposition,nonshifted,preverbal
czuje,,Acc,obecność zmarłego,w którym,2,2,0,2,3,indefinite,indefinite,nonpronomial,nonpronomial,preposition,nonshifted,preverbal
wywołuje,,Acc,szum,w Brukseli,1,2,-1,3,1,indefinite,indefinite,nonpronomial,nonpronomial,preposition,shifted,preverbal
szukał,,Gen,czego,w niej,1,2,-1,3,1,indefinite,indefinite,pronominal,pronominal,preposition,shifted,preverbal
spędzamy,,Acc,większość czasu,W ciągu roku,2,3,-1,2,3,indefinite,indefinite,nonpronomial,nonpronomial,preposition,nonshifted,preverbal
wypił,,Acc,ile,i z kim,1,3,-2,4,1,indefinite,indefinite,nonpronomial,pronominal,preposition,shifted,preverbal
brukowano,,Acc,ulice,w biedniejszych dzielnicach,1,3,-2,1,2,indefinite,indefinite,nonpronomial,nonpronomial,preposition,nonshifted,preverbal
postawią,,Acc,co,przed nim,1,2,-1,3,1,indefinite,indefinite,pronominal,pronominal,preposition,shifted,preverbal
deponuje,,Acc,pieniądze,do czasu zakończenia subskrypcji lokaty,1,5,-4,1,6,indefinite,indefinite,nonpronomial,nonpronomial,preposition,nonshifted,preverbal
powlokła,,Acc,rozryczanego,po czym,1,2,-1,3,4,indefinite,indefinite,nonpronomial,pronominal,preposition,nonshifted,preverbal
obarczano,,Acc,Eisenhowera,pod koniec rządów,1,3,-2,4,2,indefinite,indefinite,nonpronomial,nonpronomial,preposition,shifted,preverbal
przeglądał,,Acc,które,przed chwilą,1,2,-1,3,1,indefinite,indefinite,nonpronomial,nonpronomial,preposition,shifted,preverbal
filmował,,Acc,kogo,i po co,1,3,-2,4,1,indefinite,indefinite,pronominal,pronominal,preposition,shifted,preverbal
przetestowano,,Acc,ochotników,podczas którego,1,2,-1,1,2,indefinite,indefinite,nonpronomial,nonpronomial,preposition,nonshifted,preverbal
wypominał,,Gen,wieku,w bardziej czy mniej bezpośredni sposób,1,6,-5,1,2,indefinite,indefinite,nonpronomial,nonpronomial,preposition,nonshifted,preverbal
zrobiono,,Gen,czego,i za ile,1,3,-2,4,1,indefinite,indefinite,pronominal,nonpronomial,preposition,shifted,preverbal
przywieziono,,ase=Npr,je,w którym,1,2,-1,1,2,indefinite,indefinite,pronominal,nonpronomial,preposition,nonshifted,preverbal
zwaliło,,Acc,mnie,po prostu,1,2,-1,3,1,indefinite,indefinite,pronominal,nonpronomial,preposition,shifted,preverbal
proszkowano,,Acc,mumię,Ze względu na lecznicze właściwości smoły ziemnej którą balsamowano ciało,1,10,-9,1,9,indefinite,indefinite,nonpronomial,nonpronomial,preposition,nonshifted,preverbal
degustuje,,Acc,świeży pachnący miód,Podczas miodobrania,3,2,1,1,5,indefinite,indefinite,nonpronomial,nonpronomial,preposition,nonshifted,preverbal
stworzył,,Acc,zęby,po to,1,2,-1,1,2,indefinite,indefinite,nonpronomial,nonpronomial,preposition,nonshifted,preverbal
niesiesz,,Acc,plecak śpiwór i karimatę,na górskiej wycieczce,4,3,1,5,6,indefinite,indefinite,nonpronomial,nonpronomial,preposition,nonshifted,preverbal
zawiodło,,Acc,mnie,z lekka,1,2,-1,3,1,indefinite,indefinite,pronominal,nonpronomial,preposition,shifted,preverbal
uważa,,Acc,te domowe jaszczurki,w niektórych częściach Indonezji,3,4,-1,1,5,indefinite,indefinite,nonpronomial,nonpronomial,preposition,nonshifted,preverbal
przekazano,,Acc,sprawę,w których,1,2,-1,1,2,indefinite,indefinite,nonpronomial,nonpronomial,preposition,nonshifted,preverbal
stosuje,,Acc,postanowienia proceduralne niniejszej umowy,W takich przypadkach,4,3,1,4,5,indefinite,indefinite,nonpronomial,nonpronomial,preposition,nonshifted,preverbal
przygotowano,,Acc,które,dla niego,1,2,-1,3,1,indefinite,indefinite,nonpronomial,pronominal,preposition,shifted,preverbal
zastępuje,,Acc,artykuły i załączniki do dyrektywy 64/432/EWG,Od dnia 1 lipca 1998 r,6,6,0,6,13,indefinite,indefinite,nonpronomial,nonpronomial,preposition,nonshifted,preverbal
nakłada,,Acc,spoiwo,w toku której,1,3,-2,1,2,indefinite,indefinite,nonpronomial,nonpronomial,preposition,nonshifted,preverbal
zarejestrowano,,Acc,nazwę Bayerisches Bier,Na mocy art 1 rozporządzenia nr 1347/2001,3,7,-4,5,11,indefinite,indefinite,nonpronomial,nonpronomial,preposition,nonshifted,preverbal
wyjąć,,ase=Npr,go,z niego,1,2,-1,3,1,indefinite,indefinite,pronominal,pronominal,preposition,shifted,preverbal
uważa,,Acc,następujące produkty,Do celów wykonania Umowy,2,4,-2,1,4,indefinite,indefinite,nonpronomial,nonpronomial,preposition,nonshifted,preverbal
wybiera,,Acc,zapraszane przedsiębiorstwa,W przypadku pozyskiwania produktów we Wspólnocie,2,6,-4,1,7,indefinite,indefinite,nonpronomial,nonpronomial,preposition,nonshifted,preverbal
widywała,,Acc,cię,dla których,1,2,-1,1,2,indefinite,indefinite,pronominal,nonpronomial,preposition,nonshifted,preverbal
oblicza,,Acc,Całkowity FISIM,według sektora instytucjonalnego,2,3,-1,4,2,indefinite,indefinite,nonpronomial,nonpronomial,preposition,shifted,preverbal
robimy,,Acc,co,w takiej sytuacji,1,3,-2,4,1,indefinite,indefinite,pronominal,nonpronomial,preposition,shifted,preverbal
