Verb,Verb_case,Obj_case,NP,PP,NP_len,PP_len,Len_diff,V_NP_d,V_PP_d,NP_definiteness,PP_definiteness,NP_pronominality,PP_pronominality,ADP,Shift,PrePost
пользовались,,Ins,наибольшей популярностью,В этот период,2,3,-1,1,3,indefinite,indefinite,nonpronomial,nonpronomial,preposition,nonshifted,preverbal
знал,,Gen,ничего,о таком платеже за его трансфер,1,6,-5,2,6,indefinite,indefinite,pronominal,nonpronomial,preposition,nonshifted,preverbal
называют,,Acc,косой крест,В России,2,2,0,2,4,indefinite,indefinite,nonpronomial,nonpronomial,preposition,nonshifted,preverbal
сообщают,,Acc,ничего,о Предславе,1,2,-1,2,3,indefinite,indefinite,pronominal,nonpronomial,preposition,nonshifted,preverbal
проходило,,Acc,Спецподготовку по диверсионной работе,в лагерях абвера Закопане Крыныци Команчи,4,6,-2,12,7,indefinite,indefinite,nonpronomial,nonpronomial,preposition,shifted,preverbal
дают,,Acc,примеры этого понятия,В случае высказываний,3,3,0,3,6,indefinite,indefinite,nonpronomial,nonpronomial,preposition,nonshifted,preverbal
стали,,Ins,Инициаторами создания 1-й Студии,в 1912 году,4,3,1,7,1,indefinite,indefinite,nonpronomial,nonpronomial,preposition,shifted,preverbal
объединили,,Acc,Юго-Восточный Западный и Нижне-Амурский лагеря,В январе феврале 1940 года,5,5,0,1,11,indefinite,indefinite,nonpronomial,nonpronomial,preposition,nonshifted,preverbal
можно,,Acc,воду,непосредственно перед городом,1,3,-2,1,2,indefinite,indefinite,nonpronomial,nonpronomial,preposition,nonshifted,preverbal
достраивал,,Acc,последние паровозы,в 1942 году,2,3,-1,4,1,indefinite,indefinite,nonpronomial,nonpronomial,preposition,shifted,preverbal
повторил,,Acc,эти обвинения,в Веке Людовика XIV,2,4,-2,2,8,indefinite,indefinite,nonpronomial,nonpronomial,preposition,nonshifted,preverbal
забил,,Acc,Единственный мяч,у Гамбурга,2,2,0,5,2,indefinite,indefinite,nonpronomial,nonpronomial,preposition,shifted,preverbal
сжёг,,Acc,город,в 1676 году,1,3,-2,1,2,indefinite,indefinite,nonpronomial,nonpronomial,preposition,nonshifted,preverbal
можно,,Acc,взрослые экземпляры,В США,2,2,0,1,3,indefinite,indefinite,nonpronomial,nonpronomial,preposition,nonshifted,preverbal
удалось,,Acc,дело,благодаря вмешательству голливудских воротил,1,4,-3,1,4,indefinite,indefinite,nonpronomial,nonpronomial,preposition,nonshifted,preverbal
сравнивали,,Acc,космос,по Порфирию,1,2,-1,1,3,indefinite,indefinite,nonpronomial,nonpronomial,preposition,nonshifted,preverbal
поддерживает,,Acc,оппозицию,в Сирии,1,2,-1,3,1,indefinite,indefinite,nonpronomial,nonpronomial,preposition,shifted,preverbal
можно,,Acc,деревенские мотивы,в Австрии,2,2,0,1,3,indefinite,indefinite,nonpronomial,nonpronomial,preposition,nonshifted,preverbal
покинуло,,Acc,евангелическо-лютеранскую церковь,по результатам которых,2,3,-1,1,4,indefinite,indefinite,nonpronomial,nonpronomial,preposition,nonshifted,preverbal
выделяют,,Acc,его,из которых,1,2,-1,1,2,indefinite,indefinite,pronominal,pronominal,preposition,nonshifted,preverbal
строили,,Acc,его,Для уменьшения веса судна,1,4,-3,1,4,indefinite,indefinite,pronominal,nonpronomial,preposition,nonshifted,preverbal
выселили,,Acc,семью,В тридцатом году,1,3,-2,2,3,indefinite,indefinite,nonpronomial,nonpronomial,preposition,nonshifted,preverbal
открыл,,,Rosa odorata,Для Европы,2,2,0,2,3,indefinite,indefinite,nonpronomial,nonpronomial,preposition,nonshifted,preverbal
посетил,,Acc,дацан,В 1891 году,1,3,-2,1,2,indefinite,indefinite,nonpronomial,nonpronomial,preposition,nonshifted,preverbal
посетил,,Acc,епархию Гроссето,с пастырским визитом,2,3,-1,5,1,indefinite,indefinite,nonpronomial,nonpronomial,preposition,shifted,preverbal
стал,,Ins,Первым соперником Канделаки,на турнире,3,2,1,4,1,indefinite,indefinite,nonpronomial,nonpronomial,preposition,shifted,preverbal
подразделяют,,Acc,мази,По типу дисперсных систем,1,4,-3,1,4,indefinite,indefinite,nonpronomial,nonpronomial,preposition,nonshifted,preverbal
посетил,,Acc,Голливуд,В 1935 году,1,3,-2,1,2,indefinite,indefinite,nonpronomial,nonpronomial,preposition,nonshifted,preverbal
называют,,Acc,молды а также магов тактиков которые их носят,В народе далёком от магии,8,5,3,12,16,indefinite,indefinite,nonpronomial,nonpronomial,preposition,nonshifted,preverbal
исполнял,,Nom,обязанности тренера,из-за того что известная в прошлом связующая сборных СССР и Хорватии готовилась стать матерью,2,14,-12,2,17,indefinite,indefinite,nonpronomial,pronominal,preposition,nonshifted,preverbal
сменил,,Gen,которого,по ходу сезона,1,3,-2,4,2,indefinite,indefinite,pronominal,nonpronomial,preposition,shifted,preverbal
принимал,,Gen,участия,в них,1,2,-1,2,3,indefinite,indefinite,nonpronomial,pronominal,preposition,nonshifted,preverbal
приговорили,,Acc,Симмонса,за которое,1,2,-1,1,2,indefinite,indefinite,nonpronomial,pronominal,preposition,nonshifted,preverbal
возьмет,,Acc,эту функцию,Со временем,2,2,0,1,3,indefinite,indefinite,nonpronomial,nonpronomial,preposition,nonshifted,preverbal
исполняет,,Acc,должность кмета старосты,В местном кметстве Вишна в состав которого входит Вишна,3,9,-6,5,14,indefinite,indefinite,nonpronomial,nonpronomial,preposition,nonshifted,preverbal
сковал,,Acc,реку Нирендукан,вопреки ожиданиям,2,2,0,7,3,indefinite,indefinite,nonpronomial,nonpronomial,preposition,shifted,preverbal
можно,,Nom,ток,в любом ребре,1,3,-2,4,1,indefinite,indefinite,nonpronomial,nonpronomial,preposition,shifted,preverbal
планировалось,,Acc,которую,в период с 1960 1961 гг. до 1989 г.,1,9,-8,11,9,indefinite,indefinite,pronominal,nonpronomial,preposition,shifted,preverbal
получали,,Acc,которое,в разное время,1,3,-2,8,5,indefinite,indefinite,pronominal,nonpronomial,preposition,shifted,preverbal
писал,,Nom,которые,в частности,1,2,-1,3,1,indefinite,indefinite,pronominal,nonpronomial,preposition,shifted,preverbal
считают,,Acc,операцию по обмену Шалита на заключённых,В Газе,6,2,4,6,7,indefinite,indefinite,nonpronomial,nonpronomial,preposition,nonshifted,preverbal
зарезал,,Acc,Важарова и Александрова,в результате которой,3,3,0,3,5,indefinite,indefinite,nonpronomial,nonpronomial,preposition,nonshifted,preverbal
связывают,,Acc,начало государственной службы в России как образование чиновничества,В связи с этим,8,4,4,10,14,indefinite,indefinite,nonpronomial,nonpronomial,preposition,nonshifted,preverbal
пригласили,,Acc,Елену,В 14 лет,1,3,-2,1,2,indefinite,indefinite,nonpronomial,nonpronomial,preposition,nonshifted,preverbal
требуется,,Dat,такому мальчику а в будущем и мужчине,для достижения сильного полового возбуждения,7,5,2,9,14,indefinite,indefinite,nonpronomial,nonpronomial,preposition,nonshifted,preverbal
перевели,,Acc,Лыонга,После такого успеха,1,3,-2,1,2,indefinite,indefinite,nonpronomial,nonpronomial,preposition,nonshifted,preverbal
стал,,Ins,автором первого в истории гола сборной Украины,В этом же матче,7,4,3,7,8,indefinite,indefinite,nonpronomial,nonpronomial,preposition,nonshifted,preverbal
менять,,Acc,Конечный пункт Южно-Уэльской железной дороги,на западе пришлось менять как и на востоке,5,8,-3,9,2,indefinite,indefinite,nonpronomial,nonpronomial,preposition,shifted,preverbal
толкал,,Acc,которую,до этого момента,1,3,-2,4,1,indefinite,indefinite,pronominal,nonpronomial,preposition,shifted,preverbal
присылают,,Acc,которых,после боя,1,2,-1,3,1,indefinite,indefinite,pronominal,nonpronomial,preposition,shifted,preverbal
порошило,,Acc,орудийные окопы,в пустыне,2,2,0,1,3,indefinite,indefinite,nonpronomial,nonpronomial,preposition,nonshifted,preverbal
вспоминают,,Acc,эту операцию длившуюся шесть лет,в Центре им. Грабаря,5,4,1,6,10,indefinite,indefinite,nonpronomial,nonpronomial,preposition,nonshifted,preverbal
делает,,Acc,это,Во Франции,1,2,-1,1,2,indefinite,indefinite,pronominal,nonpronomial,preposition,nonshifted,preverbal
ремонтировать,,Acc,себя,в той или иной мере,1,5,-4,1,2,indefinite,indefinite,pronominal,nonpronomial,preposition,nonshifted,preverbal
определяли,,Acc,целесообразность использования тех или иных растений,в былые времена,6,3,3,6,7,indefinite,indefinite,nonpronomial,nonpronomial,preposition,nonshifted,preverbal
получила,,Acc,первую премию,на специальном конкурсе в Швейцарии,2,5,-3,1,5,indefinite,indefinite,nonpronomial,nonpronomial,preposition,nonshifted,preverbal
держали,,Acc,весь рынок виртуальных манекенов,В прошлом 2002 году,4,4,0,4,6,indefinite,indefinite,nonpronomial,nonpronomial,preposition,nonshifted,preverbal
начали,,Acc,первые выборочные проверки частных вкладов и соответственно их держателей,в Германии,9,2,7,10,13,indefinite,indefinite,nonpronomial,nonpronomial,preposition,nonshifted,preverbal
обязывают,,Acc,Швейцарию,ни к чему,1,3,-2,5,2,indefinite,indefinite,nonpronomial,pronominal,preposition,shifted,preverbal
делить,,Acc,себя,ни с чем,1,3,-2,4,1,indefinite,indefinite,pronominal,pronominal,preposition,shifted,preverbal
выделили,,Acc,эту разрушительную энергию,и в народе,3,3,0,5,2,indefinite,indefinite,nonpronomial,nonpronomial,preposition,shifted,preverbal
делить,,Acc,себя,ни с чем,1,3,-2,4,1,indefinite,indefinite,pronominal,pronominal,preposition,shifted,preverbal
делить,,Acc,себя,ни с чем,1,3,-2,4,1,indefinite,indefinite,pronominal,pronominal,preposition,shifted,preverbal
сосчитали,,Acc,все,к концу нашего пребывания,1,4,-3,1,4,indefinite,indefinite,pronominal,nonpronomial,preposition,nonshifted,preverbal
потрясло,,Acc,Европу,в 1848 году,1,3,-2,1,2,indefinite,indefinite,nonpronomial,nonpronomial,preposition,nonshifted,preverbal
причислить,,Acc,кого,по характеру,1,2,-1,6,4,indefinite,indefinite,pronominal,nonpronomial,preposition,shifted,preverbal
знает,,Acc,предназначение и длину которых,по сей день,4,3,1,8,2,indefinite,indefinite,nonpronomial,nonpronomial,preposition,shifted,preverbal
паковали,,Acc,То что находили а что именно до сих пор неизвестно,со всей осторожностью,10,3,7,18,1,indefinite,indefinite,pronominal,nonpronomial,preposition,shifted,preverbal
делает,,Acc,которую,в нашей стране,1,3,-2,5,2,indefinite,indefinite,pronominal,nonpronomial,preposition,shifted,preverbal
варьировать,,Acc,которую,при желании,1,2,-1,4,2,indefinite,indefinite,pronominal,nonpronomial,preposition,shifted,preverbal
найти,,Acc,вас,по которым,1,2,-1,2,3,indefinite,indefinite,pronominal,pronominal,preposition,nonshifted,preverbal
засняли,,Acc,все это дело,на камеры,3,2,1,3,1,indefinite,indefinite,nonpronomial,nonpronomial,preposition,shifted,preverbal
украли,,Acc,карту,у вас,1,2,-1,3,1,indefinite,indefinite,nonpronomial,pronominal,preposition,shifted,preverbal
взял,,Acc,юного художника,После отъезда Шагала,2,3,-1,1,4,indefinite,indefinite,nonpronomial,nonpronomial,preposition,nonshifted,preverbal
приобрели,,Acc,картины Зевина,В свое время,2,3,-1,2,3,indefinite,indefinite,nonpronomial,nonpronomial,preposition,nonshifted,preverbal
делать,,Acc,что-нибудь,в Москве,1,2,-1,4,2,indefinite,indefinite,pronominal,nonpronomial,preposition,shifted,preverbal
увидели,,Acc,свет,в наше время,1,3,-2,1,2,indefinite,indefinite,nonpronomial,nonpronomial,preposition,nonshifted,preverbal
купите,,Acc,что,на обоих нас,1,3,-2,4,1,indefinite,indefinite,pronominal,pronominal,preposition,shifted,preverbal
заняла,,Acc,Особое место,в послании,2,2,0,3,1,indefinite,indefinite,nonpronomial,nonpronomial,preposition,shifted,preverbal
похвалили,,Acc,Исполняющего обязанности президента Чечни,в числе прочих,4,3,1,5,2,indefinite,indefinite,nonpronomial,nonpronomial,preposition,shifted,preverbal
запускать,,Acc,эту идею,не в данный момент а именно через год,2,8,-6,10,6,indefinite,indefinite,nonpronomial,nonpronomial,preposition,shifted,preverbal
получили,,Acc,широкое обсуждение,В ходе научных мероприятий чемпионата,2,5,-3,1,4,indefinite,indefinite,nonpronomial,nonpronomial,preposition,nonshifted,preverbal
имеют,,Acc,какие преимущества и недостатки,в краткосрочной и долгосрочной перспективе,4,5,-1,8,1,indefinite,indefinite,nonpronomial,nonpronomial,preposition,shifted,preverbal
упрекнут,,Acc,тебя,в чем-то,1,2,-1,3,1,indefinite,indefinite,pronominal,pronominal,preposition,shifted,preverbal
поделаешь,,Acc,что уж,с тобой,2,2,0,4,1,indefinite,indefinite,pronominal,pronominal,preposition,shifted,preverbal
экранировать,,Acc,эти источники,по возможности,2,2,0,1,3,indefinite,indefinite,nonpronomial,nonpronomial,preposition,nonshifted,preverbal
проявляли,,Acc,активность,помимо клина,1,2,-1,1,3,indefinite,indefinite,nonpronomial,nonpronomial,preposition,nonshifted,preverbal
воспринимали,,Acc,их,В лучшем случае,1,3,-2,2,3,indefinite,indefinite,pronominal,nonpronomial,preposition,nonshifted,preverbal
нашли,,Acc,Похитителей ценностей,спустя какое-то время,2,3,-1,5,1,indefinite,indefinite,nonpronomial,nonpronomial,preposition,shifted,preverbal
ожидает,,Acc,планету,согласно этим данным,1,3,-2,1,2,indefinite,indefinite,nonpronomial,nonpronomial,preposition,nonshifted,preverbal
выполняют,,Acc,эту функцию,В тюрьме,2,2,0,1,3,indefinite,indefinite,nonpronomial,nonpronomial,preposition,nonshifted,preverbal
обыскивают,,Acc,всех,При входе в тюрьму категории А,1,6,-5,2,7,indefinite,indefinite,pronominal,nonpronomial,preposition,nonshifted,preverbal
представить,,Acc,английскую жизнь,без которых,2,2,0,1,3,indefinite,indefinite,nonpronomial,pronominal,preposition,nonshifted,preverbal
тошнит,,Acc,их,после работы,1,2,-1,2,3,indefinite,indefinite,pronominal,nonpronomial,preposition,nonshifted,preverbal
прекращают,,Acc,введение гидрокортизона,При нормальном ответе коры надпочечников,2,5,-3,2,5,indefinite,indefinite,nonpronomial,nonpronomial,preposition,nonshifted,preverbal
установили,,Acc,его,Перед празднованием 300-летия Петербурга,1,4,-3,1,4,indefinite,indefinite,pronominal,nonpronomial,preposition,nonshifted,preverbal
заплатил,,Acc,свою цену,За освобождение экономики,2,3,-1,1,4,indefinite,indefinite,nonpronomial,nonpronomial,preposition,nonshifted,preverbal
решает,,Acc,все,за Ельцина,1,2,-1,1,2,indefinite,indefinite,pronominal,nonpronomial,preposition,nonshifted,preverbal
связывать,,Acc,любое воровство какого-нибудь проходимца возглавлявшего к примеру рыбную отрасль,После этого,9,2,7,13,15,indefinite,indefinite,nonpronomial,pronominal,preposition,nonshifted,preverbal
одобрила,,Acc,"Выбор сделанный Борисом Ельциным в 99-м,","в отличие от его же выбора 91-го,",6,7,-1,16,4,indefinite,indefinite,nonpronomial,nonpronomial,preposition,shifted,preverbal
облагодетельствовал,,Acc,вас,в политическом смысле,1,3,-2,4,1,indefinite,indefinite,pronominal,nonpronomial,preposition,shifted,preverbal
ожидала,,Acc,смельчаков,за следующим поворотом,1,3,-2,1,3,indefinite,indefinite,nonpronomial,nonpronomial,preposition,nonshifted,preverbal
подняли,,Acc,зарплату,Сразу после войны когда нужно было делать Бомбу,1,8,-7,1,9,indefinite,indefinite,nonpronomial,nonpronomial,preposition,nonshifted,preverbal
проявляете,,Acc,такую большую любовь,ко мне,3,2,1,1,4,indefinite,indefinite,nonpronomial,pronominal,preposition,nonshifted,preverbal
вернули,,Acc,всех,в 1946 году,1,3,-2,1,2,indefinite,indefinite,pronominal,nonpronomial,preposition,nonshifted,preverbal
делали,,Acc,бомбу,у нас,1,2,-1,1,2,indefinite,indefinite,nonpronomial,pronominal,preposition,nonshifted,preverbal
представлял,,Acc,ЗАО ЛУКОЙЛ Пермь,на объединенном конкурсе,3,3,0,9,1,indefinite,indefinite,nonpronomial,nonpronomial,preposition,shifted,preverbal
имеют,,Acc,доступ к таким школам красоты,в России,5,2,3,7,1,indefinite,indefinite,nonpronomial,nonpronomial,preposition,shifted,preverbal
принимали,,Acc,их,в Париже,1,2,-1,2,3,indefinite,indefinite,pronominal,nonpronomial,preposition,nonshifted,preverbal
спутаешь,,Acc,не только русских но и шведов и немцев и всех других,на парижских улицах,11,3,8,17,3,indefinite,indefinite,nonpronomial,nonpronomial,preposition,shifted,preverbal
посетила,,Acc,руководство КПРФ,Примерно за полтора года до прошлых думских выборов,2,8,-6,2,7,indefinite,indefinite,nonpronomial,nonpronomial,preposition,nonshifted,preverbal
называют,,Acc,которых,в компартии,1,2,-1,5,3,indefinite,indefinite,pronominal,nonpronomial,preposition,shifted,preverbal
похоронят,,Acc,его,в котором,1,2,-1,1,2,indefinite,indefinite,pronominal,pronominal,preposition,nonshifted,preverbal
похоронят,,Acc,его,на какие средства,1,3,-2,1,2,indefinite,indefinite,pronominal,nonpronomial,preposition,nonshifted,preverbal
покрывала,,Acc,голову,с тыла,1,2,-1,2,3,indefinite,indefinite,nonpronomial,nonpronomial,preposition,nonshifted,preverbal
понесло,,Acc,его,на этот раз,1,3,-2,1,2,indefinite,indefinite,pronominal,nonpronomial,preposition,nonshifted,preverbal
пошатывало,,Acc,его,от чего,1,2,-1,1,2,indefinite,indefinite,pronominal,pronominal,preposition,nonshifted,preverbal
напугал,,Acc,Крэка,в нем,1,2,-1,2,3,indefinite,indefinite,nonpronomial,pronominal,preposition,nonshifted,preverbal
справлять,,Acc,медовый месяц,В гробу,2,2,0,1,3,indefinite,indefinite,nonpronomial,nonpronomial,preposition,nonshifted,preverbal
несло,,,Остапа,Между тем,1,2,-1,2,4,indefinite,indefinite,nonpronomial,pronominal,preposition,nonshifted,preverbal
отложили,,Acc,рассмотрение этого вопроса,на июньском пленуме ЦК КПРФ,3,5,-2,3,6,indefinite,indefinite,nonpronomial,nonpronomial,preposition,nonshifted,preverbal
отпустили,,Acc,его,В последний раз,1,3,-2,1,2,indefinite,indefinite,pronominal,nonpronomial,preposition,nonshifted,preverbal
захватила,,Acc,власть,в октябре 1917 года,1,4,-3,1,4,indefinite,indefinite,nonpronomial,nonpronomial,preposition,nonshifted,preverbal
преобразовали,,Acc,комитет,В январе 1919 года,1,4,-3,1,4,indefinite,indefinite,nonpronomial,nonpronomial,preposition,nonshifted,preverbal
занял,,Acc,пост премьер-министра,В 1927 году,2,3,-1,2,3,indefinite,indefinite,nonpronomial,nonpronomial,preposition,nonshifted,preverbal
поразил,,Acc,мир капитализма,В 1929 году,2,3,-1,2,3,indefinite,indefinite,nonpronomial,nonpronomial,preposition,nonshifted,preverbal
отмечает,,Acc,чье 125-летие,в этом году,2,3,-1,4,1,indefinite,indefinite,nonpronomial,nonpronomial,preposition,shifted,preverbal
захватили,,Acc,эту винтовку,уже через две недели,2,4,-2,7,3,indefinite,indefinite,nonpronomial,nonpronomial,preposition,shifted,preverbal
занимает,,Acc,Важное место,в творчестве ученого,2,3,-1,4,2,indefinite,indefinite,nonpronomial,nonpronomial,preposition,shifted,preverbal
воспитывают,,Acc,мальчиков,в России,1,2,-1,1,2,indefinite,indefinite,nonpronomial,nonpronomial,preposition,nonshifted,preverbal
прочесывают,,Acc,горы,при этом,1,2,-1,3,1,indefinite,indefinite,nonpronomial,pronominal,preposition,shifted,preverbal
делать,,Acc,что,с ними,1,2,-1,3,1,indefinite,indefinite,pronominal,pronominal,preposition,shifted,preverbal
понять,,Acc,эту истину,в Вашингтоне Лондоне и Берлине,2,5,-3,7,5,indefinite,indefinite,nonpronomial,nonpronomial,preposition,shifted,preverbal
называют,,Acc,повороты к свободе,На Западе,3,2,1,3,4,indefinite,indefinite,nonpronomial,nonpronomial,preposition,nonshifted,preverbal
бросили,,Acc,меня,В поселке Майна на берегу Енисея,1,6,-5,1,6,indefinite,indefinite,pronominal,nonpronomial,preposition,nonshifted,preverbal
берут,,Acc,его сотрудников,с удовольствием,2,2,0,3,1,indefinite,indefinite,nonpronomial,nonpronomial,preposition,shifted,preverbal
получили,,Acc,наибольшее распространение,среди которых,2,2,0,1,3,indefinite,indefinite,nonpronomial,pronominal,preposition,nonshifted,preverbal
занимал,,Acc,вялую и почти нейтральную позицию,в спорах сталинистов и антисталинистов раздиравших партруководство в решающие месяцы конца 1955-го начала 1956 года,5,15,-10,1,22,indefinite,indefinite,nonpronomial,nonpronomial,preposition,nonshifted,preverbal
сместил,,Acc,неудачливого главу правительства,В 1955 году,3,3,0,2,4,indefinite,indefinite,nonpronomial,nonpronomial,preposition,nonshifted,preverbal
скажут,,Acc,что,про Иран,1,2,-1,3,1,indefinite,indefinite,pronominal,nonpronomial,preposition,shifted,preverbal
делать,,Acc,что же,с этим богатством,2,3,-1,5,1,indefinite,indefinite,pronominal,nonpronomial,preposition,shifted,preverbal
умножать,,Acc,что-либо,на тот ноль который в этой графе наблюдался до революции,1,10,-9,1,11,indefinite,indefinite,pronominal,nonpronomial,preposition,nonshifted,preverbal
отнимать,,Acc,бизнес,после соответствующей расплаты,1,3,-2,5,2,indefinite,indefinite,nonpronomial,nonpronomial,preposition,shifted,preverbal
связывает,,Acc,его,с которым,1,2,-1,1,2,indefinite,indefinite,pronominal,pronominal,preposition,nonshifted,preverbal
покупать,,Acc,его,Для снабжения газом Армении,1,4,-3,1,4,indefinite,indefinite,pronominal,nonpronomial,preposition,nonshifted,preverbal
сочли,,Acc,который,в Москве,1,2,-1,3,1,indefinite,indefinite,pronominal,nonpronomial,preposition,shifted,preverbal
исчерпала,,Acc,себя,при всей своей кризисоустойчивости и даже при всех ресурсах роста в отдельно взятых секторах,1,14,-13,1,13,indefinite,indefinite,pronominal,nonpronomial,preposition,nonshifted,preverbal
потянет,,Acc,ультразвуковой сканер,В отличие от МРТ,2,4,-2,2,4,indefinite,indefinite,nonpronomial,nonpronomial,preposition,nonshifted,preverbal
повторяют,,Acc,То же самое,на разные лады,3,3,0,6,1,indefinite,indefinite,pronominal,nonpronomial,preposition,shifted,preverbal
вытащишь,,Acc,вразумительное слово,из этих накрашенных ротиков,2,4,-2,7,3,indefinite,indefinite,nonpronomial,nonpronomial,preposition,shifted,preverbal
привезли,,Acc,флаги то,с собой,2,2,0,6,2,indefinite,indefinite,nonpronomial,pronominal,preposition,shifted,preverbal
крутили,,Acc,который,по часу в день,1,4,-3,5,3,indefinite,indefinite,pronominal,nonpronomial,preposition,shifted,preverbal
увидишь,,Acc,которые,в другое время,1,3,-2,5,2,indefinite,indefinite,pronominal,nonpronomial,preposition,shifted,preverbal
увидят,,Acc,затмение,После Горно-Алтайска,1,2,-1,1,2,indefinite,indefinite,nonpronomial,nonpronomial,preposition,nonshifted,preverbal
сажать,,Acc,цветы,вокруг мачты,1,2,-1,3,1,indefinite,indefinite,nonpronomial,nonpronomial,preposition,shifted,preverbal
производят,,Acc,его,В разных условиях,1,3,-2,1,2,indefinite,indefinite,pronominal,nonpronomial,preposition,nonshifted,preverbal
сказали,,,да,в Эстонии,1,2,-1,2,4,indefinite,indefinite,nonpronomial,nonpronomial,preposition,nonshifted,preverbal
использовали,,Acc,Ведь именно этот импульс,пусть и с разной степенью успешности,4,6,-2,9,3,indefinite,indefinite,nonpronomial,nonpronomial,preposition,shifted,preverbal
разморозят,,Acc,их,После длительной новогодней пьянки,1,4,-3,1,2,indefinite,indefinite,pronominal,nonpronomial,preposition,nonshifted,preverbal
найти,,Acc,Логику,в такой деятельности правительства,1,4,-3,5,2,indefinite,indefinite,nonpronomial,nonpronomial,preposition,shifted,preverbal
перевозили,,Acc,боб первых в истории СССР олимпийских чемпионов по бобслею Яниса Кипруса и Владимира Козлова,в 1988 году,14,3,11,17,1,indefinite,indefinite,nonpronomial,nonpronomial,preposition,shifted,preverbal
сыграл,,Acc,немалую роль,В судьбе российской команды,2,4,-2,1,5,indefinite,indefinite,nonpronomial,nonpronomial,preposition,nonshifted,preverbal
признают,,Acc,ее,по результатам испытаний,1,3,-2,1,3,indefinite,indefinite,pronominal,nonpronomial,preposition,nonshifted,preverbal
решаем,,Acc,нестандартные задачи,на кружках олимпиадах,2,3,-1,3,7,indefinite,indefinite,nonpronomial,nonpronomial,preposition,nonshifted,preverbal
выговорить,,Acc,столь сложное название,с первого раза,3,3,0,7,4,indefinite,indefinite,nonpronomial,nonpronomial,preposition,shifted,preverbal
контролировать,,Acc,Последний параметр,по ГОСТу,2,2,0,3,1,indefinite,indefinite,nonpronomial,nonpronomial,preposition,shifted,preverbal
упаковывают,,Acc,колесо,После покраски окончательной проверки и одобрения ОТК,1,7,-6,1,8,indefinite,indefinite,nonpronomial,nonpronomial,preposition,nonshifted,preverbal
производит,,Acc,неизгладимое впечатление,На многих дайверов,2,3,-1,1,3,indefinite,indefinite,nonpronomial,nonpronomial,preposition,nonshifted,preverbal
защищает,,Acc,человека,от переохлаждения,1,2,-1,2,3,indefinite,indefinite,nonpronomial,nonpronomial,preposition,nonshifted,preverbal
отделяют,,Acc,мембрану,В изолированных моделях,1,3,-2,1,2,indefinite,indefinite,nonpronomial,nonpronomial,preposition,nonshifted,preverbal
готовят,,Acc,руду,даже в Японии,1,3,-2,2,4,indefinite,indefinite,nonpronomial,nonpronomial,preposition,nonshifted,preverbal
продвигает,,Acc,которую,у нас,1,2,-1,3,1,indefinite,indefinite,pronominal,pronominal,preposition,shifted,preverbal
реализовывали,,Acc,ее,во многом,1,2,-1,1,2,indefinite,indefinite,pronominal,nonpronomial,preposition,nonshifted,preverbal
извлекали,,Acc,выгоды,из ариизации,1,2,-1,3,1,indefinite,indefinite,nonpronomial,nonpronomial,preposition,shifted,preverbal
выполняли,,Acc,Те же функции,на рабочем месте,3,3,0,4,1,indefinite,indefinite,nonpronomial,nonpronomial,preposition,shifted,preverbal
отличать,,Acc,пораженье,от победы,1,2,-1,6,4,indefinite,indefinite,nonpronomial,nonpronomial,preposition,shifted,preverbal
называют,,Acc,Социально экономическую систему современных стран Запада,по традиции,6,2,4,6,1,indefinite,indefinite,nonpronomial,nonpronomial,preposition,shifted,preverbal
изучали,,Acc,Именно эту стадию,в свое время,3,3,0,6,3,indefinite,indefinite,nonpronomial,nonpronomial,preposition,shifted,preverbal
сыграли,,Acc,Особую роль,при этом,2,2,0,3,1,indefinite,indefinite,nonpronomial,pronominal,preposition,shifted,preverbal
привлекает,,Acc,его,в этой химии,1,3,-2,1,2,indefinite,indefinite,pronominal,nonpronomial,preposition,nonshifted,preverbal
пригласили,,Acc,его,Еще в 2001 году,1,4,-3,2,3,indefinite,indefinite,pronominal,nonpronomial,preposition,nonshifted,preverbal
переживает,,Acc,которую,в эти недели,1,3,-2,4,1,indefinite,indefinite,pronominal,nonpronomial,preposition,shifted,preverbal
устраивали,,Acc,Болина,В то же время,1,4,-3,6,7,indefinite,indefinite,nonpronomial,nonpronomial,preposition,nonshifted,preverbal
излучает,,Acc,который,подобно маяку,1,2,-1,5,2,indefinite,indefinite,pronominal,nonpronomial,preposition,shifted,preverbal
отменить,,Acc,которую,в принципе,1,2,-1,4,2,indefinite,indefinite,pronominal,nonpronomial,preposition,shifted,preverbal
развил,,Acc,эту мысль,В конце XX века,2,4,-2,1,5,indefinite,indefinite,nonpronomial,nonpronomial,preposition,nonshifted,preverbal
предложил,,Acc,подобное вещество,До Скулачева,2,2,0,6,8,indefinite,indefinite,nonpronomial,nonpronomial,preposition,nonshifted,preverbal
обвиняет,,Acc,их,в причастности к делу терроризма,1,5,-4,1,5,indefinite,indefinite,pronominal,nonpronomial,preposition,nonshifted,preverbal
используют,,Acc,этот металл,в чистом виде,2,3,-1,1,3,indefinite,indefinite,nonpronomial,nonpronomial,preposition,nonshifted,preverbal
наводнили,,Acc,рынок,После появления германской империи,1,4,-3,1,4,indefinite,indefinite,nonpronomial,nonpronomial,preposition,nonshifted,preverbal
гравировал,,Acc,форму для отливки полуобъемных фигур,В прежние времена,5,3,2,6,7,indefinite,indefinite,nonpronomial,nonpronomial,preposition,nonshifted,preverbal
притапливают,,Acc,модель,После этого,1,2,-1,1,2,indefinite,indefinite,nonpronomial,pronominal,preposition,nonshifted,preverbal
разрезают,,Acc,кокон,При разделении половин готовой гипсовой формы,1,6,-5,2,8,indefinite,indefinite,nonpronomial,nonpronomial,preposition,nonshifted,preverbal
применяют,,Acc,Чистое олово,для литья,2,2,0,4,2,indefinite,indefinite,nonpronomial,nonpronomial,preposition,shifted,preverbal
держать,,Acc,его,за что,1,2,-1,1,2,indefinite,indefinite,pronominal,pronominal,preposition,nonshifted,preverbal
показали,,Acc,Его,по случайному совпадению,1,3,-2,4,1,indefinite,indefinite,pronominal,nonpronomial,preposition,shifted,preverbal
наклеивают,,Acc,его,На переносной макет,1,3,-2,1,2,indefinite,indefinite,pronominal,nonpronomial,preposition,nonshifted,preverbal
обжигают,,Acc,их,Для этого,1,2,-1,1,2,indefinite,indefinite,pronominal,pronominal,preposition,nonshifted,preverbal
бросит,,Acc,банки,в беде,1,2,-1,2,3,indefinite,indefinite,nonpronomial,nonpronomial,preposition,nonshifted,preverbal
обхаживать,,Acc,вас,при приеме на работу да и потом,1,7,-6,2,10,indefinite,indefinite,pronominal,nonpronomial,preposition,nonshifted,preverbal
обеспечила,,Acc,быстрый выход из кризиса,в 1998 году,4,3,1,3,5,indefinite,indefinite,nonpronomial,nonpronomial,preposition,nonshifted,preverbal
внес,,Acc,Хоть какую-то конкретику,в дискуссию,3,2,1,3,1,indefinite,indefinite,nonpronomial,nonpronomial,preposition,shifted,preverbal
делали,,Acc,Воинов управляющих элефантами,в основном,3,2,1,7,1,indefinite,indefinite,nonpronomial,nonpronomial,preposition,shifted,preverbal
разбили,,Acc,макет,Для перевозок на натуру и на съемочную площадку в Веллингтон,1,10,-9,1,10,indefinite,indefinite,nonpronomial,nonpronomial,preposition,nonshifted,preverbal
интересовал,,,многих,После окончания съемок Властелина колец,1,5,-4,1,7,indefinite,indefinite,nonpronomial,nonpronomial,preposition,nonshifted,preverbal
заказывать,,Acc,свежую убоину,В соседних ресторанах,2,3,-1,1,3,indefinite,indefinite,nonpronomial,nonpronomial,preposition,nonshifted,preverbal
извлекали,,Acc,космонавтов Адриана Николаева и Виталия Севастьянова приземлившихся на корабле Союз 9 после рекордного по тому времени 18-суточного полета,в июне 1970 года,18,4,14,24,27,indefinite,indefinite,nonpronomial,nonpronomial,preposition,nonshifted,preverbal
зарубила,,Acc,меня,при отборе в резерв отряда космонавтов,1,6,-5,1,6,indefinite,indefinite,pronominal,nonpronomial,preposition,nonshifted,preverbal
воспринимают,,Acc,это,В России,1,2,-1,1,2,indefinite,indefinite,pronominal,nonpronomial,preposition,nonshifted,preverbal
ожидают,,Acc,Основную волну жалоб,на Прямой линии,3,3,0,7,2,indefinite,indefinite,nonpronomial,nonpronomial,preposition,shifted,preverbal
тратят,,Acc,большую часть времени,вместо того чтобы заниматься уставной деятельностью,3,6,-3,2,10,indefinite,indefinite,nonpronomial,pronominal,preposition,nonshifted,preverbal
уничтожат,,Acc,всех,под тем или иным предлогом,1,5,-4,1,2,indefinite,indefinite,pronominal,nonpronomial,preposition,nonshifted,preverbal
свозили,,Acc,нас,В том числе,1,3,-2,1,2,indefinite,indefinite,pronominal,nonpronomial,preposition,nonshifted,preverbal
выведут,,Acc,технику,Из одних частей,1,3,-2,1,2,indefinite,indefinite,nonpronomial,nonpronomial,preposition,nonshifted,preverbal
нашли,,Acc,замену ей,у нас,2,2,0,6,3,indefinite,indefinite,nonpronomial,pronominal,preposition,shifted,preverbal
предпочитали,,Acc,отечественные товары длительного пользования,в марте этого года,4,4,0,3,7,indefinite,indefinite,nonpronomial,nonpronomial,preposition,nonshifted,preverbal
назовешь,,Acc,точную величину,Без доскональных исследований множества рынков,2,5,-3,2,6,indefinite,indefinite,nonpronomial,nonpronomial,preposition,nonshifted,preverbal
пересчитали,,Acc,инфляцию и ВВП,в 2001 году,3,3,0,4,5,indefinite,indefinite,nonpronomial,nonpronomial,preposition,nonshifted,preverbal
отменял,,Acc,Бесплатное высшее образование,в нашей стране,3,3,0,6,3,indefinite,indefinite,nonpronomial,nonpronomial,preposition,shifted,preverbal
презентовали,,Acc,его,На прошлой неделе,1,3,-2,1,2,indefinite,indefinite,pronominal,nonpronomial,preposition,nonshifted,preverbal
признают,,Acc,их,после завершения выигранных судебных разбирательств,1,5,-4,3,7,indefinite,indefinite,pronominal,nonpronomial,preposition,nonshifted,preverbal
объявила,,Acc,его,за это,1,2,-1,4,2,indefinite,indefinite,pronominal,pronominal,preposition,shifted,preverbal
занял,,Acc,кресло главного редактора,В январе 1975 года,3,4,-1,3,6,indefinite,indefinite,nonpronomial,nonpronomial,preposition,nonshifted,preverbal
пригласили,,Acc,его,В 60 лет,1,3,-2,1,2,indefinite,indefinite,pronominal,nonpronomial,preposition,nonshifted,preverbal
призывал,,Acc,милость,к падшим,1,2,-1,3,1,indefinite,indefinite,nonpronomial,nonpronomial,preposition,shifted,preverbal
тревожат,,Acc,общество,Даже в самых экономически развитых странах,1,6,-5,1,2,indefinite,indefinite,nonpronomial,nonpronomial,preposition,nonshifted,preverbal
волнует,,Acc,граждан,в свою очередь,1,3,-2,4,1,indefinite,indefinite,nonpronomial,nonpronomial,preposition,shifted,preverbal
сравнивают,,Acc,его,в разных странах,1,3,-2,1,2,indefinite,indefinite,pronominal,nonpronomial,preposition,nonshifted,preverbal
покупать,,Acc,акции,за бесценок,1,2,-1,3,1,indefinite,indefinite,nonpronomial,nonpronomial,preposition,shifted,preverbal
обучают,,Acc,персонал,в национальном нефтяном ведомстве,1,4,-3,1,2,indefinite,indefinite,nonpronomial,nonpronomial,preposition,nonshifted,preverbal
думают,,Acc,что,про них,1,2,-1,3,1,indefinite,indefinite,pronominal,pronominal,preposition,shifted,preverbal
подтвердили,,Acc,эту информацию,В самих кредитных организациях,2,4,-2,2,4,indefinite,indefinite,nonpronomial,nonpronomial,preposition,nonshifted,preverbal
обеспечить,,Acc,Качество подготовки,в таких масштабах,2,3,-1,5,1,indefinite,indefinite,nonpronomial,nonpronomial,preposition,shifted,preverbal
пустят,,Acc,оппозицию,На Первый канал,1,3,-2,4,5,indefinite,indefinite,nonpronomial,nonpronomial,preposition,nonshifted,preverbal
выполняют,,Acc,такие же действия,С промежутками в четыре секунды,3,5,-2,1,7,indefinite,indefinite,nonpronomial,nonpronomial,preposition,nonshifted,preverbal
отменять,,Acc,Которое,вопреки слухам,1,2,-1,5,2,indefinite,indefinite,pronominal,nonpronomial,preposition,shifted,preverbal
нарушают,,Acc,тоже их,в Кремле куда наши либералы в законе бегут по первому свистку,2,11,-9,1,16,indefinite,indefinite,pronominal,nonpronomial,preposition,nonshifted,preverbal
именуют,,Acc,почти всякое исторически устойчивое явление,В публицистике а зачастую и в научной литературе,5,8,-3,1,13,indefinite,indefinite,nonpronomial,nonpronomial,preposition,nonshifted,preverbal
упрекнуть,,Acc,русскую литературу,в ее поддержке,2,3,-1,4,1,indefinite,indefinite,nonpronomial,nonpronomial,preposition,shifted,preverbal
чувствует,,Acc,себя,за решеткой,1,2,-1,5,2,indefinite,indefinite,pronominal,nonpronomial,preposition,shifted,preverbal
оградить,,Acc,простых людей,от этого,2,2,0,4,2,indefinite,indefinite,nonpronomial,pronominal,preposition,shifted,preverbal
думают,,Acc,что,об этом,1,2,-1,3,1,indefinite,indefinite,pronominal,pronominal,preposition,shifted,preverbal
потеряли,,,мало что,на этом кризисе,2,3,-1,2,3,indefinite,indefinite,nonpronomial,nonpronomial,preposition,nonshifted,preverbal
решает,,Acc,все,В действительности,1,2,-1,1,2,indefinite,indefinite,pronominal,nonpronomial,preposition,nonshifted,preverbal
делать,,Acc,трудовую погоду,в будущем,2,2,0,3,5,indefinite,indefinite,nonpronomial,nonpronomial,preposition,nonshifted,preverbal
лишили,,Acc,меня,За участие в забастовке 30 апреля,1,6,-5,1,6,indefinite,indefinite,pronominal,nonpronomial,preposition,nonshifted,preverbal
оценивает,,Acc,Предвыборную ситуацию,в интервью Радио Свобода,2,4,-2,5,3,indefinite,indefinite,nonpronomial,nonpronomial,preposition,shifted,preverbal
волновали,,Acc,граждан,После хлеба,1,2,-1,1,3,indefinite,indefinite,nonpronomial,nonpronomial,preposition,nonshifted,preverbal
пекут,,Acc,его,из муки высших сортов,1,4,-3,2,5,indefinite,indefinite,pronominal,nonpronomial,preposition,nonshifted,preverbal
обязывают,,Acc,саму службу,ни к чему особенному,2,4,-2,2,5,indefinite,indefinite,nonpronomial,pronominal,preposition,nonshifted,preverbal
сделали,,Acc,соответствующий бутерброд,В этом году,2,3,-1,1,3,indefinite,indefinite,nonpronomial,nonpronomial,preposition,nonshifted,preverbal
удержал,,Acc,ее,От этого,1,2,-1,1,2,indefinite,indefinite,pronominal,pronominal,preposition,nonshifted,preverbal
понимают,,Acc,это,В ВТО,1,2,-1,2,3,indefinite,indefinite,pronominal,nonpronomial,preposition,nonshifted,preverbal
представляют,,Acc,опасность для России,Между тем,3,2,1,3,4,indefinite,indefinite,nonpronomial,pronominal,preposition,nonshifted,preverbal
связывают,,Acc,их,С нашей страной,1,3,-2,1,2,indefinite,indefinite,pronominal,nonpronomial,preposition,nonshifted,preverbal
понимают,,Acc,это,В Париже и Берлине,1,4,-3,1,4,indefinite,indefinite,pronominal,nonpronomial,preposition,nonshifted,preverbal
задержали,,Acc,его,При передаче второго радиомикрофона,1,4,-3,1,4,indefinite,indefinite,pronominal,nonpronomial,preposition,nonshifted,preverbal
предупреждаем,,Acc,всех абитуриентов,перед экзаменом,2,2,0,3,1,indefinite,indefinite,nonpronomial,nonpronomial,preposition,shifted,preverbal
оценивают,,Acc,Специалистов,в России,1,2,-1,3,1,indefinite,indefinite,nonpronomial,nonpronomial,preposition,shifted,preverbal
назвал,,Acc,ее,в начале XII века,1,4,-3,1,4,indefinite,indefinite,pronominal,nonpronomial,preposition,nonshifted,preverbal
обматывают,,Acc,игрушку,Для этого,1,2,-1,7,8,indefinite,indefinite,nonpronomial,pronominal,preposition,nonshifted,preverbal
усвоил,,Acc,это,еще со школы и из занятий спортом,1,7,-6,8,5,indefinite,indefinite,pronominal,nonpronomial,preposition,shifted,preverbal
выдвинул,,Acc,именно эту задачу,в попытках модернизировать немодернизируемую систему,3,5,-2,7,5,indefinite,indefinite,nonpronomial,nonpronomial,preposition,shifted,preverbal
отстранили,,Acc,региональных лидеров,В самом начале путинского президентства,2,5,-3,1,5,indefinite,indefinite,nonpronomial,nonpronomial,preposition,nonshifted,preverbal
причислить,,Acc,кого,в России,1,2,-1,5,3,indefinite,indefinite,pronominal,nonpronomial,preposition,shifted,preverbal
рассказываю,,Acc,все,собственно из-за этого,1,3,-2,2,3,indefinite,indefinite,pronominal,pronominal,preposition,nonshifted,preverbal
выстроил,,Acc,которые,помимо собственной воли,1,3,-2,6,2,indefinite,indefinite,pronominal,nonpronomial,preposition,shifted,preverbal
двигали,,Acc,ее,На базовом уровне,1,3,-2,1,2,indefinite,indefinite,pronominal,nonpronomial,preposition,nonshifted,preverbal
поддержали,,Acc,их,в итоге,1,2,-1,1,2,indefinite,indefinite,pronominal,nonpronomial,preposition,nonshifted,preverbal
описать,,Acc,квадратный трехчлен,на экзамене,2,2,0,4,6,indefinite,indefinite,nonpronomial,nonpronomial,preposition,nonshifted,preverbal
судят,,Acc,их,за что же,1,3,-2,1,3,indefinite,indefinite,pronominal,pronominal,preposition,nonshifted,preverbal
совершил,,Acc,дело это,по слову вашему,2,3,-1,3,5,indefinite,indefinite,nonpronomial,nonpronomial,preposition,nonshifted,preverbal
привела,,Acc,этих швондеров да да швондеров с благородными русскими либеральными фамилиями гучков милюков,к чему,12,2,10,17,19,indefinite,indefinite,nonpronomial,pronominal,preposition,nonshifted,preverbal
вытащить,,Acc,себя,ЗА ВОЛОСЫ,1,2,-1,1,2,indefinite,indefinite,pronominal,nonpronomial,preposition,nonshifted,preverbal
сменил,,Acc,его,Согласно уставу партии,1,3,-2,2,4,indefinite,indefinite,pronominal,nonpronomial,preposition,nonshifted,preverbal
закрыли,,Acc,дело,в лучших традициях отечественного правосудия,1,5,-4,2,5,indefinite,indefinite,nonpronomial,nonpronomial,preposition,nonshifted,preverbal
сменила,,Acc,его,На трудном посту,1,3,-2,1,2,indefinite,indefinite,pronominal,nonpronomial,preposition,nonshifted,preverbal
выложил,,Acc,задания по нему,накануне единого госэкзамена по русскому языка,3,6,-3,4,8,indefinite,indefinite,nonpronomial,nonpronomial,preposition,nonshifted,preverbal
пилит,,Acc,Виктора Болотова,за это,2,2,0,4,5,indefinite,indefinite,nonpronomial,pronominal,preposition,nonshifted,preverbal
решить,,Acc,проблему кадров на деревне,Без нормальных условий близких к городским,4,6,-2,5,11,indefinite,indefinite,nonpronomial,nonpronomial,preposition,nonshifted,preverbal
готовил,,Acc,женскую сборную,к Ванкуверу,2,2,0,1,3,indefinite,indefinite,nonpronomial,nonpronomial,preposition,nonshifted,preverbal
купил,,Acc,права на показ Молнии,К тому же,4,3,1,7,9,indefinite,indefinite,nonpronomial,pronominal,preposition,nonshifted,preverbal
попросили,,Acc,испытуемых,В ходе исследования в котором приняли участие три тысячи женщин,1,10,-9,1,11,indefinite,indefinite,nonpronomial,nonpronomial,preposition,nonshifted,preverbal
обеспечит,,Acc,финансирование проекта,в обмен на 51 % акций,2,6,-4,8,5,indefinite,indefinite,nonpronomial,nonpronomial,preposition,shifted,preverbal
выпустили,,Acc,Афиши,в Валенсии,1,2,-1,3,1,indefinite,indefinite,nonpronomial,nonpronomial,preposition,shifted,preverbal
атакуют,,Acc,их,из зрительного зала,1,3,-2,4,1,indefinite,indefinite,pronominal,nonpronomial,preposition,shifted,preverbal
обвиняли,,Acc,Карпова,в свое время,1,3,-2,4,1,indefinite,indefinite,nonpronomial,nonpronomial,preposition,shifted,preverbal
привела,,Acc,ее,В этот спорт,1,3,-2,1,2,indefinite,indefinite,pronominal,nonpronomial,preposition,nonshifted,preverbal
отдают,,Acc,Предпочтение,в таком случае,1,3,-2,5,2,indefinite,indefinite,nonpronomial,nonpronomial,preposition,shifted,preverbal
ставят,,Acc,художественную гимнастику,В России,2,2,0,1,3,indefinite,indefinite,nonpronomial,nonpronomial,preposition,nonshifted,preverbal
дисквалифицировали,,Acc,Польку,в 2005-м,1,2,-1,3,1,indefinite,indefinite,nonpronomial,nonpronomial,preposition,shifted,preverbal
окружат,,Acc,аварийный энергоблок,Через 12 лет когда грянет авария на Чернобыльской АЭС,2,9,-7,1,11,indefinite,indefinite,nonpronomial,nonpronomial,preposition,nonshifted,preverbal
доведете,,Acc,дело,и до ЧП,1,3,-2,2,3,indefinite,indefinite,nonpronomial,nonpronomial,preposition,nonshifted,preverbal
загрузили,,Acc,их,За неделю до эксперимента,1,4,-3,1,4,indefinite,indefinite,pronominal,nonpronomial,preposition,nonshifted,preverbal
одолевать,,Acc,Человека,и на Марсе,1,3,-2,8,5,indefinite,indefinite,nonpronomial,nonpronomial,preposition,shifted,preverbal
представляли,,Acc,Россию,на Международной олимпиаде по лингвистике,1,5,-4,6,3,indefinite,indefinite,nonpronomial,nonpronomial,preposition,shifted,preverbal
одержали,,Acc,уверенную победу,На командном туре,2,3,-1,1,3,indefinite,indefinite,nonpronomial,nonpronomial,preposition,nonshifted,preverbal
взять,,Acc,Что,с них,1,2,-1,3,1,indefinite,indefinite,pronominal,pronominal,preposition,shifted,preverbal
привлекают,,Acc,Их же,к ответственности за предоставление информации,2,5,-3,8,5,indefinite,indefinite,pronominal,nonpronomial,preposition,shifted,preverbal
исследовали,,Acc,письменность долины Инда,с помощью компьютера,3,3,0,6,1,indefinite,indefinite,nonpronomial,nonpronomial,preposition,shifted,preverbal
приподняли,,Acc,нас,на фоне здоровых олимпийцев,1,4,-3,6,4,indefinite,indefinite,pronominal,nonpronomial,preposition,shifted,preverbal
приняли,,Acc,их,На высоком уровне,1,3,-2,2,3,indefinite,indefinite,pronominal,nonpronomial,preposition,nonshifted,preverbal
учли,,Acc,эту особенность новой экономики,в США,4,2,2,7,3,indefinite,indefinite,nonpronomial,nonpronomial,preposition,shifted,preverbal
пишут,,Acc,Элективные курсы курсы по выбору,в провинции,5,2,3,9,2,indefinite,indefinite,nonpronomial,nonpronomial,preposition,shifted,preverbal
обнаружил,,Acc,четверочницу,среди них,1,2,-1,4,2,indefinite,indefinite,nonpronomial,pronominal,preposition,shifted,preverbal
выиграл,,Acc,германо французскую войну,в 1870 году,3,3,0,4,1,indefinite,indefinite,nonpronomial,nonpronomial,preposition,shifted,preverbal
пичкают,,Acc,их,Вместо этого,1,2,-1,1,2,indefinite,indefinite,pronominal,pronominal,preposition,nonshifted,preverbal
думает,,Acc,что,об этом,1,2,-1,3,1,indefinite,indefinite,pronominal,pronominal,preposition,shifted,preverbal
упоминают,,Acc,его,в Главной политической программе,1,4,-3,1,2,indefinite,indefinite,pronominal,nonpronomial,preposition,nonshifted,preverbal
тратят,,Acc,ту же энергию,в России,3,2,1,1,4,indefinite,indefinite,nonpronomial,nonpronomial,preposition,nonshifted,preverbal
ломать,,Acc,стулья,из-за чего же,1,3,-2,1,3,indefinite,indefinite,nonpronomial,pronominal,preposition,nonshifted,preverbal
заключила,,Acc,которую,в середине 90-х,1,3,-2,4,2,indefinite,indefinite,pronominal,nonpronomial,preposition,shifted,preverbal
заинтересовало,,Acc,Владимира,в Египетском вестибюле Павловского дворца музея,1,6,-5,1,6,indefinite,indefinite,nonpronomial,nonpronomial,preposition,nonshifted,preverbal
применяли,,Acc,уголь,В Египте,1,2,-1,1,2,indefinite,indefinite,nonpronomial,nonpronomial,preposition,nonshifted,preverbal
держать,,Acc,Солнечный медный Цилиндр,При использовании Цилиндров в позе Фараона см. ниже,3,8,-5,1,17,indefinite,indefinite,nonpronomial,nonpronomial,preposition,nonshifted,preverbal
прибило,,Acc,труп,у того места,1,3,-2,1,2,indefinite,indefinite,nonpronomial,nonpronomial,preposition,nonshifted,preverbal
жгут,,Acc,костры,у тебя,1,2,-1,1,2,indefinite,indefinite,nonpronomial,pronominal,preposition,nonshifted,preverbal
раскидывали,,Acc,перегной,по грядкам,1,2,-1,3,1,indefinite,indefinite,nonpronomial,nonpronomial,preposition,shifted,preverbal
интересовала,,Acc,Меня,в романе,1,2,-1,3,1,indefinite,indefinite,pronominal,nonpronomial,preposition,shifted,preverbal
выбрасывает,,Acc,нас,после кораблекрушения,1,2,-1,1,2,indefinite,indefinite,pronominal,nonpronomial,preposition,nonshifted,preverbal
включали,,Acc,электричество,В Ереване,1,2,-1,1,2,indefinite,indefinite,nonpronomial,nonpronomial,preposition,nonshifted,preverbal
приводили,,Acc,Девушек,в итоге,1,2,-1,3,1,indefinite,indefinite,nonpronomial,nonpronomial,preposition,shifted,preverbal
пугала,,Acc,армян,на улице,1,2,-1,3,1,indefinite,indefinite,nonpronomial,nonpronomial,preposition,shifted,preverbal
занимали,,Acc,какое место,в школе или в училище,2,5,-3,1,6,indefinite,indefinite,nonpronomial,nonpronomial,preposition,nonshifted,preverbal
зациклило,,Acc,его,на ней,1,2,-1,3,1,indefinite,indefinite,pronominal,pronominal,preposition,shifted,preverbal
говорил,,Acc,что,на самом деле,1,3,-2,4,1,indefinite,indefinite,pronominal,nonpronomial,preposition,shifted,preverbal
поставить,,Acc,их,в какое место будущего устройства,1,5,-4,1,4,indefinite,indefinite,pronominal,nonpronomial,preposition,nonshifted,preverbal
уменьшил,,Acc,Его объем,по сравнению с учебником для студентов,2,6,-4,8,4,indefinite,indefinite,nonpronomial,nonpronomial,preposition,shifted,preverbal
избрали,,Acc,Гесса,в августе 1830 года,1,4,-3,1,4,indefinite,indefinite,nonpronomial,nonpronomial,preposition,nonshifted,preverbal
приготавливают,,Acc,их,В Англии,1,2,-1,1,2,indefinite,indefinite,pronominal,nonpronomial,preposition,nonshifted,preverbal
окрашивают,,Acc,Жестянки,для лучшего их сбережения,1,4,-3,7,2,indefinite,indefinite,nonpronomial,nonpronomial,preposition,shifted,preverbal
выбрасывают,,Acc,Консервные банки,после использования,2,2,0,5,3,indefinite,indefinite,nonpronomial,nonpronomial,preposition,shifted,preverbal
очищают,,Acc,их,В воде,1,2,-1,1,2,indefinite,indefinite,pronominal,nonpronomial,preposition,nonshifted,preverbal
сделал,,Acc,что-то подобное,На английском,2,2,0,11,12,indefinite,indefinite,pronominal,nonpronomial,preposition,nonshifted,preverbal
линчуют,,Acc,негров,у вас,1,2,-1,1,2,indefinite,indefinite,nonpronomial,pronominal,preposition,nonshifted,preverbal
закрыли,,Acc,который,в итоге,1,2,-1,3,1,indefinite,indefinite,pronominal,nonpronomial,preposition,shifted,preverbal
завоевали,,Acc,Золотые медали,у мужчин и женщин,2,4,-2,5,3,indefinite,indefinite,nonpronomial,nonpronomial,preposition,shifted,preverbal
вели,,Acc,игру по переписке,В XIX веке,3,3,0,3,4,indefinite,indefinite,nonpronomial,nonpronomial,preposition,nonshifted,preverbal
получили,,Acc,распространение,С 1970-х гг.,1,3,-2,1,2,indefinite,indefinite,nonpronomial,nonpronomial,preposition,nonshifted,preverbal
взять,,Acc,ее,на этом ходу,1,3,-2,1,2,indefinite,indefinite,pronominal,nonpronomial,preposition,nonshifted,preverbal
возглавляли,,Acc,Федерацию синхронного плавания,в разные годы,3,3,0,6,1,indefinite,indefinite,nonpronomial,nonpronomial,preposition,shifted,preverbal
принимают,,Acc,участие,в которых,1,2,-1,3,1,indefinite,indefinite,nonpronomial,pronominal,preposition,shifted,preverbal
сделать,,Acc,это,с руки,1,2,-1,1,2,indefinite,indefinite,pronominal,nonpronomial,preposition,nonshifted,preverbal
проследить,,Acc,его,в деталях,1,2,-1,1,2,indefinite,indefinite,pronominal,nonpronomial,preposition,nonshifted,preverbal
ожидать,,Acc,что-либо,от него,1,2,-1,1,2,indefinite,indefinite,pronominal,pronominal,preposition,nonshifted,preverbal
увидеть,,Acc,никакое реальное смещение тел,за это время,4,3,1,7,3,indefinite,indefinite,nonpronomial,nonpronomial,preposition,shifted,preverbal
проверить,,Acc,эти шаги,по времени,2,2,0,3,1,indefinite,indefinite,nonpronomial,nonpronomial,preposition,shifted,preverbal
внесли,,Acc,вклад в исследования надорганизменного уровня,В начале XX века,5,4,1,5,8,indefinite,indefinite,nonpronomial,nonpronomial,preposition,nonshifted,preverbal
вызвала,,Acc,необычайный интерес,в широких научных кругах,2,4,-2,5,1,indefinite,indefinite,nonpronomial,nonpronomial,preposition,shifted,preverbal
уделяет,,Acc,Особое внимание,в своих построениях,2,3,-1,5,2,indefinite,indefinite,nonpronomial,nonpronomial,preposition,shifted,preverbal
вызывают,,Acc,интерес наблюдателей и комментаторов,Из четырех уличных акций состоявшихся в 20-градусный мороз,4,8,-4,4,11,indefinite,indefinite,nonpronomial,nonpronomial,preposition,nonshifted,preverbal
заказывали,,Acc,его,в которой,1,2,-1,1,2,indefinite,indefinite,pronominal,pronominal,preposition,nonshifted,preverbal
сливаете,,Acc,ее,в Байкал,1,2,-1,3,1,indefinite,indefinite,pronominal,nonpronomial,preposition,shifted,preverbal
пускают,,Acc,не всех,к нему,2,2,0,1,3,indefinite,indefinite,pronominal,pronominal,preposition,nonshifted,preverbal
погнали,,Acc,ермолинских преподавателей,Из семинарии,2,2,0,7,9,indefinite,indefinite,nonpronomial,nonpronomial,preposition,nonshifted,preverbal
поймать,,Acc,подлинность,В сети начетничества,1,3,-2,2,4,indefinite,indefinite,nonpronomial,nonpronomial,preposition,nonshifted,preverbal
скрывали,,Acc,что,от нас,1,2,-1,4,2,indefinite,indefinite,pronominal,pronominal,preposition,shifted,preverbal
узнают,,Acc,что-то,в деревне,1,2,-1,1,2,indefinite,indefinite,pronominal,nonpronomial,preposition,nonshifted,preverbal
высыпал,,Acc,всю солонку,в чугунок,2,2,0,3,1,indefinite,indefinite,nonpronomial,nonpronomial,preposition,shifted,preverbal
оговаривать,,,черно бело всё,с мужем,3,2,1,7,1,indefinite,indefinite,nonpronomial,nonpronomial,preposition,shifted,preverbal
сделал,,Acc,мостик через речку,для людей,3,2,1,5,1,indefinite,indefinite,nonpronomial,nonpronomial,preposition,shifted,preverbal
раздражал,,Acc,бабушку,В Якутии,1,2,-1,1,2,indefinite,indefinite,nonpronomial,nonpronomial,preposition,nonshifted,preverbal
вытащить,,Acc,второго сына,из печи,2,2,0,4,2,indefinite,indefinite,nonpronomial,nonpronomial,preposition,shifted,preverbal
сжег,,Acc,двухнедельную девочку,В Республике Алтай близ Телецкого озера,2,6,-4,1,9,indefinite,indefinite,nonpronomial,nonpronomial,preposition,nonshifted,preverbal
положить,,Acc,это число,для гипотетического отделения в котором сейчас 50 академиков,2,8,-6,2,11,indefinite,indefinite,nonpronomial,nonpronomial,preposition,nonshifted,preverbal
играет,,Acc,очень большую роль,При этом,3,2,1,1,4,indefinite,indefinite,nonpronomial,pronominal,preposition,nonshifted,preverbal
закрыть,,Acc,нас,по новой,1,2,-1,3,1,indefinite,indefinite,pronominal,nonpronomial,preposition,shifted,preverbal
интернируют,,Acc,всех этих замечательных людей как организаторов,После чего,6,2,4,5,9,indefinite,indefinite,nonpronomial,pronominal,preposition,nonshifted,preverbal
разделяют,,Acc,тезис об Октябрьской революции и ее последствиях как проявлениях экстремизма,и в России,10,3,7,12,13,indefinite,indefinite,nonpronomial,nonpronomial,preposition,nonshifted,preverbal
составляют,,Acc,Электорат этой партии,в основной своей массе,3,4,-1,7,1,indefinite,indefinite,nonpronomial,nonpronomial,preposition,shifted,preverbal
поддерживало,,Acc,общину,по разным причинам,1,3,-2,4,1,indefinite,indefinite,nonpronomial,nonpronomial,preposition,shifted,preverbal
приведет,,Acc,страну,ни к чему хорошему,1,4,-3,2,4,indefinite,indefinite,nonpronomial,pronominal,preposition,nonshifted,preverbal
учат,,Acc,их,в университетах,1,2,-1,1,2,indefinite,indefinite,pronominal,nonpronomial,preposition,nonshifted,preverbal
делать,,Acc,что,с ними,1,2,-1,3,1,indefinite,indefinite,pronominal,pronominal,preposition,shifted,preverbal
проинформировали,,Acc,общественность,об этом решении,1,3,-2,4,1,indefinite,indefinite,nonpronomial,nonpronomial,preposition,shifted,preverbal
лоббировала,,Acc,его,изо всех сил,1,3,-2,4,1,indefinite,indefinite,pronominal,nonpronomial,preposition,shifted,preverbal
пересказывает,,Acc,его,в очередной раз,1,3,-2,1,2,indefinite,indefinite,pronominal,nonpronomial,preposition,nonshifted,preverbal
надели,,Acc,маски,На новом витке истории,1,4,-3,1,3,indefinite,indefinite,nonpronomial,nonpronomial,preposition,nonshifted,preverbal
запечатывали,,Acc,их,на погребальных,1,2,-1,2,3,indefinite,indefinite,pronominal,nonpronomial,preposition,nonshifted,preverbal
носили,,Acc,их,в обоих случаях,1,3,-2,1,2,indefinite,indefinite,pronominal,nonpronomial,preposition,nonshifted,preverbal
использовали,,Acc,их,Еще в XVI веке,1,4,-3,1,2,indefinite,indefinite,pronominal,nonpronomial,preposition,nonshifted,preverbal
повторяют,,Acc,их,при каждом удобном случае,1,4,-3,5,1,indefinite,indefinite,pronominal,nonpronomial,preposition,shifted,preverbal
отдавали,,Acc,детей,в новую школу,1,3,-2,1,2,indefinite,indefinite,nonpronomial,nonpronomial,preposition,nonshifted,preverbal
пригласили,,Acc,известного антропософа Рудольфа Штейнера,В 1919 году,4,3,1,3,5,indefinite,indefinite,nonpronomial,nonpronomial,preposition,nonshifted,preverbal
взволновали,,Acc,наше общество,В течение года,2,3,-1,1,3,indefinite,indefinite,nonpronomial,nonpronomial,preposition,nonshifted,preverbal
потерявшее,Acc,Acc,всякое отношение,к этому Абсолюту,2,3,-1,1,3,indefinite,indefinite,nonpronomial,nonpronomial,preposition,nonshifted,preverbal
привести,,Acc,нас,к чему,1,2,-1,4,5,indefinite,indefinite,pronominal,pronominal,preposition,nonshifted,preverbal
продолжает,,Acc,дело падуанского доктора,В наши дни,3,3,0,3,4,indefinite,indefinite,nonpronomial,nonpronomial,preposition,nonshifted,preverbal
называют,,Acc,его,в русской литературе,1,3,-2,2,3,indefinite,indefinite,pronominal,nonpronomial,preposition,nonshifted,preverbal
относят,,Acc,движения растений,В психологии,2,2,0,2,3,indefinite,indefinite,nonpronomial,nonpronomial,preposition,nonshifted,preverbal
проиграли,,Acc,их,с треском,1,2,-1,1,2,indefinite,indefinite,pronominal,nonpronomial,preposition,nonshifted,preverbal
вызвали,,Acc,Особое изумление,у немецких солдат,2,3,-1,4,1,indefinite,indefinite,nonpronomial,nonpronomial,preposition,shifted,preverbal
включил,,Acc,боль,в этот список,1,3,-2,5,2,indefinite,indefinite,nonpronomial,nonpronomial,preposition,shifted,preverbal
имеют,,Acc,огромное значение,В осознании боли,2,3,-1,1,4,indefinite,indefinite,nonpronomial,nonpronomial,preposition,nonshifted,preverbal
брали,,Acc,взятки,В царской России,1,3,-2,1,2,indefinite,indefinite,nonpronomial,nonpronomial,preposition,nonshifted,preverbal
констатирует,,Acc,смерть человека,в обычной ситуации,2,3,-1,2,3,indefinite,indefinite,nonpronomial,nonpronomial,preposition,nonshifted,preverbal
делать,,Acc,и пересадку,при необходимости,2,2,0,4,2,indefinite,indefinite,nonpronomial,nonpronomial,preposition,shifted,preverbal
зарегистрировали,,Acc,его,только после этого,1,3,-2,1,2,indefinite,indefinite,pronominal,pronominal,preposition,nonshifted,preverbal
различает,,Acc,оттенки политических цветов,на этих конкретных выборах,3,4,-1,3,4,indefinite,indefinite,nonpronomial,nonpronomial,preposition,nonshifted,preverbal
знают,,Acc,Что,про него,1,2,-1,3,1,indefinite,indefinite,pronominal,pronominal,preposition,shifted,preverbal
занимают,,Acc,ведущее место,в экономике,2,2,0,3,1,indefinite,indefinite,nonpronomial,nonpronomial,preposition,shifted,preverbal
продвигали,,Acc,идеи кооперативной экономики,в России,3,2,1,3,4,indefinite,indefinite,nonpronomial,nonpronomial,preposition,nonshifted,preverbal
противопоставляют,,Acc,сетевые структуры,В трудах посвященных власти и управлению,2,6,-4,1,9,indefinite,indefinite,nonpronomial,nonpronomial,preposition,nonshifted,preverbal
занимать,,Acc,позиции лидера,В этих постоянно меняющихся сетях и альянсах,2,7,-5,3,6,indefinite,indefinite,nonpronomial,nonpronomial,preposition,nonshifted,preverbal
свели,,Acc,Все,к этому,1,2,-1,3,1,indefinite,indefinite,pronominal,pronominal,preposition,shifted,preverbal
направлять,,Acc,абитуриентов,в них,1,2,-1,5,3,indefinite,indefinite,nonpronomial,pronominal,preposition,shifted,preverbal
пускать,,Acc,молодежь,на политические судебные процессы,1,4,-3,4,5,indefinite,indefinite,nonpronomial,nonpronomial,preposition,nonshifted,preverbal
огорчало,,Acc,меня,К тому же,1,3,-2,2,4,indefinite,indefinite,pronominal,pronominal,preposition,nonshifted,preverbal
отправили,,Acc,меня,После выздоровления,1,2,-1,1,2,indefinite,indefinite,pronominal,nonpronomial,preposition,nonshifted,preverbal
привлекало,,Acc,Меня,в числе прочего,1,3,-2,4,2,indefinite,indefinite,pronominal,nonpronomial,preposition,shifted,preverbal
встречало,,Acc,его,На перроне,1,2,-1,1,2,indefinite,indefinite,pronominal,nonpronomial,preposition,nonshifted,preverbal
охватывала,,Acc,жителей сел и городов,по этой причине,4,3,1,7,1,indefinite,indefinite,nonpronomial,nonpronomial,preposition,shifted,preverbal
поддерживали,,Acc,порядок если это можно назвать порядком,На вокзале куда я устремился вместе с двумя попутчиками бывшими сослуживцами намереваясь отбыть в Курск,6,15,-9,8,26,indefinite,indefinite,nonpronomial,nonpronomial,preposition,nonshifted,preverbal
отвлекло,,Acc,меня,От мрачных мыслей,1,3,-2,1,2,indefinite,indefinite,pronominal,nonpronomial,preposition,nonshifted,preverbal
встречал,,Acc,их,на вокзале,1,2,-1,1,2,indefinite,indefinite,pronominal,nonpronomial,preposition,nonshifted,preverbal
расстреливали,,Acc,заложников,Перед сдачей города,1,3,-2,1,3,indefinite,indefinite,nonpronomial,nonpronomial,preposition,nonshifted,preverbal
осуществлял,,Acc,организующее начало на селе,В то время,4,3,1,3,5,indefinite,indefinite,nonpronomial,nonpronomial,preposition,nonshifted,preverbal
расстреляли,,Acc,его,в поле у сохи,1,4,-3,2,5,indefinite,indefinite,pronominal,nonpronomial,preposition,nonshifted,preverbal
перенесли,,Acc,Оставшихся больных и раненых,в приказном порядке,4,3,1,6,1,indefinite,indefinite,nonpronomial,nonpronomial,preposition,shifted,preverbal
устраивало,,Acc,нас,и в Грязях,1,3,-2,1,2,indefinite,indefinite,pronominal,nonpronomial,preposition,nonshifted,preverbal
известит,,Acc,нас,об этом,1,2,-1,3,4,indefinite,indefinite,pronominal,pronominal,preposition,nonshifted,preverbal
ценили,,Acc,нас,На работе,1,2,-1,1,2,indefinite,indefinite,pronominal,nonpronomial,preposition,nonshifted,preverbal
составляют,,Acc,примерно половину,из которых,2,2,0,1,3,indefinite,indefinite,nonpronomial,pronominal,preposition,nonshifted,preverbal
играет,,Acc,ключевую роль,и в данном случае,2,4,-2,1,3,indefinite,indefinite,nonpronomial,nonpronomial,preposition,nonshifted,preverbal
отличает,,Acc,ГПК,От сетевых структур созданных на принципах виртуализации,1,7,-6,1,8,indefinite,indefinite,nonpronomial,nonpronomial,preposition,nonshifted,preverbal
выселили,,Acc,евреев,В 1492 г.,1,3,-2,1,2,indefinite,indefinite,nonpronomial,nonpronomial,preposition,nonshifted,preverbal
депортировали,,Acc,их,на протяжении XV века,1,4,-3,1,4,indefinite,indefinite,pronominal,nonpronomial,preposition,nonshifted,preverbal
инвестировали,,Acc,деньги заработанные за морем,уже с XIV века,4,4,0,10,1,indefinite,indefinite,nonpronomial,nonpronomial,preposition,shifted,preverbal
определили,,Acc,нас,в который,1,2,-1,1,2,indefinite,indefinite,pronominal,pronominal,preposition,nonshifted,preverbal
отменили,,Acc,его,у нас,1,2,-1,2,3,indefinite,indefinite,pronominal,pronominal,preposition,nonshifted,preverbal
имела,,Acc,большое значение,В экономическом развитии Средних веков и раннего Нового времени,2,9,-7,1,9,indefinite,indefinite,nonpronomial,nonpronomial,preposition,nonshifted,preverbal
оказывала,,Acc,непосредственное воздействие,на достижения немецких земель,2,4,-2,1,5,indefinite,indefinite,nonpronomial,nonpronomial,preposition,nonshifted,preverbal
финансировал,,Acc,нас,в основном,1,2,-1,3,1,indefinite,indefinite,pronominal,nonpronomial,preposition,shifted,preverbal
берем,,Acc,деньги,ни у кого,1,3,-2,2,3,indefinite,indefinite,nonpronomial,pronominal,preposition,nonshifted,preverbal
считают,,Acc,ее,за это,1,2,-1,3,1,indefinite,indefinite,pronominal,pronominal,preposition,shifted,preverbal
вызывают,,Acc,такой ужас,у него,2,2,0,1,3,indefinite,indefinite,nonpronomial,pronominal,preposition,nonshifted,preverbal
взяли,,Acc,его,С такой героической биографией,1,4,-3,1,2,indefinite,indefinite,pronominal,nonpronomial,preposition,nonshifted,preverbal
купишь,,Nom,хрен что,без маленького бумажного талончика,2,4,-2,2,3,indefinite,indefinite,nonpronomial,nonpronomial,preposition,nonshifted,preverbal
перевели,,Acc,его,из директоров,1,2,-1,1,2,indefinite,indefinite,pronominal,nonpronomial,preposition,nonshifted,preverbal
сделали,,Acc,это,в больнице,1,2,-1,1,2,indefinite,indefinite,pronominal,nonpronomial,preposition,nonshifted,preverbal
привел,,Acc,их,к чему,1,2,-1,1,2,indefinite,indefinite,pronominal,pronominal,preposition,nonshifted,preverbal
перенесли,,Acc,его отпуск,в последний момент,2,3,-1,1,3,indefinite,indefinite,nonpronomial,nonpronomial,preposition,nonshifted,preverbal
выполняли,,Acc,ее функцию,в основном,2,2,0,1,3,indefinite,indefinite,nonpronomial,nonpronomial,preposition,nonshifted,preverbal
посылаем,,Acc,тебя,в штрафбат,1,2,-1,4,2,indefinite,indefinite,pronominal,nonpronomial,preposition,shifted,preverbal
извлекать,,Acc,Осколок,из легкого,1,2,-1,3,1,indefinite,indefinite,nonpronomial,nonpronomial,preposition,shifted,preverbal
выпустил,,Acc,винтовку,из рук,1,2,-1,4,2,indefinite,indefinite,nonpronomial,nonpronomial,preposition,shifted,preverbal
привозили,,Acc,дрова,В 1945-м и кажется еще и в 46-м,1,8,-7,2,11,indefinite,indefinite,nonpronomial,nonpronomial,preposition,nonshifted,preverbal
утаить,,Acc,очень многое,от нее,2,2,0,3,1,indefinite,indefinite,nonpronomial,pronominal,preposition,shifted,preverbal
расположили,,Acc,которые,на случай прорыва немецких танков,1,5,-4,7,5,indefinite,indefinite,pronominal,nonpronomial,preposition,shifted,preverbal
поджег,,Acc,самоходку,с первого же выстрела,1,4,-3,1,2,indefinite,indefinite,nonpronomial,nonpronomial,preposition,nonshifted,preverbal
убрали,,Acc,наше орудие,с этой позиции,2,3,-1,4,1,indefinite,indefinite,nonpronomial,nonpronomial,preposition,shifted,preverbal
послали,,Acc,меня,Для организации взаимодействия,1,3,-2,1,3,indefinite,indefinite,pronominal,nonpronomial,preposition,nonshifted,preverbal
задержали,,Acc,нас,на котором,1,2,-1,1,2,indefinite,indefinite,pronominal,pronominal,preposition,nonshifted,preverbal
освободили,,Acc,деревню,После небольшого артналета,1,3,-2,2,3,indefinite,indefinite,nonpronomial,nonpronomial,preposition,nonshifted,preverbal
перепродавали,,Acc,ее,С одобрения новых властей,1,4,-3,4,7,indefinite,indefinite,pronominal,nonpronomial,preposition,nonshifted,preverbal
вывезли,,Acc,последние личные вещи Президента СССР,Перед их неожиданным появлением,5,4,1,4,7,indefinite,indefinite,nonpronomial,nonpronomial,preposition,nonshifted,preverbal
сняла,,Acc,квартиру,После постройки дома в конце XIX века,1,7,-6,1,7,indefinite,indefinite,nonpronomial,nonpronomial,preposition,nonshifted,preverbal
провели,,Acc,его,На Гороховой,1,2,-1,1,2,indefinite,indefinite,pronominal,nonpronomial,preposition,nonshifted,preverbal
поддерживают,,Acc,реформу,на этот раз,1,3,-2,1,2,indefinite,indefinite,nonpronomial,nonpronomial,preposition,nonshifted,preverbal
получат,,Acc,вакцину,в ближайшем будущем,1,3,-2,1,2,indefinite,indefinite,nonpronomial,nonpronomial,preposition,nonshifted,preverbal
отмечают,,Acc,День памяти жертв политических репрессий,во вторник,5,2,3,7,1,indefinite,indefinite,nonpronomial,nonpronomial,preposition,shifted,preverbal
занимают,,Acc,Лидирующие позиции,в этом отношении,2,3,-1,4,1,indefinite,indefinite,nonpronomial,nonpronomial,preposition,shifted,preverbal
опубликовали,,Acc,которое,в понедельник,1,2,-1,3,1,indefinite,indefinite,pronominal,nonpronomial,preposition,shifted,preverbal
подтвердили,,Acc,информацию об отправке в Афганистан российских десантников,в Минобороны России,7,3,4,8,10,indefinite,indefinite,nonpronomial,nonpronomial,preposition,nonshifted,preverbal
проведет,,Acc,всенощную в честь Рождества Христова,в понедельник,5,2,3,5,6,indefinite,indefinite,nonpronomial,nonpronomial,preposition,nonshifted,preverbal
читать,,Acc,Молитвы,во время забоя,1,3,-2,5,2,indefinite,indefinite,nonpronomial,nonpronomial,preposition,shifted,preverbal
дает,,Acc,имя,В любом случае,1,3,-2,2,4,indefinite,indefinite,nonpronomial,nonpronomial,preposition,nonshifted,preverbal
атаковал,,Acc,Гомиша которого заменил бразилец Амарал,в этот момент,5,3,2,12,3,indefinite,indefinite,nonpronomial,nonpronomial,preposition,shifted,preverbal
проведет,,Acc,конец сезона,на правах аренды,2,3,-1,5,2,indefinite,indefinite,nonpronomial,nonpronomial,preposition,shifted,preverbal
ждут,,Acc,Фрэнкса,В четверг,1,2,-1,2,3,indefinite,indefinite,nonpronomial,nonpronomial,preposition,nonshifted,preverbal
обошла,,Acc,его,из женщин,1,2,-1,1,2,indefinite,indefinite,pronominal,nonpronomial,preposition,nonshifted,preverbal
поддержали,,Acc,это предложение,При необходимых 226 голосах,2,4,-2,1,3,indefinite,indefinite,nonpronomial,nonpronomial,preposition,nonshifted,preverbal
обвиняют,,Acc,его,в которых,1,2,-1,1,2,indefinite,indefinite,pronominal,pronominal,preposition,nonshifted,preverbal
составило,,Acc,общее число жертв холода в Москве,в этом зимнем сезоне,6,4,2,9,1,indefinite,indefinite,nonpronomial,nonpronomial,preposition,shifted,preverbal
примет,,Acc,Мубарака,во вторник,1,2,-1,1,2,indefinite,indefinite,nonpronomial,nonpronomial,preposition,nonshifted,preverbal
возглавит,,Acc,российскую делегацию,на консультациях,2,2,0,3,1,indefinite,indefinite,nonpronomial,nonpronomial,preposition,shifted,preverbal
попросили,,Acc,их,за вознаграждение,1,2,-1,1,2,indefinite,indefinite,pronominal,nonpronomial,preposition,nonshifted,preverbal
обвиняли,,Acc,супружескую пару,В прошлом,2,2,0,3,5,indefinite,indefinite,nonpronomial,nonpronomial,preposition,nonshifted,preverbal
возглавляют,,Acc,Делегации,на встрече,1,2,-1,3,1,indefinite,indefinite,nonpronomial,nonpronomial,preposition,shifted,preverbal
объяснил,,Acc,свои действия,В предсмертной записке,2,3,-1,2,4,indefinite,indefinite,nonpronomial,nonpronomial,preposition,nonshifted,preverbal
проявил,,Acc,высокую активность,В последний раз,2,3,-1,2,4,indefinite,indefinite,nonpronomial,nonpronomial,preposition,nonshifted,preverbal
поддержал,,Acc,соответствующую инициативу представителя Агропромышленной группы заместителя председателя думского комитета по безопасности Павла Бурдукова,При необходимых для принятия решения 226 голосах,13,7,6,13,15,indefinite,indefinite,nonpronomial,nonpronomial,preposition,nonshifted,preverbal
высказал,,Acc,Такое мнение,в интервью РИА Новости,2,4,-2,7,5,indefinite,indefinite,nonpronomial,nonpronomial,preposition,shifted,preverbal
употребляют,,Acc,таблетки метамфетамина,По официальной статистике министерства здравоохранения Таиланда,2,6,-4,3,8,indefinite,indefinite,nonpronomial,nonpronomial,preposition,nonshifted,preverbal
возглавляет,,Acc,его,До конца года,1,3,-2,1,3,indefinite,indefinite,pronominal,nonpronomial,preposition,nonshifted,preverbal
купишь,,Acc,вторую водку,за ту же смерть,2,4,-2,6,2,indefinite,indefinite,nonpronomial,nonpronomial,preposition,shifted,preverbal
видел,,Acc,что-то такое,в кино,2,2,0,2,3,indefinite,indefinite,pronominal,nonpronomial,preposition,nonshifted,preverbal
разнесло,,Acc,его,С чего,1,2,-1,1,2,indefinite,indefinite,pronominal,pronominal,preposition,nonshifted,preverbal
обсасывал,,Acc,его,до самой щепки,1,3,-2,1,2,indefinite,indefinite,pronominal,nonpronomial,preposition,nonshifted,preverbal
поставит,,Acc,Обед,на стол,1,2,-1,3,1,indefinite,indefinite,nonpronomial,nonpronomial,preposition,shifted,preverbal
разносит,,Acc,тебя,с чего это,1,3,-2,1,3,indefinite,indefinite,pronominal,pronominal,preposition,nonshifted,preverbal
пускали,,Acc,маленьких,на улицу,1,2,-1,5,3,indefinite,indefinite,nonpronomial,nonpronomial,preposition,shifted,preverbal
заметила,,Acc,его,на вторую зиму,1,3,-2,1,2,indefinite,indefinite,pronominal,nonpronomial,preposition,nonshifted,preverbal
покусывало,,Acc,руки,по утрам,1,2,-1,1,2,indefinite,indefinite,nonpronomial,nonpronomial,preposition,nonshifted,preverbal
заменили,,Acc,сплошной гипс,В один прекрасный насквозь солнечный день,2,6,-4,1,3,indefinite,indefinite,nonpronomial,nonpronomial,preposition,nonshifted,preverbal
делать,,Acc,Что же,с вами,2,2,0,4,1,indefinite,indefinite,pronominal,pronominal,preposition,shifted,preverbal
давал,,Acc,наибольший урожай,за прошедшие годы,2,3,-1,4,1,indefinite,indefinite,nonpronomial,nonpronomial,preposition,shifted,preverbal
выбрали,,Acc,ее,К началу восьмидесятых,1,3,-2,1,3,indefinite,indefinite,pronominal,nonpronomial,preposition,nonshifted,preverbal
называли,,Acc,которую,не без оснований,1,3,-2,4,1,indefinite,indefinite,pronominal,nonpronomial,preposition,shifted,preverbal
ретранслируют,,Acc,Телепрограммы,у нас,1,2,-1,3,1,indefinite,indefinite,nonpronomial,pronominal,preposition,shifted,preverbal
срезают,,Acc,слой получившийся очень твердым бугристым,с трудом,5,2,3,12,3,indefinite,indefinite,nonpronomial,nonpronomial,preposition,shifted,preverbal
сэкономишь,,Acc,что,на них,1,2,-1,3,1,indefinite,indefinite,pronominal,pronominal,preposition,shifted,preverbal
помещают,,Acc,Вновь изготовленные развертки или протяжки,после термообработки или заточки,5,4,1,7,3,indefinite,indefinite,nonpronomial,nonpronomial,preposition,shifted,preverbal
устанавливают,,Acc,инструмент,В обычном токарном станке,1,4,-3,1,2,indefinite,indefinite,nonpronomial,nonpronomial,preposition,nonshifted,preverbal
считают,,Acc,его,За границей,1,2,-1,1,2,indefinite,indefinite,pronominal,nonpronomial,preposition,nonshifted,preverbal
пропускает,,Acc,воду,В зону электромагнитного привода,1,4,-3,2,5,indefinite,indefinite,nonpronomial,nonpronomial,preposition,nonshifted,preverbal
продавливают,,Acc,Заготовку,с усилием,1,2,-1,3,1,indefinite,indefinite,nonpronomial,nonpronomial,preposition,shifted,preverbal
помещали,,Acc,ее,для этого,1,2,-1,1,2,indefinite,indefinite,pronominal,pronominal,preposition,nonshifted,preverbal
растворяют,,Acc,руды металлов особенно редких и благородных,В цветной металлургии,6,3,3,10,11,indefinite,indefinite,nonpronomial,nonpronomial,preposition,nonshifted,preverbal
делать,,Acc,что,с ними,1,2,-1,3,1,indefinite,indefinite,pronominal,pronominal,preposition,shifted,preverbal
вернуть,,Acc,его,после извлечения накопленного металла,1,4,-3,5,8,indefinite,indefinite,pronominal,nonpronomial,preposition,nonshifted,preverbal
назвали,,Acc,которые,в честь первых исследователей,1,4,-3,5,3,indefinite,indefinite,pronominal,nonpronomial,preposition,shifted,preverbal
упразднили,,Acc,которые,со временем,1,2,-1,3,1,indefinite,indefinite,pronominal,nonpronomial,preposition,shifted,preverbal
утратили,,Acc,Имперские посягательства и амбиции,за 70 лет существования социалистического государства,4,6,-2,11,6,indefinite,indefinite,nonpronomial,nonpronomial,preposition,shifted,preverbal
приобретает,,Acc,решающее значение для судеб прогресса в мире,В этих условиях,7,3,4,6,8,indefinite,indefinite,nonpronomial,nonpronomial,preposition,nonshifted,preverbal
играет,,Acc,огромную роль,Кроме отсутствия опыта движения по новым дорогам,2,7,-5,1,9,indefinite,indefinite,nonpronomial,nonpronomial,preposition,nonshifted,preverbal
говорили,,Acc,что,в разное время,1,3,-2,4,1,indefinite,indefinite,pronominal,nonpronomial,preposition,shifted,preverbal
выслал,,Acc,аналогичного содержания послание,В 1277 году,3,3,0,1,4,indefinite,indefinite,nonpronomial,nonpronomial,preposition,nonshifted,preverbal
свидетельствует,,Acc,Вот что,об этом,2,2,0,3,1,indefinite,indefinite,pronominal,pronominal,preposition,shifted,preverbal
арестовали,,Acc,отца,у меня,1,2,-1,1,2,indefinite,indefinite,nonpronomial,pronominal,preposition,nonshifted,preverbal
лишили,,Acc,меня,после ареста отца,1,3,-2,1,3,indefinite,indefinite,pronominal,nonpronomial,preposition,nonshifted,preverbal
видит,,Nom,кладез,под пальмою,1,2,-1,3,1,indefinite,indefinite,nonpronomial,nonpronomial,preposition,shifted,preverbal
назначить,,Acc,Жириновского,к пиндосской делегации,1,3,-2,2,4,indefinite,indefinite,nonpronomial,nonpronomial,preposition,nonshifted,preverbal
считают,,Acc,горби,На рассее,1,2,-1,1,2,indefinite,indefinite,nonpronomial,nonpronomial,preposition,nonshifted,preverbal
обокрали,,Acc,машину,у меня,1,2,-1,1,2,indefinite,indefinite,nonpronomial,pronominal,preposition,nonshifted,preverbal
залить,,Acc,таблетки Спирулина микроводоросль,В это время,3,3,0,5,6,indefinite,indefinite,nonpronomial,nonpronomial,preposition,nonshifted,preverbal
ощутите,,Gen,боли,После его использования,1,3,-2,2,3,indefinite,indefinite,nonpronomial,nonpronomial,preposition,nonshifted,preverbal
процеживают,,Acc,кофе,Через 15 — 20 минут,1,5,-4,1,2,indefinite,indefinite,nonpronomial,nonpronomial,preposition,nonshifted,preverbal
крутить,,Ins,ножкой,в земле,1,2,-1,3,1,indefinite,indefinite,nonpronomial,nonpronomial,preposition,shifted,preverbal
тянет,,Acc,меня,к нему,1,2,-1,3,1,indefinite,indefinite,pronominal,pronominal,preposition,shifted,preverbal
провели,,Acc,олимпиаду,в Сочи,1,2,-1,3,1,indefinite,indefinite,nonpronomial,nonpronomial,preposition,shifted,preverbal
делали,,Acc,че,в 90-х,1,2,-1,3,1,indefinite,indefinite,pronominal,nonpronomial,preposition,shifted,preverbal
поем,,Acc,песни,про Путина,1,2,-1,1,2,indefinite,indefinite,nonpronomial,nonpronomial,preposition,nonshifted,preverbal
набирают,,Acc,половину голосов уже,с трудом,3,2,1,5,1,indefinite,indefinite,nonpronomial,nonpronomial,preposition,shifted,preverbal
хватало,,Gen,жестокостей,В 20-е годы,1,3,-2,1,2,indefinite,indefinite,nonpronomial,nonpronomial,preposition,nonshifted,preverbal
пьёт,,Par,чаю,на следующее утро после смерти,1,5,-4,2,5,indefinite,indefinite,nonpronomial,nonpronomial,preposition,nonshifted,preverbal
теряя,,Acc,пламя,в ужасе,1,2,-1,3,1,indefinite,indefinite,nonpronomial,nonpronomial,preposition,shifted,preverbal
затая,,Acc,Какую-то радость,в душе,2,2,0,3,1,indefinite,indefinite,nonpronomial,nonpronomial,preposition,shifted,preverbal
увлек,,Acc,меня,во время о́но,1,3,-2,7,5,indefinite,indefinite,pronominal,nonpronomial,preposition,shifted,preverbal
волью,,Acc,Хоть каплю радости,в вашу горестную чашу,3,4,-1,2,4,indefinite,indefinite,nonpronomial,nonpronomial,preposition,nonshifted,preverbal
сделаешь,,Acc,что,За бабки то,1,3,-2,2,4,indefinite,indefinite,pronominal,nonpronomial,preposition,nonshifted,preverbal
