Verb,Verb_case,Obj_case,NP,PP,NP_len,PP_len,Len_diff,V_NP_d,V_PP_d,NP_definiteness,PP_definiteness,NP_pronominality,PP_pronominality,ADP,Shift,PrePost
izločijo,,Acc,nihanja,iz obolelega telesa,1,3,-2,1,4,indefinite,indefinite,nonpronomial,nonpronomial,preposition,nonshifted,postverbal
povzročile,,Acc,nevšečnosti,na televiziji BBC kjer so le s težavo uskladili prenos vseh pomembnih dogodkov,1,13,-12,1,3,indefinite,indefinite,nonpronomial,nonpronomial,preposition,nonshifted,postverbal
zadovoljila,,Acc,lastno tržišče,za več let,2,3,-1,2,5,indefinite,indefinite,nonpronomial,nonpronomial,preposition,nonshifted,postverbal
Zaprl,,Acc,vrata,za sabo,1,2,-1,2,4,indefinite,indefinite,nonpronomial,pronominal,preposition,nonshifted,postverbal
imel,,Acc,prav poseben odnos,do tega večera,3,3,0,6,3,indefinite,indefinite,nonpronomial,nonpronomial,preposition,shifted,postverbal
ima,,Acc,gumb ki je namenjen samo tej funkciji,na boku,7,2,5,3,2,indefinite,indefinite,nonpronomial,nonpronomial,preposition,shifted,postverbal
vzemite,,Acc,Nokio 7270,s seboj,2,2,0,3,2,indefinite,indefinite,nonpronomial,pronominal,preposition,shifted,postverbal
kupovali,,Acc,glasbene datoteke,pri Applu Sonyju,2,3,-1,2,4,indefinite,indefinite,nonpronomial,nonpronomial,preposition,nonshifted,postverbal
ima,,Gen,več kot 230.000 glasbenih datotek,v svoji podatkovni bazi,5,4,1,9,4,indefinite,indefinite,nonpronomial,nonpronomial,preposition,shifted,postverbal
potreboval,,Gen,več kot nekaj sekund,za vzpostavitev povezave GPRS,4,4,0,4,6,indefinite,indefinite,nonpronomial,nonpronomial,preposition,nonshifted,postverbal
ima,,Gen,veliko dela,spričo tako hudih medvrstniških obračunavanj,2,5,-3,3,8,indefinite,indefinite,nonpronomial,nonpronomial,preposition,nonshifted,postverbal
imate,,Gen,dovolj znanja ljudi in poznavanja trgov,za razvoj v tujini,6,4,2,2,9,indefinite,indefinite,nonpronomial,nonpronomial,preposition,nonshifted,postverbal
voditi,,Acc,pse,na sprehod,1,2,-1,1,3,indefinite,indefinite,nonpronomial,nonpronomial,preposition,nonshifted,postverbal
imel,,Acc,prve razstavne in delovne prostore,v Žleznikarjevi hiši na slovenjegraškem Trgu svobode,5,7,-2,5,8,indefinite,indefinite,nonpronomial,nonpronomial,preposition,nonshifted,postverbal
Dostavi,,Acc,naju,na položno snežno rez,1,4,-3,1,5,indefinite,indefinite,pronominal,nonpronomial,preposition,nonshifted,postverbal
izdolbel,,Acc,pravo teraso,okoli skalne tvorbe,2,3,-1,2,5,indefinite,indefinite,nonpronomial,nonpronomial,preposition,nonshifted,postverbal
odkrijeva,,Acc,navpično zajedo ki se izgublja nekam pod nebo,levo za razom,8,3,5,5,3,indefinite,indefinite,nonpronomial,nonpronomial,preposition,shifted,postverbal
načnem,,Acc,prvi raztežaj,kakih dvajset metrov desno od vstopa v Schinkovo smer,2,9,-7,2,8,indefinite,indefinite,nonpronomial,nonpronomial,preposition,nonshifted,postverbal
Varujta,,Acc,me,v vseh nevarnostih,1,3,-2,1,4,indefinite,indefinite,pronominal,nonpronomial,preposition,nonshifted,postverbal
Lovimo,,Acc,jo,z lahko ribiško opremo,1,4,-3,1,5,indefinite,indefinite,pronominal,nonpronomial,preposition,nonshifted,postverbal
daje,,Acc,vtis rdečkasto rjave barve,pod vodo,4,2,2,3,2,indefinite,indefinite,nonpronomial,nonpronomial,preposition,shifted,postverbal
zavrtijo,,Acc,kolesce,"za 1,5 do 3 obrate",1,5,-4,1,6,indefinite,indefinite,nonpronomial,nonpronomial,preposition,nonshifted,postverbal
Jemo,,Acc,ga,v solati,1,2,-1,1,3,indefinite,indefinite,pronominal,nonpronomial,preposition,nonshifted,postverbal
daje,,Acc,kompleksnost,v barvi in okusu,1,4,-3,1,3,indefinite,indefinite,nonpronomial,nonpronomial,preposition,nonshifted,postverbal
dala,,Acc,dobre rezultate,v številnih poskusih,2,3,-1,5,3,indefinite,indefinite,nonpronomial,nonpronomial,preposition,shifted,postverbal
Prebirajte,,Acc,oglase,v naši reviji,1,3,-2,1,4,indefinite,indefinite,nonpronomial,nonpronomial,preposition,nonshifted,postverbal
odrecitirati,,Acc,cel Krst pri Savici,na pamet,4,2,2,4,2,indefinite,indefinite,nonpronomial,nonpronomial,preposition,shifted,postverbal
ščiti,,Acc,trup,pred osmozo,1,2,-1,1,3,indefinite,indefinite,nonpronomial,nonpronomial,preposition,nonshifted,postverbal
ima,,Acc,njegovo aktovko in suknjič,pod roko,4,2,2,4,2,indefinite,indefinite,nonpronomial,nonpronomial,preposition,shifted,postverbal
pognala,,Acc,prijeten skoraj čuten drget,po telesu,4,2,2,5,7,indefinite,indefinite,nonpronomial,nonpronomial,preposition,nonshifted,postverbal
črpala,,Acc,moč,iz poguma ki je bil večji kot si je mislila,1,10,-9,1,3,indefinite,definite,nonpronomial,nonpronomial,preposition,nonshifted,postverbal
stegnila,,Acc,roko,čez mizo,1,2,-1,1,3,indefinite,indefinite,nonpronomial,nonpronomial,preposition,nonshifted,postverbal
prijela,,Acc,drugo žensko,za roko,2,2,0,2,4,indefinite,indefinite,nonpronomial,nonpronomial,preposition,nonshifted,postverbal
pripravili,,Acc,veliki koncert ki je pokazal na izjemno priljubljenost Henčkovega ansambla in veliko priljubljenost njegove muzike,v Novem mestu,15,3,12,5,3,definite,indefinite,nonpronomial,nonpronomial,preposition,shifted,postverbal
IMA,,Acc,TAKŠNO VLOGO,PRI DRUGIH OBLIKAH ZAČASNE POROKE,2,5,-3,2,5,indefinite,indefinite,nonpronomial,nonpronomial,preposition,nonshifted,postverbal
BURILA,,Acc,DUHOVE,V ZDA,1,2,-1,1,3,indefinite,indefinite,nonpronomial,nonpronomial,preposition,nonshifted,postverbal
NAŠLA,,Acc,POT,V MNOGE ČASOPISE PO ZDA,1,5,-4,1,4,indefinite,indefinite,nonpronomial,nonpronomial,preposition,nonshifted,postverbal
Spustil,,Acc,može,iz laboratorija,1,2,-1,2,4,indefinite,indefinite,nonpronomial,nonpronomial,preposition,nonshifted,postverbal
ocenili,,Acc,strel,"z 0,0 kroga",1,3,-2,1,4,indefinite,indefinite,nonpronomial,nonpronomial,preposition,nonshifted,postverbal
imel,,Gen,enajst strelov,v tarči,2,2,0,4,2,indefinite,indefinite,nonpronomial,nonpronomial,preposition,shifted,postverbal
določa,,Acc,vlogo in pristojnosti občin,v zvezi s knjižnicami,4,4,0,1,6,indefinite,indefinite,nonpronomial,nonpronomial,preposition,nonshifted,postverbal
namenjajo,,Gen,veliko denarja,za različne projekte,2,3,-1,2,5,indefinite,indefinite,nonpronomial,nonpronomial,preposition,nonshifted,postverbal
ima,,Acc,kar dober občutek,o zaščiti cvička,3,3,0,6,2,indefinite,indefinite,nonpronomial,nonpronomial,preposition,shifted,postverbal
Imeli,,Acc,jih,v deželnem dvorcu v Metternichovem stanovanju v Zoisovi hiši na Bregu in drugod,1,13,-12,2,5,indefinite,indefinite,pronominal,nonpronomial,preposition,nonshifted,postverbal
dobila,,Acc,poslance,z 51 odstotki glasov,1,4,-3,1,4,indefinite,indefinite,nonpronomial,nonpronomial,preposition,nonshifted,postverbal
zvezali,,Acc,zapestja,na hrbtu,1,2,-1,1,3,indefinite,indefinite,nonpronomial,nonpronomial,preposition,nonshifted,postverbal
zmanjšal,,Acc,nemoralnost,med duhovniki,1,2,-1,1,3,indefinite,indefinite,nonpronomial,nonpronomial,preposition,nonshifted,postverbal
prejel,,Acc,listek,od skrivnostnega starca,1,3,-2,1,4,indefinite,indefinite,nonpronomial,nonpronomial,preposition,nonshifted,postverbal
bral,,Acc,besedi zapisani z velikimi črkami,na njih,5,2,3,3,2,indefinite,indefinite,nonpronomial,pronominal,preposition,shifted,postverbal
razvili,,Acc,neke osnovne modele middlewara,za kar 18 gospodarskih panog,4,5,-1,3,9,indefinite,indefinite,nonpronomial,nonpronomial,preposition,nonshifted,postverbal
uporablja,,Gen,kar 940 pinov vmesnik socket 940,za komunikacijo z okolico,6,4,2,7,2,indefinite,indefinite,nonpronomial,nonpronomial,preposition,shifted,postverbal
držita,,Gen,kar deset svetovnih rekordov,v tej kategoriji letal,4,4,0,7,10,indefinite,indefinite,nonpronomial,nonpronomial,preposition,nonshifted,postverbal
želi,,Gen,miru,v prijetnem okolju švicarskih Alp,1,5,-4,2,5,indefinite,indefinite,nonpronomial,nonpronomial,preposition,nonshifted,postverbal
Hranim,,Acc,ga,z umazano posodo,1,3,-2,1,4,indefinite,indefinite,pronominal,nonpronomial,preposition,nonshifted,postverbal
imate,,Acc,bradavice,na obrazu okrog zadnjika in spolovil,1,6,-5,1,3,indefinite,indefinite,nonpronomial,nonpronomial,preposition,nonshifted,postverbal
imeli,,Acc,ušesa vedno suha,med zdravljenjem in še nekaj tednov po njem,3,8,-5,9,2,indefinite,indefinite,nonpronomial,nonpronomial,preposition,shifted,postverbal
čutite,,Acc,mravljince otrplost ali nemoč,v roki ali dlani,4,4,0,1,7,indefinite,indefinite,nonpronomial,nonpronomial,preposition,nonshifted,postverbal
vložili,,Acc,vse obtožnice proti obtožencem za vojne zločine ki so jih pripravili,ne glede na to ali bo sodišče obstajalo le še leto dni ali dlje,11,14,-3,2,17,indefinite,indefinite,nonpronomial,nonpronomial,preposition,nonshifted,postverbal
nagnila,,Acc,glavo,na eno stran,1,3,-2,1,4,indefinite,indefinite,nonpronomial,nonpronomial,preposition,nonshifted,postverbal
kupovali,,Acc,slaščice,pri morilcu,1,2,-1,1,3,indefinite,indefinite,nonpronomial,nonpronomial,preposition,nonshifted,postverbal
služil,,Acc,vojsko,v Franciji,1,2,-1,1,3,indefinite,indefinite,nonpronomial,nonpronomial,preposition,nonshifted,postverbal
merila,,Acc,centimetre,skozi mnogo let,1,3,-2,1,4,indefinite,indefinite,nonpronomial,nonpronomial,preposition,nonshifted,postverbal
vložili,,Acc,priziv,na čilsko vrhovno sodišče,1,4,-3,1,5,indefinite,indefinite,nonpronomial,nonpronomial,preposition,nonshifted,postverbal
prizadela,,Acc,pridelovalce semenskega krompirja,v Libeličah,3,2,1,1,5,indefinite,indefinite,nonpronomial,nonpronomial,preposition,nonshifted,postverbal
položim,,Acc,fotoaparat,na ramo,1,2,-1,3,2,indefinite,indefinite,nonpronomial,nonpronomial,preposition,shifted,postverbal
imaš,,Gen,evrov,s seboj,1,2,-1,3,2,indefinite,indefinite,nonpronomial,pronominal,preposition,shifted,postverbal
vnesejo,,Acc,kateri koli gen ki ni nujno iz organizma iste vrste,v organizem,10,2,8,5,2,indefinite,indefinite,nonpronomial,nonpronomial,preposition,shifted,postverbal
uničimo,,Acc,prelep dan v naravi,s prometno nesrečo,4,3,1,2,7,indefinite,indefinite,nonpronomial,nonpronomial,preposition,nonshifted,postverbal
služi,,Acc,kruh,v tujini,1,2,-1,1,3,indefinite,indefinite,nonpronomial,nonpronomial,preposition,nonshifted,postverbal
odigrali,,Gen,približno 40 koncertov,po Sloveniji Hrvaški Jugoslaviji,3,4,-1,3,5,indefinite,indefinite,nonpronomial,nonpronomial,preposition,nonshifted,postverbal
vleči,,Gen,dveh oseb,za nos,2,2,0,4,2,indefinite,indefinite,nonpronomial,nonpronomial,preposition,shifted,postverbal
povezala,,Acc,naravnanost do tveganja,s političnimi preferencami,3,3,0,1,6,indefinite,indefinite,nonpronomial,nonpronomial,preposition,nonshifted,postverbal
razvršča,,Acc,religije,na politeistične monoteistične ritualistične ekstatične,1,5,-4,1,3,indefinite,indefinite,nonpronomial,nonpronomial,preposition,nonshifted,postverbal
preživeli,,Acc,Šoah,v petdesetih letih,1,3,-2,1,4,indefinite,indefinite,nonpronomial,nonpronomial,preposition,nonshifted,postverbal
odprli,,Acc,razstavo,ob 100. obletnici Franja Stiplovška slikarja grafika in profesorja,1,9,-8,1,4,indefinite,indefinite,nonpronomial,nonpronomial,preposition,nonshifted,postverbal
ima,,Acc,velike zasluge za oblikovanje Posavskega muzeja v brežiškem gradu,med drugim,9,2,7,4,2,indefinite,indefinite,nonpronomial,nonpronomial,preposition,shifted,postverbal
vračala,,Acc,plačani davek,najkasneje v roku 30 dni,2,5,-3,2,5,definite,indefinite,nonpronomial,nonpronomial,preposition,nonshifted,postverbal
vračala,,Acc,preveč plačani davek,v roku 30 do 90 dni,3,6,-3,3,5,definite,indefinite,nonpronomial,nonpronomial,preposition,nonshifted,postverbal
dosegla,,Acc,polnopravno članstvo,v novi širši domovini,2,4,-2,2,6,indefinite,indefinite,nonpronomial,nonpronomial,preposition,nonshifted,postverbal
imajo,,Acc,mejne prehode Bosanska Gradiška in Orašje ob Savi Izačić pri Bihaču in Crveni grm nad Pločami v Hercegovini,na voljo,18,2,16,4,2,indefinite,indefinite,nonpronomial,nonpronomial,preposition,shifted,postverbal
skriva,,Gen,svojih 170 konjskih moči,za enako zunanjostjo kot jo imajo šibkejše različice zato je to rjoveči bik v ovčji koži,4,16,-12,4,7,indefinite,indefinite,nonpronomial,nonpronomial,preposition,nonshifted,postverbal
nima,,Acc,nič,z mamili,1,2,-1,1,3,indefinite,indefinite,pronominal,nonpronomial,preposition,nonshifted,postverbal
spremljala,,Acc,pustne norčije,tja do zaključnega romanja na Ptuj kjer so bili pustni krofi in drugo pecivo zakon,2,15,-13,2,6,indefinite,indefinite,nonpronomial,nonpronomial,preposition,nonshifted,postverbal
imeli,,Gen,mene,v delu,1,2,-1,1,3,indefinite,indefinite,pronominal,nonpronomial,preposition,nonshifted,postverbal
pustila,,Acc,osrednjo obrestno mero nespremenjeno,"na 4,75 odstotka",4,3,1,3,7,indefinite,indefinite,nonpronomial,nonpronomial,preposition,nonshifted,postverbal
povečala,,Acc,dobiček,za 43 odstotkov,1,3,-2,1,4,indefinite,indefinite,nonpronomial,nonpronomial,preposition,nonshifted,postverbal
povedo,,Acc,bistvo,v enem samem stavku,1,4,-3,1,5,indefinite,indefinite,nonpronomial,nonpronomial,preposition,nonshifted,postverbal
goji,,Acc,kak sad,s prav izredno skrbnostjo,2,4,-2,2,6,indefinite,indefinite,nonpronomial,nonpronomial,preposition,nonshifted,postverbal
ima,,Acc,poseben namen,pri tem,2,2,0,4,2,indefinite,indefinite,nonpronomial,nonpronomial,preposition,shifted,postverbal
dajal,,Gen,toliko milosti,iz podobnega namena,2,3,-1,8,6,indefinite,indefinite,nonpronomial,nonpronomial,preposition,shifted,postverbal
ustvari,,Acc,sposobnost in stalno nagnjenje da ljubimo Boga in mu zvesto služimo,v nas,11,2,9,3,2,indefinite,indefinite,nonpronomial,pronominal,preposition,shifted,postverbal
Stresemo,,Acc,ga,v stekleno skledo,1,3,-2,1,4,indefinite,indefinite,pronominal,nonpronomial,preposition,nonshifted,postverbal
Vmešamo,,Acc,ga,v jogurt,1,2,-1,1,3,indefinite,indefinite,pronominal,nonpronomial,preposition,nonshifted,postverbal
imeli,,Acc,velik ugled,pri svojih vojakih in med nami krajani,2,7,-5,9,3,indefinite,indefinite,nonpronomial,nonpronomial,preposition,shifted,postverbal
prevesiti,,Acc,ameriško javno mnenje,na bosansko stran,3,3,0,3,6,indefinite,indefinite,nonpronomial,nonpronomial,preposition,nonshifted,postverbal
napisala,,Acc,članek,za Newsweek,1,2,-1,1,3,indefinite,indefinite,nonpronomial,nonpronomial,preposition,nonshifted,postverbal
namakal,,Acc,noge,v hladnem potočku,1,3,-2,1,4,indefinite,indefinite,nonpronomial,nonpronomial,preposition,nonshifted,postverbal
izgubimo,,Acc,približno odstotek telesne teže,s tekočino,4,2,2,3,7,indefinite,indefinite,nonpronomial,nonpronomial,preposition,nonshifted,postverbal
izbrisati,,Gen,sestrinega bednega življenja,iz sebe,3,2,1,3,5,indefinite,indefinite,nonpronomial,pronominal,preposition,nonshifted,postverbal
vzel,,Acc,jakno,z obešalnika,1,2,-1,1,3,indefinite,indefinite,nonpronomial,nonpronomial,preposition,nonshifted,postverbal
imajo,,Gen,15 minut dnevno brez tuširanja,na voljo,5,2,3,4,2,indefinite,indefinite,nonpronomial,nonpronomial,preposition,shifted,postverbal
povzročila,,Acc,pravo razburjenje,med lastniki trgovskih gostinskih in drugih lokalov na eni ter stanovalci na drugi strani,2,14,-12,2,4,indefinite,indefinite,nonpronomial,nonpronomial,preposition,nonshifted,postverbal
ščitijo,,Acc,podtalnico,pred onesnaženjem,1,2,-1,1,3,indefinite,indefinite,nonpronomial,nonpronomial,preposition,nonshifted,postverbal
ima,,Acc,vojaške priprave,na skrbi,2,2,0,4,2,indefinite,indefinite,nonpronomial,nonpronomial,preposition,shifted,postverbal
potisnil,,Acc,pištolo,v tok,1,2,-1,1,3,indefinite,indefinite,nonpronomial,nonpronomial,preposition,nonshifted,postverbal
pomolil,,Acc,glavo,skozi vrata,1,2,-1,1,3,indefinite,indefinite,nonpronomial,nonpronomial,preposition,nonshifted,postverbal
Povečala,,Acc,jo,v plakate,1,2,-1,2,4,indefinite,indefinite,pronominal,nonpronomial,preposition,nonshifted,postverbal
poiskala,,Acc,delo,v mestu,1,2,-1,1,3,indefinite,indefinite,nonpronomial,nonpronomial,preposition,nonshifted,postverbal
prerasel,,Acc,status bara,s predelavo zgornjega nadstropja v plesišče,2,6,-4,1,4,indefinite,indefinite,nonpronomial,nonpronomial,preposition,nonshifted,postverbal
najde,,Gen,veliko idej za filme,v dnevnem časopisju,4,3,1,2,7,indefinite,indefinite,nonpronomial,nonpronomial,preposition,nonshifted,postverbal
povzročila,,Acc,manjše eksplozije,v domačem stranišču,2,3,-1,3,7,indefinite,indefinite,nonpronomial,nonpronomial,preposition,nonshifted,postverbal
igra,,Acc,golf,s Tigerjem Woodsom,1,3,-2,1,3,indefinite,indefinite,nonpronomial,nonpronomial,preposition,nonshifted,postverbal
spustil,,Acc,zadnji požirek kave,po grlu,3,2,1,4,2,definite,indefinite,nonpronomial,nonpronomial,preposition,shifted,postverbal
začutil,,Acc,lepljivo testo,na koži,2,2,0,3,5,indefinite,indefinite,nonpronomial,nonpronomial,preposition,nonshifted,postverbal
pograbil,,Acc,cigarete,z mize,1,2,-1,1,3,indefinite,indefinite,nonpronomial,nonpronomial,preposition,nonshifted,postverbal
odpre,,Acc,nove možnosti uprizarjanja t. j. vrtljivi prostor v katerem sedijo gledalci in spremljajo dogajanje okoli sebe,v gledališču,16,2,14,4,2,indefinite,indefinite,nonpronomial,nonpronomial,preposition,shifted,postverbal
brcal,,Acc,žogo,pred blokom,1,2,-1,1,3,indefinite,indefinite,nonpronomial,nonpronomial,preposition,nonshifted,postverbal
dobil,,Acc,kar nekakšen monopol,nad kupovanjem najboljših nogometašev na svetu,3,6,-3,4,6,indefinite,indefinite,nonpronomial,nonpronomial,preposition,nonshifted,postverbal
dali,,Acc,svoj maksimum,od sebe,2,2,0,4,2,indefinite,indefinite,nonpronomial,pronominal,preposition,shifted,postverbal
čutil,,Gen,veliko pritiska,na svojih ramenih,2,3,-1,3,6,indefinite,indefinite,nonpronomial,nonpronomial,preposition,nonshifted,postverbal
imel,,Gen,več časa,po sezoni,2,2,0,4,2,indefinite,indefinite,nonpronomial,nonpronomial,preposition,shifted,postverbal
zaprosilo,,Acc,Virginio Woolf,za predavanje o Ženskah in leposlovju,2,6,-4,1,4,indefinite,indefinite,nonpronomial,nonpronomial,preposition,nonshifted,postverbal
najde,,Acc,sorodno dušo,v Levu,2,2,0,4,2,indefinite,indefinite,nonpronomial,nonpronomial,preposition,shifted,postverbal
Vodite,,Acc,jo,po razkošnih lokalih z bogato ponudbo in velikimi porcijami,1,9,-8,1,4,indefinite,indefinite,pronominal,nonpronomial,preposition,nonshifted,postverbal
prekinjam,,Acc,to točko dnevnega reda,do odločanja,4,2,2,2,6,indefinite,indefinite,nonpronomial,nonpronomial,preposition,nonshifted,postverbal
prodajo,,Acc,določeno zadevo,z reeksportom,2,2,0,2,4,indefinite,indefinite,nonpronomial,nonpronomial,preposition,nonshifted,postverbal
obrnili,,Acc,orožje,zoper Slovence,1,2,-1,1,3,indefinite,indefinite,nonpronomial,nonpronomial,preposition,nonshifted,postverbal
Spremlja,,Acc,nas,v našem razmišljanju govoru branju in pisanju,1,7,-6,1,4,indefinite,indefinite,pronominal,nonpronomial,preposition,nonshifted,postverbal
Vidim,,Acc,te,v majici ki je bela le od daleč,1,8,-7,1,3,indefinite,indefinite,pronominal,nonpronomial,preposition,nonshifted,postverbal
prinesel,,Acc,kozarec,na srebrnem pladnju,1,3,-2,1,4,indefinite,indefinite,nonpronomial,nonpronomial,preposition,nonshifted,postverbal
obsodili,,Acc,LR Kitajsko,za preganjanje političnih aktivistov in verskih skupnosti,2,7,-5,1,4,indefinite,indefinite,nonpronomial,nonpronomial,preposition,nonshifted,postverbal
izbezali,,Acc,črno živalco z veliko glavo murna,iz rova,6,2,4,4,2,indefinite,indefinite,nonpronomial,nonpronomial,preposition,shifted,postverbal
izračunal,,Acc,razdaljo med kolonami,glede na velikost človeških ramen,3,5,-2,1,6,indefinite,indefinite,nonpronomial,nonpronomial,preposition,nonshifted,postverbal
imeli,,Acc,nekaj organskega,v sebi,2,2,0,4,3,indefinite,indefinite,pronominal,pronominal,preposition,shifted,postverbal
dela,,Gen,scene,iz vajine ločitve,1,3,-2,1,4,indefinite,indefinite,nonpronomial,nonpronomial,preposition,nonshifted,postverbal
imajo,,Acc,težave,pri pouku,1,2,-1,3,2,indefinite,indefinite,nonpronomial,nonpronomial,preposition,shifted,postverbal
začel,,Acc,tekmo,v prvi peterki,1,3,-2,1,4,indefinite,indefinite,nonpronomial,nonpronomial,preposition,nonshifted,postverbal
poslal,,Acc,svoj protest,na kar 46.000 internetnih naslovov,2,5,-3,2,7,indefinite,indefinite,nonpronomial,nonpronomial,preposition,nonshifted,postverbal
opozoriti,,Acc,slovensko javnost,na svojo ustavno pritožbo glede služenja vojaškega roka,2,8,-6,2,6,indefinite,indefinite,nonpronomial,nonpronomial,preposition,nonshifted,postverbal
obiskoval,,Acc,šolo,v Parizu,1,2,-1,1,3,indefinite,indefinite,nonpronomial,nonpronomial,preposition,nonshifted,postverbal
IMA,,Acc,PRAVICO DO PRERAZPOREDITVE NA DRUGO USTREZNO DELOVNO MESTO,V 15 DNEH PO DOKONČNOSTI PRAVNOMOČNOSTI SKLEPA,8,7,1,1,11,indefinite,indefinite,nonpronomial,nonpronomial,preposition,nonshifted,postverbal
ODPOVE,,Acc,POGODBO O ZAPOSLITVI,V PRIMERU,3,2,1,1,5,indefinite,indefinite,nonpronomial,nonpronomial,preposition,nonshifted,postverbal
imele,,Gen,večidel koristi,od porabljenega denarja,2,3,-1,5,3,indefinite,indefinite,nonpronomial,nonpronomial,preposition,shifted,postverbal
orisuje,,Acc,te spremembe,v prizadevanju da bi raziskalo zgodovinsko povezavo med vsebino znanosti in njenim družbenim ozadjem,2,14,-12,2,4,indefinite,indefinite,nonpronomial,nonpronomial,preposition,nonshifted,postverbal
imajo,,Gen,premalo informacij,za kakršnokoli stališče ali mnenje o tem kaj bi lahko takšno združevanje pomenilo in kakšen vpliv bi imelo na Koroško banko,2,21,-19,2,5,indefinite,indefinite,nonpronomial,nonpronomial,preposition,nonshifted,postverbal
dal,,Gen,najmanj 20 tablet ecstasyja,za uživanje,4,2,2,5,2,indefinite,indefinite,nonpronomial,nonpronomial,preposition,shifted,postverbal
imela,,Acc,krajši pogovor,na letališču,2,2,0,4,2,definite,indefinite,nonpronomial,nonpronomial,preposition,shifted,postverbal
nudi,,Gen,več voznih užitkov,na različnih cestnih podlagah,3,4,-1,3,7,indefinite,indefinite,nonpronomial,nonpronomial,preposition,nonshifted,postverbal
Opažate,,Acc,prezgodnja znamenja staranja,na koži pod očmi,3,4,-1,6,2,indefinite,indefinite,nonpronomial,nonpronomial,preposition,shifted,postverbal
čistiti,,Acc,toksine,iz telesa,1,2,-1,1,3,indefinite,indefinite,nonpronomial,nonpronomial,preposition,nonshifted,postverbal
vzgajale,,Acc,otroke,brez priročnikov,1,2,-1,1,3,indefinite,indefinite,nonpronomial,nonpronomial,preposition,nonshifted,postverbal
presegli,,Gen,sedem odstotkov naložbene vrednosti,na letni ravni,4,3,1,2,7,indefinite,indefinite,nonpronomial,nonpronomial,preposition,nonshifted,postverbal
opravil,,Acc,pravi slalom,skozi desni del obrambe Celjanov,2,5,-3,2,5,definite,definite,nonpronomial,nonpronomial,preposition,nonshifted,postverbal
podal,,Acc,žogo,na drugo vratnico kjer je bil z glavo najvišji Romero in postavil končni izid,1,14,-13,1,4,indefinite,definite,nonpronomial,nonpronomial,preposition,nonshifted,postverbal
preživel,,Acc,napad izkušenih zvezdnikov Utaha,v končnici NBA,4,3,1,1,6,indefinite,indefinite,nonpronomial,nonpronomial,preposition,nonshifted,postverbal
prenese,,Gen,avtoritete,s formalne pozicije,1,3,-2,1,4,indefinite,indefinite,nonpronomial,nonpronomial,preposition,nonshifted,postverbal
restavrirali,,Acc,stranski baročni oltar sv. Marka,v cerkvi na Bregu pri Žirovnici,5,6,-1,3,7,definite,indefinite,nonpronomial,nonpronomial,preposition,nonshifted,postverbal
restavrirali,,Acc,glavni renesančni oltar in freske na fasadi prezbiterija,v tej cerkvi,8,3,5,6,3,definite,indefinite,nonpronomial,nonpronomial,preposition,shifted,postverbal
obljublja,,Acc,nadomestno gradnjo,na zemljišču ki naj bi si ga sami izbrali,2,9,-7,2,4,indefinite,indefinite,nonpronomial,nonpronomial,preposition,nonshifted,postverbal
slišati,,Gen,kar precej ciničnih,na ta račun,3,3,0,3,6,indefinite,indefinite,nonpronomial,nonpronomial,preposition,nonshifted,postverbal
prinaša,,Acc,pravo malo revolucijo,na to področje,3,3,0,6,3,indefinite,indefinite,nonpronomial,nonpronomial,preposition,shifted,postverbal
uskladiti,,Acc,svoje delovanje,z novim zakonom,2,3,-1,2,5,indefinite,indefinite,nonpronomial,nonpronomial,preposition,nonshifted,postverbal
ustanovili,,Acc,poseben oddelek za avtošole,v sektorju za izobraževanje odraslih,4,5,-1,2,6,indefinite,indefinite,nonpronomial,nonpronomial,preposition,nonshifted,postverbal
imajo,,Acc,slušalko,v roki,1,2,-1,1,3,indefinite,indefinite,nonpronomial,nonpronomial,preposition,nonshifted,postverbal
sledil,,Dat,Riti Washington,v hladen gost dež,2,4,-2,1,7,indefinite,indefinite,nonpronomial,nonpronomial,preposition,nonshifted,postverbal
imelo,,Acc,sedež,v prvem in drugem nadstropju,1,5,-4,6,5,indefinite,indefinite,nonpronomial,nonpronomial,preposition,shifted,postverbal
ustrelil,,Acc,Willa Rudolpha,na cesti Chapel Hilla,2,4,-2,1,4,indefinite,indefinite,nonpronomial,nonpronomial,preposition,nonshifted,postverbal
vabi,,Acc,planince,na zimski vzpon na Veliki Javornik 1023 m ki bo v soboto 4. februarja,1,14,-13,1,4,indefinite,definite,nonpronomial,nonpronomial,preposition,nonshifted,postverbal
zanemarili,,Acc,svoje delo,zaradi mene,2,2,0,2,4,indefinite,indefinite,nonpronomial,pronominal,preposition,nonshifted,postverbal
bili,,Dat,njemu,v pomoč,1,2,-1,1,3,indefinite,indefinite,pronominal,nonpronomial,preposition,nonshifted,postverbal
postavljati,,Acc,blagor drugih,pred svoj blagor,2,3,-1,1,5,indefinite,indefinite,nonpronomial,nonpronomial,preposition,nonshifted,postverbal
pričakuje,,Acc,tovrstnega duha,med nami,2,2,0,4,2,indefinite,indefinite,nonpronomial,pronominal,preposition,shifted,postverbal
prevzel,,Acc,nekatere odgovornosti,v zvezi z mentalnim zdravjem skupnosti,2,6,-4,2,4,indefinite,indefinite,nonpronomial,nonpronomial,preposition,nonshifted,postverbal
vnašati,,Acc,steklenice,v hišo,1,2,-1,1,3,indefinite,indefinite,nonpronomial,nonpronomial,preposition,nonshifted,postverbal
Poznajo,,Acc,ga,iz pripovedi o veliki mavrični kači,1,6,-5,1,3,indefinite,indefinite,pronominal,nonpronomial,preposition,nonshifted,postverbal
pripravlja,,Acc,grajsko pristavo,za Veronikin prihod,2,3,-1,2,5,indefinite,indefinite,nonpronomial,nonpronomial,preposition,nonshifted,postverbal
dovolile,,Dat,razpuščeni Matici,zaradi romana Podlimbarskega,2,3,-1,5,2,indefinite,indefinite,nonpronomial,nonpronomial,preposition,shifted,postverbal
našli,,Acc,ga,v hiši v Afganistanu,1,4,-3,3,5,indefinite,indefinite,pronominal,nonpronomial,preposition,nonshifted,postverbal
zbirajo,,Acc,podpise,pod pismo Ibrahimu Rogovi s katerim študentje od njega zahtevajo naj zaostri nasprotovanje beograjskemu režimu,1,15,-14,1,3,indefinite,indefinite,nonpronomial,nonpronomial,preposition,nonshifted,postverbal
imajo,,Acc,podporo,pri mnogih kosovskih ustanovah,1,4,-3,2,6,indefinite,indefinite,nonpronomial,nonpronomial,preposition,nonshifted,postverbal
upoštevajmo,,Acc,vlogo otroka,pri oblikovanju in vodenju njegovega portfolia,2,6,-4,1,4,indefinite,indefinite,nonpronomial,nonpronomial,preposition,nonshifted,postverbal
dosegati,,Acc,dobre rezultate,z domsko vzgojo,2,3,-1,5,3,indefinite,indefinite,nonpronomial,nonpronomial,preposition,shifted,postverbal
razbremeniti,,Gen,obravnave takih zadev,z uporabo inštituta odloženega pregona ki ga opredeljuje zakon o kazenskem postopku,3,12,-9,1,5,indefinite,indefinite,nonpronomial,nonpronomial,preposition,nonshifted,postverbal
razglasila,,Acc,veliko požarno ogroženost naravnega okolja,v treh primorskih občinah,5,4,1,3,9,indefinite,indefinite,nonpronomial,nonpronomial,preposition,nonshifted,postverbal
povečalo,,Acc,obseg sredstev,"kar za 555 milijonov tolarjev ali 5,04 odstotka",2,8,-6,1,6,indefinite,indefinite,nonpronomial,nonpronomial,preposition,nonshifted,postverbal
predstavlja,,Gen,turista,v gorah,1,2,-1,1,3,indefinite,indefinite,nonpronomial,nonpronomial,preposition,nonshifted,postverbal
sprejela,,Gen,nekaj več kot dva tisoč gostov iz Slovenije in Italije,na krov,10,2,8,10,3,indefinite,indefinite,nonpronomial,nonpronomial,preposition,shifted,postverbal
imajo,,Acc,zahtevke,glede vračanja lastnine,1,3,-2,1,3,indefinite,indefinite,nonpronomial,nonpronomial,preposition,nonshifted,postverbal
uporabljamo,,Acc,filtre,preko filtrov z mikrometrskimi porami,1,5,-4,1,3,indefinite,indefinite,nonpronomial,nonpronomial,preposition,nonshifted,postverbal
organizira,,Acc,srečanje,za starostnike nad 70. letom starosti,1,6,-5,1,3,indefinite,indefinite,nonpronomial,nonpronomial,preposition,nonshifted,postverbal
navežejo,,Acc,stike,s vodstvi strank na državni ravni,1,6,-5,1,3,indefinite,indefinite,nonpronomial,nonpronomial,preposition,nonshifted,postverbal
prevzeli,,Acc,delnice,na podlagi skupščinskega sklepa,1,4,-3,1,3,indefinite,indefinite,nonpronomial,nonpronomial,preposition,nonshifted,postverbal
razporedili,,Acc,glasove,med dva kolesarja Filipa in Štanglja,1,6,-5,1,4,indefinite,indefinite,nonpronomial,nonpronomial,preposition,nonshifted,postverbal
ima,,Acc,vikend,v Paunovičih v Beli krajini,1,5,-4,1,3,indefinite,indefinite,nonpronomial,nonpronomial,preposition,nonshifted,postverbal
prišteti,,Acc,zastave,v drugih dveh belokranjskih občinskih prestolnicah,1,6,-5,2,8,indefinite,indefinite,nonpronomial,nonpronomial,preposition,nonshifted,postverbal
Potrebovala,,Acc,prenočišče,za nekaj dni,1,3,-2,2,5,indefinite,indefinite,nonpronomial,nonpronomial,preposition,nonshifted,postverbal
imel,,Acc,vaje,v Ateljeju 212,1,3,-2,1,3,indefinite,indefinite,nonpronomial,nonpronomial,preposition,nonshifted,postverbal
obveščati,,Acc,člane,o projektih,1,2,-1,1,3,indefinite,indefinite,nonpronomial,nonpronomial,preposition,nonshifted,postverbal
pripelje,,Acc,Janet,v zanemarjen stanovanjski blok kjer živi Les ki izdeluje maske,1,10,-9,1,5,indefinite,definite,nonpronomial,nonpronomial,preposition,nonshifted,postverbal
zagotovile,,Acc,dodatne varnostne ukrepe,ob tradicionalnem newyorškem maratonu,3,4,-1,3,7,indefinite,indefinite,nonpronomial,nonpronomial,preposition,nonshifted,postverbal
jemljejo,,Gen,vode,iz rok neznanih mimoidočih gledalcev,1,5,-4,1,3,indefinite,indefinite,nonpronomial,nonpronomial,preposition,nonshifted,postverbal
ponudila,,Acc,pomoč,ob veliki travmi ki sem jo doživela pred nekaj meseci,1,10,-9,1,4,indefinite,indefinite,nonpronomial,nonpronomial,preposition,nonshifted,postverbal
negujem,,Acc,ga,po svojih močeh,1,3,-2,1,4,indefinite,indefinite,pronominal,nonpronomial,preposition,nonshifted,postverbal
uvrščajo,,Acc,Back Orifice,v kategorijo trojanskih konjev,2,4,-2,1,4,indefinite,indefinite,nonpronomial,nonpronomial,preposition,nonshifted,postverbal
poiskati,,Acc,datoteke,prek omrežja,1,2,-1,1,3,indefinite,indefinite,nonpronomial,nonpronomial,preposition,nonshifted,postverbal
vrnila,,Acc,udarec,z ravnokar podpisano pogodbo za izdelavo grafičnega procesorja Sonyjeve prihajajoče konzole Playstation 3,1,13,-12,1,5,indefinite,indefinite,nonpronomial,nonpronomial,preposition,nonshifted,postverbal
imeti,,Gen,opravka,z Godnovim,1,2,-1,2,4,indefinite,indefinite,nonpronomial,nonpronomial,preposition,nonshifted,postverbal
pusti,,Acc,otroka,pri miru,1,2,-1,1,3,indefinite,indefinite,nonpronomial,nonpronomial,preposition,nonshifted,postverbal
podelila,,Acc,doktorski naslov,po samo štirih dneh proučevanja njegovega znanstvenega dela,2,8,-6,2,6,definite,indefinite,nonpronomial,nonpronomial,preposition,nonshifted,postverbal
prodajati,,Acc,slovenske dokumente,po 5000 mark,2,3,-1,2,5,indefinite,indefinite,nonpronomial,nonpronomial,preposition,nonshifted,postverbal
potrebuje,,Acc,ravno to kar mu midva lahko nudiva,za življenje,7,2,5,4,2,indefinite,indefinite,nonpronomial,nonpronomial,preposition,shifted,postverbal
imamo,,Acc,ljudi ki nas v naših željah in potrebah podpirajo,ob sebi,9,2,7,4,3,indefinite,indefinite,nonpronomial,pronominal,preposition,shifted,postverbal
prišel,,Acc,ponj,iz Makedonije,1,2,-1,1,3,indefinite,indefinite,pronominal,nonpronomial,preposition,nonshifted,postverbal
dotakniti,,Gen,teh drobnih prstkov,s poželjivo roko z nečistimi ustnicami,3,6,-3,3,6,indefinite,indefinite,nonpronomial,nonpronomial,preposition,nonshifted,postverbal
zahteva,,Acc,vračanje ljubezenskih čustev,od ljubljenega bitja,3,3,0,4,3,indefinite,indefinite,nonpronomial,nonpronomial,preposition,shifted,postverbal
sili,,Acc,človeka,k ljubezenski dejavnosti,1,3,-2,1,4,indefinite,indefinite,nonpronomial,nonpronomial,preposition,nonshifted,postverbal
ima,,Gen,vsaj pet žensk,na vesti,3,2,1,5,2,indefinite,indefinite,nonpronomial,nonpronomial,preposition,shifted,postverbal
zagotavlja,,Acc,pravico do svobodnega izražanja,z naslednjim besedami,4,3,1,1,7,indefinite,indefinite,nonpronomial,nonpronomial,preposition,nonshifted,postverbal
plačala,,Acc,odškodnino,zaradi telesnih poškodb in prizadetega zdravja,1,6,-5,1,4,indefinite,indefinite,nonpronomial,nonpronomial,preposition,nonshifted,postverbal
nosil,,Acc,njegov klobuk,na Trgu republike,2,3,-1,2,4,indefinite,indefinite,nonpronomial,nonpronomial,preposition,nonshifted,postverbal
zagotavljala,,Acc,izplačilo plače,v primeru bolniške odsotnosti,2,4,-2,1,4,indefinite,indefinite,nonpronomial,nonpronomial,preposition,nonshifted,postverbal
Imate,,Acc,pravico do solidarnostne pomoči,skladno s panožno kolektivno pogodbo,4,5,-1,7,6,indefinite,indefinite,nonpronomial,nonpronomial,preposition,shifted,postverbal
ohraniti,,Acc,svoje človeško dostojanstvo,do konca,3,2,1,3,5,indefinite,indefinite,nonpronomial,nonpronomial,preposition,nonshifted,postverbal
podaljšati,,Acc,življenje,za dva tri ali štiri mesece,1,6,-5,1,8,indefinite,indefinite,nonpronomial,nonpronomial,preposition,nonshifted,postverbal
nosijo,,Acc,neko lepoto nostalgijo,v sebi,3,2,1,4,2,indefinite,indefinite,nonpronomial,pronominal,preposition,shifted,postverbal
bilo,,Dat,nesrečnemu Janezu Kohku ki so mu odpovedali že napovedano operacijo in se je z bolečo ključnico iz bolnišnice vrnil domov,pri duši,20,2,18,4,2,indefinite,indefinite,nonpronomial,nonpronomial,preposition,shifted,postverbal
izločiti,,Acc,škodljive vplive,iz življenja,2,2,0,2,4,indefinite,indefinite,nonpronomial,nonpronomial,preposition,nonshifted,postverbal
obravnaval,,Acc,osnutek svojega poslovnika,na seji 8. julija,3,4,-1,1,5,indefinite,indefinite,nonpronomial,nonpronomial,preposition,nonshifted,postverbal
daje,,Acc,presenetljive rezultate,v sodobni modi,2,3,-1,5,3,indefinite,indefinite,nonpronomial,nonpronomial,preposition,shifted,postverbal
povzročali,,Gen,nočne more,pri nakupovanju čevljev,2,3,-1,2,4,indefinite,indefinite,nonpronomial,nonpronomial,preposition,nonshifted,postverbal
spusti,,Acc,vse,iz rok,1,2,-1,1,3,indefinite,indefinite,nonpronomial,nonpronomial,preposition,nonshifted,postverbal
gledamo,,Dat,stvarem,v obraz,1,2,-1,1,3,indefinite,indefinite,nonpronomial,nonpronomial,preposition,nonshifted,postverbal
pomagajo,,Dat,družini Kostanjevec,v težkih trenutkih,2,3,-1,1,5,indefinite,indefinite,nonpronomial,nonpronomial,preposition,nonshifted,postverbal
dal,,Acc,poseben pečat,z izrečeno mislijo in pozivom novim kandidatom da Slovenija nedvoumno potrebuje obrtne mojstre ki predstavljajo najvišjo kvaliteto obrti,2,18,-16,2,5,indefinite,indefinite,nonpronomial,nonpronomial,preposition,nonshifted,postverbal
zaposliti,,Acc,dijaka ali študenta,za celo leto,3,3,0,2,7,indefinite,indefinite,nonpronomial,nonpronomial,preposition,nonshifted,postverbal
zvabile,,Acc,smehljaj,na ustnice,1,2,-1,1,3,indefinite,indefinite,nonpronomial,nonpronomial,preposition,nonshifted,postverbal
imeli,,Acc,koristi,od tega,1,2,-1,3,2,indefinite,indefinite,nonpronomial,nonpronomial,preposition,shifted,postverbal
izraža,,Acc,skrajno razgaljenost in spolno eksplicitnost,po eni strani,5,3,2,5,3,indefinite,indefinite,nonpronomial,nonpronomial,preposition,shifted,postverbal
pričakovati,,Gen,nekaj krvi,na srajci,2,2,0,3,5,indefinite,indefinite,nonpronomial,nonpronomial,preposition,nonshifted,postverbal
odvzeli,,Acc,prostost,zaradi pridržanja do iztreznitve,1,4,-3,1,3,indefinite,indefinite,nonpronomial,nonpronomial,preposition,nonshifted,postverbal
postavila,,Gen,svojega kandidata,na oblast,2,2,0,4,2,indefinite,indefinite,nonpronomial,nonpronomial,preposition,shifted,postverbal
prodajale,,Acc,svoje produkte,v Evropski uniji,2,3,-1,2,5,indefinite,indefinite,nonpronomial,nonpronomial,preposition,nonshifted,postverbal
Poiščimo,,Acc,besedo kan,na tej sliki,2,3,-1,4,3,indefinite,indefinite,nonpronomial,nonpronomial,preposition,shifted,postverbal
voditi,,Gen,kazalca,kakor z vso roko,1,4,-3,1,5,indefinite,indefinite,nonpronomial,nonpronomial,preposition,nonshifted,postverbal
Gojili,,Acc,jo,na približno 2000 hektarih površin,1,5,-4,2,6,indefinite,indefinite,pronominal,nonpronomial,preposition,nonshifted,postverbal
nima,,Gen,nobenih nepremičnin,v lasti,2,2,0,4,2,indefinite,indefinite,nonpronomial,nonpronomial,preposition,shifted,postverbal
imeli,,Gen,živalskih modelov alzheimerjeve bolezni,na voljo,4,2,2,4,2,indefinite,indefinite,nonpronomial,nonpronomial,preposition,shifted,postverbal
parkira,,Acc,letalonosilko Saratoga,v koprskem pristanišču,2,3,-1,1,5,indefinite,indefinite,nonpronomial,nonpronomial,preposition,nonshifted,postverbal
ustanovili,,Acc,nove foto krožke,na osnovnih šolah v Čepovanu Solkanu in Sežani,3,8,-5,2,6,indefinite,indefinite,nonpronomial,nonpronomial,preposition,nonshifted,postverbal
Pusti,,Acc,ga,pri miru,1,2,-1,1,3,indefinite,indefinite,pronominal,nonpronomial,preposition,nonshifted,postverbal
Izkoristite,,Acc,ga,sebi v prid,1,3,-2,1,4,indefinite,indefinite,pronominal,nonpronomial,preposition,nonshifted,postverbal
dočakalo,,Acc,prvi knjižni prevod v slovenščino,pri založbi Studia humanitatis,5,4,1,3,7,definite,indefinite,nonpronomial,nonpronomial,preposition,nonshifted,postverbal
zagotoviti,,Acc,postopke za vzdrževanje higiene,v kleteh,4,2,2,3,2,indefinite,indefinite,nonpronomial,nonpronomial,preposition,shifted,postverbal
zagotovimo,,Acc,zaželeno stopnjo čistosti tal posode itd.,z majhno količino vode in majhno porabo čistilnega sredstva,6,9,-3,2,10,indefinite,indefinite,nonpronomial,nonpronomial,preposition,nonshifted,postverbal
spuščali,,Acc,čoln,čez prvi hrvaški jez v Pribanjcih,1,6,-5,1,5,indefinite,definite,nonpronomial,nonpronomial,preposition,nonshifted,postverbal
spravil,,Acc,jeklenega konjička,v takšno pokončno pozo,2,4,-2,2,6,indefinite,indefinite,nonpronomial,nonpronomial,preposition,nonshifted,postverbal
ima,,Acc,vgrajen tudi grafični pospeševalnik,poleg video pospeševalnika,4,3,1,7,3,definite,indefinite,nonpronomial,nonpronomial,preposition,shifted,postverbal
imata,,Gen,največ zaslug,pri tem,2,2,0,4,2,indefinite,indefinite,nonpronomial,nonpronomial,preposition,shifted,postverbal
spravila,,Gen,kar nekaj Iskrinih podjetij,pod svoj krov,4,3,1,7,3,indefinite,indefinite,nonpronomial,nonpronomial,preposition,shifted,postverbal
imata,,Acc,težave,z njim,1,2,-1,3,2,indefinite,indefinite,nonpronomial,pronominal,preposition,shifted,postverbal
vodila,,Acc,komuniste,v povezovanje z drugimi socialno in demokratično usmerjenimi strankami v tako imenovane ljudske fronte,1,14,-13,1,3,indefinite,indefinite,nonpronomial,nonpronomial,preposition,nonshifted,postverbal
povezali,,Acc,novo ozemlje,s Štajersko,2,2,0,2,4,indefinite,indefinite,nonpronomial,nonpronomial,preposition,nonshifted,postverbal
zapuščali,,Acc,domovino,zaradi ekonomskih vzrokov,1,3,-2,1,4,indefinite,indefinite,nonpronomial,nonpronomial,preposition,nonshifted,postverbal
Primerjaj,,Acc,jo,z evropskimi državami ZDA in nerazvitimi državami južne poloble,1,9,-8,1,4,indefinite,indefinite,pronominal,nonpronomial,preposition,nonshifted,postverbal
oblikujte,,Acc,majhne kroglice,iz zmesi kruha ribe jajca in čebulice,2,7,-5,2,4,indefinite,indefinite,nonpronomial,nonpronomial,preposition,nonshifted,postverbal
izdelali,,Acc,nov izdelek iz lesa,po načrtu,4,2,2,2,6,indefinite,indefinite,nonpronomial,nonpronomial,preposition,nonshifted,postverbal
Primerjajo,,Acc,izdelek,s skico,1,2,-1,1,3,indefinite,indefinite,nonpronomial,nonpronomial,preposition,nonshifted,postverbal
razstavlja,,Gen,deset slik in kaligrafij,na razstavi kitajske umetnosti 20. stoletja v newyorškem muzeju azijske umetnosti,4,11,-7,2,6,indefinite,indefinite,nonpronomial,nonpronomial,preposition,nonshifted,postverbal
pripravi,,Acc,gnezdo,na samčevem teritoriju,1,3,-2,4,3,indefinite,indefinite,nonpronomial,nonpronomial,preposition,shifted,postverbal
naletimo,,Acc,nanj,v zelo zarastlinjenih vodah kjer se hrani večinoma z nevretenčarji kot so ličinke žuželk in mehkužci,1,16,-15,1,5,indefinite,indefinite,pronominal,nonpronomial,preposition,nonshifted,postverbal
deliti,,Acc,stroške,z drugimi starimi starši,1,4,-3,1,5,indefinite,indefinite,nonpronomial,nonpronomial,preposition,nonshifted,postverbal
spraviti,,Acc,večino madežev,s preproge,2,2,0,3,2,indefinite,indefinite,nonpronomial,nonpronomial,preposition,shifted,postverbal
pogledala,,Acc,Billyja,s spoštovanjem pa s ponosom,1,5,-4,1,3,indefinite,indefinite,nonpronomial,nonpronomial,preposition,nonshifted,postverbal
mlatit,,Acc,psa,s palco,1,2,-1,1,3,indefinite,indefinite,nonpronomial,nonpronomial,preposition,nonshifted,postverbal
prdneš,,Dat,kakšenmu kurcu,o celi tej zadevi,2,4,-2,2,6,indefinite,indefinite,nonpronomial,nonpronomial,preposition,nonshifted,postverbal
stavil,,Acc,svoj denar,na onega drugega kretena,2,4,-2,2,6,indefinite,indefinite,nonpronomial,nonpronomial,preposition,nonshifted,postverbal
imajo,,Acc,sekundarno vlogo,v okviru te zaposlitve,2,4,-2,6,2,indefinite,indefinite,nonpronomial,nonpronomial,preposition,shifted,postverbal
Poglejmo,,Acc,jezo,na primeru,1,2,-1,3,2,indefinite,indefinite,nonpronomial,nonpronomial,preposition,shifted,postverbal
čestitala,,Dat,skladatelju in glasbeniku Globokarju,za njegovo dosedanje delo in prejeto nagrado,4,7,-3,1,8,indefinite,indefinite,nonpronomial,nonpronomial,preposition,nonshifted,postverbal
držal,,Acc,stopalo,na zavori,1,2,-1,1,3,indefinite,indefinite,nonpronomial,nonpronomial,preposition,nonshifted,postverbal
ohraniti,,Acc,naše gorske kmetije,pri življenju,3,2,1,3,5,indefinite,indefinite,nonpronomial,nonpronomial,preposition,nonshifted,postverbal
urediti,,Acc,prometne zagate,v naših gorskih dolinah,2,4,-2,2,6,indefinite,indefinite,nonpronomial,nonpronomial,preposition,nonshifted,postverbal
sklepal,,Acc,lizing pogodbe za avte,z različnimi lizingodajalci,4,3,1,2,7,indefinite,indefinite,nonpronomial,nonpronomial,preposition,nonshifted,postverbal
naslonili,,Acc,glavo,v naročje svoje ljubljene,1,4,-3,1,3,indefinite,indefinite,nonpronomial,nonpronomial,preposition,nonshifted,postverbal
igra,,Acc,kitaro,od svojega osmega leta,1,4,-3,1,5,indefinite,indefinite,nonpronomial,nonpronomial,preposition,nonshifted,postverbal
ohranja,,Acc,poplavne loge,po vsej svoji dolžini,2,4,-2,2,6,indefinite,indefinite,nonpronomial,nonpronomial,preposition,nonshifted,postverbal
našla,,Acc,mrtvega moža,v postelji,2,2,0,4,2,indefinite,indefinite,nonpronomial,nonpronomial,preposition,shifted,postverbal
ima,,Acc,dveletnega otroka,z njo,2,2,0,4,2,indefinite,indefinite,nonpronomial,pronominal,preposition,shifted,postverbal
imeli,,Acc,jo,za strupeno in škodljivo,1,4,-3,2,4,indefinite,indefinite,pronominal,nonpronomial,preposition,nonshifted,postverbal
pošlje,,Acc,znanilce pomladi ki požgečkajo nekaj spečih jajčec,proti jajčnikom,7,2,5,4,3,indefinite,indefinite,nonpronomial,nonpronomial,preposition,shifted,postverbal
Zamešal,,Acc,stvari,v približno takšno stanje kakršno je bilo pred stvarjenjem sveta ko je še vladal kaos,1,15,-14,2,6,indefinite,indefinite,nonpronomial,nonpronomial,preposition,nonshifted,postverbal
privlekel,,Acc,konzervo ananasa,z dna košare,2,3,-1,4,2,indefinite,indefinite,nonpronomial,nonpronomial,preposition,shifted,postverbal
razprostrl,,Acc,temno pregrinjalo,nad vodo,2,2,0,4,2,indefinite,indefinite,nonpronomial,nonpronomial,preposition,shifted,postverbal
razširila,,Acc,roke,proti tihi reki ki je vedela za njeno žalost in veselje,1,11,-10,1,4,indefinite,indefinite,nonpronomial,nonpronomial,preposition,nonshifted,postverbal
položila,,Acc,njeno utrujeno glavo,na prsi,3,2,1,3,5,indefinite,indefinite,nonpronomial,nonpronomial,preposition,nonshifted,postverbal
imel,,Acc,roko,na sprožilcu,1,2,-1,1,3,indefinite,indefinite,nonpronomial,nonpronomial,preposition,nonshifted,postverbal
drgnil,,Acc,spolni organ,ob njen trebuh,2,3,-1,2,5,definite,indefinite,nonpronomial,nonpronomial,preposition,nonshifted,postverbal
Posneli,,Acc,jo,na videokaseto,1,2,-1,2,4,indefinite,indefinite,pronominal,nonpronomial,preposition,nonshifted,postverbal
naslovilo,,Acc,vlogo za izdajo dvojezičnih italijansko slovenskih osebnih izkaznic,na pristojni občinski urad,8,4,4,5,4,indefinite,definite,nonpronomial,nonpronomial,preposition,shifted,postverbal
vzpostaviti,,Acc,konkurenco,med čedalje številčnejšimi koroškimi trgovci,1,5,-4,1,6,indefinite,indefinite,nonpronomial,nonpronomial,preposition,nonshifted,postverbal
degradirala,,Acc,malomeščansko Ameriko,v razmerju do superiornega Holivuda,2,5,-3,2,4,indefinite,indefinite,nonpronomial,nonpronomial,preposition,nonshifted,postverbal
privabilo,,Gen,več ljudi kot so si upali napovedovati tudi največji optimisti,v Laško,10,2,8,4,2,indefinite,indefinite,nonpronomial,nonpronomial,preposition,shifted,postverbal
prenaša,,Acc,marihuano,v kovčku,1,2,-1,3,2,indefinite,indefinite,nonpronomial,nonpronomial,preposition,shifted,postverbal
vložil,,Gen,denarja,v gostinski lokal,1,3,-2,1,4,indefinite,definite,nonpronomial,nonpronomial,preposition,nonshifted,postverbal
zbralo,,Gen,jih,kar za 40 terabajtov,1,4,-3,4,8,indefinite,indefinite,pronominal,nonpronomial,preposition,nonshifted,postverbal
imajo,,Acc,gozdni požar,v načrtu,2,2,0,7,4,definite,indefinite,nonpronomial,nonpronomial,preposition,shifted,postverbal
izvlečemo,,Acc,vrvico,z vabami in ličinkami,1,4,-3,1,3,indefinite,indefinite,nonpronomial,nonpronomial,preposition,nonshifted,postverbal
obregnil,,Acc,obnjo,na tak način,1,3,-2,1,4,indefinite,indefinite,pronominal,nonpronomial,preposition,nonshifted,postverbal
ima,,Gen,največ privržencev,v Zahodni Bengaliji,2,3,-1,2,5,indefinite,indefinite,nonpronomial,nonpronomial,preposition,nonshifted,postverbal
pozvala,,Acc,državno vodstvo,k odstopu,2,2,0,2,4,indefinite,indefinite,nonpronomial,nonpronomial,preposition,nonshifted,postverbal
odmaknila,,Acc,pogled,z ekrana,1,2,-1,1,3,indefinite,indefinite,nonpronomial,nonpronomial,preposition,nonshifted,postverbal
seznani,,Gen,nekaj oseb,s skrivnostjo svoje poizvedbe,2,4,-2,6,2,indefinite,indefinite,nonpronomial,nonpronomial,preposition,shifted,postverbal
označuje,,Acc,njegovo zaupanje vanjo,brez namiga na zaupano poslanstvo,3,5,-2,2,5,indefinite,indefinite,nonpronomial,nonpronomial,preposition,nonshifted,postverbal
delati,,Acc,splav,za norega voznika buldožerja ki je stal na pokrovu svojega vozila sredi jezera,1,13,-12,2,5,indefinite,indefinite,nonpronomial,nonpronomial,preposition,nonshifted,postverbal
Pobožala,,Acc,hčerko,po glavi,1,2,-1,2,4,indefinite,indefinite,nonpronomial,nonpronomial,preposition,nonshifted,postverbal
Pustila,,Acc,jo,pri miru,1,2,-1,2,4,indefinite,indefinite,pronominal,nonpronomial,preposition,nonshifted,postverbal
Pripovedovala,,Dat,ji,o Ireni,1,2,-1,2,4,indefinite,indefinite,pronominal,nonpronomial,preposition,nonshifted,postverbal
spravila,,Acc,papirček,v puščico,1,2,-1,1,3,indefinite,indefinite,nonpronomial,nonpronomial,preposition,nonshifted,postverbal
usmerila,,Acc,pozornost,na učitelja,1,2,-1,1,3,indefinite,indefinite,nonpronomial,nonpronomial,preposition,nonshifted,postverbal
Segali,,Dat,ji,do sredine hrbta,1,3,-2,2,4,indefinite,indefinite,pronominal,nonpronomial,preposition,nonshifted,postverbal
stimuliramo,,Acc,energijo,vzdolž celotnega meridijana,1,3,-2,1,4,indefinite,indefinite,nonpronomial,nonpronomial,preposition,nonshifted,postverbal
Namočite,,Acc,halogo,za dve minuti,1,3,-2,1,4,indefinite,indefinite,nonpronomial,nonpronomial,preposition,nonshifted,postverbal
poslati,,Acc,svojo glavnino,na Krim,2,2,0,2,4,indefinite,indefinite,nonpronomial,nonpronomial,preposition,nonshifted,postverbal
predvidel,,Acc,plebiscit,na nekaterih območjih,1,3,-2,4,3,indefinite,indefinite,nonpronomial,nonpronomial,preposition,shifted,postverbal
potisnili,,Acc,nemške čete,za stare rajhovske meje,2,4,-2,2,6,indefinite,indefinite,nonpronomial,nonpronomial,preposition,nonshifted,postverbal
sipali,,Acc,barbarske bombne argumente,izpod neba,3,2,1,3,5,indefinite,indefinite,nonpronomial,nonpronomial,preposition,nonshifted,postverbal
zaključil,,Acc,provokativni koncert,s pesmijo Lipa,2,3,-1,2,4,definite,indefinite,nonpronomial,nonpronomial,preposition,nonshifted,postverbal
imajo,,Acc,hudo konkurenco,na domačem trgu,2,3,-1,7,5,indefinite,indefinite,nonpronomial,nonpronomial,preposition,shifted,postverbal
poslali,,Acc,nas,na urjenje v katerem smo morali ves čas nositi opremo iz gume težko trideset kilogramov,1,15,-14,2,4,indefinite,indefinite,pronominal,nonpronomial,preposition,nonshifted,postverbal
ima,,Acc,izvirnik,pred seboj,1,2,-1,4,3,indefinite,indefinite,nonpronomial,pronominal,preposition,shifted,postverbal
ima,,Acc,pooblaščene aktuarje,v svoji sestavi,2,3,-1,5,3,indefinite,indefinite,nonpronomial,nonpronomial,preposition,shifted,postverbal
imajo,,Acc,prave programe,v podjetju,2,2,0,4,2,indefinite,indefinite,nonpronomial,nonpronomial,preposition,shifted,postverbal
povzročili,,Acc,eksplozivni razmah Interneta,v zadnjem letu in pol,3,5,-2,2,6,definite,indefinite,nonpronomial,nonpronomial,preposition,nonshifted,postverbal
dvignila,,Acc,roke,od omrežja,1,2,-1,1,3,indefinite,indefinite,nonpronomial,nonpronomial,preposition,nonshifted,postverbal
omogočalo,,Acc,namestitev krajevnih omrežij ATM hitrosti 25 megabitov na sekundo,za manj kakor 500 dolarjev na uporabnika,9,7,2,1,14,indefinite,indefinite,nonpronomial,nonpronomial,preposition,nonshifted,postverbal
dajali,,Acc,injekcije,v ustnice,1,2,-1,1,3,indefinite,indefinite,nonpronomial,nonpronomial,preposition,nonshifted,postverbal
Obiskovala,,Acc,različne tečaje,po Ljubljani,2,2,0,3,5,indefinite,indefinite,nonpronomial,nonpronomial,preposition,nonshifted,postverbal
rekla,,Gen,nekaj prijaznih besed,o kardinalu,3,2,1,3,5,indefinite,indefinite,nonpronomial,nonpronomial,preposition,nonshifted,postverbal
imamo,,Acc,Leonarda,na sumu da je malce pretiraval ker se je hotel rešiti neugodnega naročila,1,13,-12,2,4,indefinite,indefinite,nonpronomial,nonpronomial,preposition,nonshifted,postverbal
storite,,Acc,nekaj,glede nezaželene pošte odpadnih faksov in reklamnih sporočil,1,8,-7,1,4,indefinite,indefinite,pronominal,nonpronomial,preposition,nonshifted,postverbal
zasedejo,,Gen,veliko prostora,na disku,2,2,0,2,4,indefinite,indefinite,nonpronomial,nonpronomial,preposition,nonshifted,postverbal
