Verb,Verb_case,Obj_case,NP,PP,NP_len,PP_len,Len_diff,V_NP_d,V_PP_d,NP_definiteness,PP_definiteness,NP_pronominality,PP_pronominality,ADP,Shift,PrePost
čakal,,Acc,nás,Na zastávke na Záhradkách,1,4,-3,1,4,indefinite,indefinite,pronominal,nonpronomial,preposition,nonshifted,preverbal
nemajú,,Acc,tú potrebu,V ROVNAKEJ MIERE,2,3,-1,4,1,indefinite,indefinite,nonpronomial,nonpronomial,preposition,shifted,preverbal
dostal,,Acc,HO,PO ROKU,1,2,-1,3,1,indefinite,indefinite,pronominal,nonpronomial,preposition,shifted,preverbal
zaujal,,Acc,ma,Okrem chuti,1,2,-1,2,3,indefinite,indefinite,pronominal,nonpronomial,preposition,nonshifted,preverbal
vyberie,,Acc,svojho favorita,v tejto kategórii,2,3,-1,1,3,indefinite,indefinite,nonpronomial,nonpronomial,preposition,nonshifted,preverbal
vyhrabala,,Acc,ktorú,v jeho knižnici,1,3,-2,4,1,indefinite,indefinite,nonpronomial,nonpronomial,preposition,shifted,preverbal
niesol,,Acc,ju,Pri slávnostných obradoch,1,3,-2,2,3,indefinite,indefinite,pronominal,nonpronomial,preposition,nonshifted,preverbal
hrnie,,Dat,mi,do hlavy,1,2,-1,3,1,indefinite,indefinite,pronominal,nonpronomial,preposition,shifted,preverbal
hrnie,,Dat,mi,do hlavy,1,2,-1,3,1,indefinite,indefinite,pronominal,nonpronomial,preposition,shifted,preverbal
bozkával,,Acc,ma,v ktorom,1,2,-1,1,2,indefinite,indefinite,pronominal,nonpronomial,preposition,nonshifted,preverbal
preskočil,,Dat,mu,v tej krátkej vete,1,4,-3,5,1,indefinite,indefinite,pronominal,nonpronomial,preposition,shifted,preverbal
nezvládneme,,Acc,Tú šóru,v žiadnom prípade,2,3,-1,4,1,indefinite,indefinite,nonpronomial,nonpronomial,preposition,shifted,preverbal
boleli,,Acc,ma,Po známej zrážke s okrajom bazéna,1,6,-5,1,5,indefinite,indefinite,pronominal,nonpronomial,preposition,nonshifted,preverbal
predstaviť,,Acc,ťa,v uniforme,1,2,-1,3,1,indefinite,indefinite,pronominal,nonpronomial,preposition,shifted,preverbal
rozbolelo,,Acc,ma,od smiechu,1,2,-1,3,1,indefinite,indefinite,pronominal,nonpronomial,preposition,shifted,preverbal
ovalil,,Acc,nás,V Bullocku,1,2,-1,1,2,indefinite,indefinite,pronominal,nonpronomial,preposition,nonshifted,preverbal
viedol,,Acc,ma,Cez parkovisko,1,2,-1,1,2,indefinite,indefinite,pronominal,nonpronomial,preposition,nonshifted,preverbal
dobehol,,Acc,ma,pred školou,1,2,-1,1,2,indefinite,indefinite,pronominal,nonpronomial,preposition,nonshifted,preverbal
omotal,,Dat,mi,pod vodou,1,2,-1,3,1,indefinite,indefinite,pronominal,nonpronomial,preposition,shifted,preverbal
vyhŕkli,,Dat,mi,Z očí,1,2,-1,1,2,indefinite,indefinite,pronominal,nonpronomial,preposition,nonshifted,preverbal
pomôcť,,Dat,ti,podľa svojich možností,1,3,-2,4,1,indefinite,indefinite,pronominal,nonpronomial,preposition,shifted,preverbal
stekali,,Dat,mi,po tvári,1,2,-1,1,2,indefinite,indefinite,pronominal,nonpronomial,preposition,nonshifted,preverbal
vyhýbala,,Dat,Chrisovi,v škole,1,2,-1,3,1,indefinite,indefinite,nonpronomial,nonpronomial,preposition,shifted,preverbal
tiekli,,Dat,mi,po tvári,1,2,-1,1,2,indefinite,indefinite,pronominal,nonpronomial,preposition,nonshifted,preverbal
stúpala,,Dat,mi,do líc,1,2,-1,1,2,indefinite,indefinite,pronominal,nonpronomial,preposition,nonshifted,preverbal
nemáme,,Acc,Žiadne údaje o prípadných ďalších tunajších aktivitách Leva IX napríklad o snahách presadzovť refory,k dispozícii,14,2,12,18,1,indefinite,indefinite,nonpronomial,nonpronomial,preposition,shifted,preverbal
nasvedčuje,,Dat,tomu,Okrem spomínaných listov,1,3,-2,2,3,indefinite,indefinite,nonpronomial,nonpronomial,preposition,nonshifted,preverbal
recipoval,,Acc,ich,Z veľkej časti,1,3,-2,1,2,indefinite,indefinite,pronominal,nonpronomial,preposition,nonshifted,preverbal
zakázali,,Acc,ktorú,v Ostrihome,1,2,-1,4,2,indefinite,indefinite,nonpronomial,nonpronomial,preposition,shifted,preverbal
nastoľovali,,Acc,tieto požiadavky,s akou,2,2,0,1,3,indefinite,indefinite,nonpronomial,nonpronomial,preposition,nonshifted,preverbal
odstránime,,Acc,ťa,Z dejinného procesu,1,3,-2,2,3,indefinite,indefinite,pronominal,nonpronomial,preposition,nonshifted,preverbal
zrazilo,,Acc,ho,do tejto polohy,1,3,-2,5,2,indefinite,indefinite,pronominal,nonpronomial,preposition,shifted,preverbal
ovládame,,Acc,život,na všetkých stupňoch,1,3,-2,1,2,indefinite,indefinite,nonpronomial,nonpronomial,preposition,nonshifted,preverbal
nevypáčili,,Acc,čo,z neho,1,2,-1,4,2,indefinite,indefinite,pronominal,pronominal,preposition,shifted,preverbal
vystúpili,,Dat,mu,Na chrbtici,1,2,-1,1,2,indefinite,indefinite,pronominal,nonpronomial,preposition,nonshifted,preverbal
znepokojovali,,Acc,ho,Po celý deň,1,3,-2,2,3,indefinite,indefinite,pronominal,nonpronomial,preposition,nonshifted,preverbal
naskočila,,Dat,mu,V mysli,1,2,-1,2,3,indefinite,indefinite,pronominal,nonpronomial,preposition,nonshifted,preverbal
kráčal,,Dat,mu,v pätách,1,2,-1,1,2,indefinite,indefinite,pronominal,nonpronomial,preposition,nonshifted,preverbal
obľubovalo,,Acc,ju,V poslednom čase,1,3,-2,4,5,indefinite,indefinite,pronominal,nonpronomial,preposition,nonshifted,preverbal
zhltol,,Acc,to,s hlúposťou zvieraťa,1,3,-2,4,2,indefinite,indefinite,nonpronomial,nonpronomial,preposition,shifted,preverbal
chytí,,Acc,ho,pri odchode,1,2,-1,4,2,indefinite,indefinite,pronominal,nonpronomial,preposition,shifted,preverbal
naskočila,,Dat,mu,V mysli,1,2,-1,1,2,indefinite,indefinite,pronominal,nonpronomial,preposition,nonshifted,preverbal
dopadla,,Dat,mu,na chrbát,1,2,-1,1,2,indefinite,indefinite,pronominal,nonpronomial,preposition,nonshifted,preverbal
búchalo,,Dat,mu,v prsiach,1,2,-1,3,1,indefinite,indefinite,pronominal,nonpronomial,preposition,shifted,preverbal
páli,,Acc,ho,v žalúdku,1,2,-1,3,1,indefinite,indefinite,pronominal,nonpronomial,preposition,shifted,preverbal
pozýval,,Acc,ho,s úsmevom,1,2,-1,3,1,indefinite,indefinite,pronominal,nonpronomial,preposition,shifted,preverbal
vyvolávalo,,Acc,ktorú,v každom,1,2,-1,3,1,indefinite,indefinite,nonpronomial,nonpronomial,preposition,shifted,preverbal
doľahla,,Dat,mu,Na plece,1,2,-1,2,3,indefinite,indefinite,pronominal,nonpronomial,preposition,nonshifted,preverbal
nasledovať,,Acc,ju,po polhodine,1,2,-1,3,4,indefinite,indefinite,pronominal,nonpronomial,preposition,nonshifted,preverbal
obklopujú,,Acc,ho,vo dne i v noci,1,5,-4,6,4,indefinite,indefinite,pronominal,nonpronomial,preposition,shifted,preverbal
vyrazili,,Dat,mu,na čele,1,2,-1,3,1,indefinite,indefinite,pronominal,nonpronomial,preposition,shifted,preverbal
vzala,,Acc,ho,s potešením,1,2,-1,1,2,indefinite,indefinite,pronominal,nonpronomial,preposition,nonshifted,preverbal
viedol,,Acc,ich,po ktorej,1,2,-1,1,2,indefinite,indefinite,pronominal,nonpronomial,preposition,nonshifted,preverbal
neupravuje,,Acc,jeho činy,Na druhej strane,2,3,-1,1,3,indefinite,indefinite,nonpronomial,nonpronomial,preposition,nonshifted,preverbal
robia,,Acc,všetky špinavé práce,Na druhej strane,3,3,0,1,4,indefinite,indefinite,nonpronomial,nonpronomial,preposition,nonshifted,preverbal
neokríkol,,Acc,ho,Z televíznej obrazovky,1,3,-2,2,3,indefinite,indefinite,pronominal,nonpronomial,preposition,nonshifted,preverbal
nezišla,,Dat,Winstonovi,na um,1,2,-1,3,1,indefinite,indefinite,nonpronomial,nonpronomial,preposition,shifted,preverbal
stekal,,Dat,mu,z úst a z nosa,1,5,-4,6,4,indefinite,indefinite,pronominal,nonpronomial,preposition,shifted,preverbal
kvapol,,Dat,mu,na náprsenku kombinézy,1,3,-2,4,2,indefinite,indefinite,pronominal,nonpronomial,preposition,shifted,preverbal
udajú,,Acc,ju,Do dvoch rokov,1,3,-2,4,5,indefinite,indefinite,pronominal,nonpronomial,preposition,nonshifted,preverbal
naskočilo,,Dat,mu,Po niekoľkých minútach,1,3,-2,2,3,indefinite,indefinite,pronominal,nonpronomial,preposition,nonshifted,preverbal
páli,,Acc,ho,v žalúdku,1,2,-1,3,1,indefinite,indefinite,pronominal,nonpronomial,preposition,shifted,preverbal
doľahla,,Dat,mu,Na plece,1,2,-1,2,3,indefinite,indefinite,pronominal,nonpronomial,preposition,nonshifted,preverbal
vyrazili,,Dat,mu,na čele,1,2,-1,3,1,indefinite,indefinite,pronominal,nonpronomial,preposition,shifted,preverbal
fabrikuje,,Acc,ktoré,v ňom,1,2,-1,3,1,indefinite,indefinite,nonpronomial,pronominal,preposition,shifted,preverbal
tisla,,Acc,ho,bez slovíčka,1,2,-1,3,1,indefinite,indefinite,pronominal,nonpronomial,preposition,shifted,preverbal
naskočil,,Dat,mu,v mysli,1,2,-1,3,1,indefinite,indefinite,pronominal,nonpronomial,preposition,shifted,preverbal
prijali,,Acc,Ako šesťročného o rok skôr než bolo zvykom ho,na základe zvláštnej výnimky,9,4,5,5,3,indefinite,indefinite,pronominal,nonpronomial,preposition,shifted,preverbal
obľubovalo,,Acc,ju,V poslednom čase,1,3,-2,4,5,indefinite,indefinite,pronominal,nonpronomial,preposition,nonshifted,preverbal
pokúšal,,Acc,Krista,na púšti,1,2,-1,3,1,indefinite,indefinite,nonpronomial,nonpronomial,preposition,shifted,preverbal
zvládli,,Acc,čo,s Tvojou pomocou,1,3,-2,4,1,indefinite,indefinite,pronominal,nonpronomial,preposition,shifted,preverbal
porúčame,,Acc,ich,Do Tvojej milosti,1,3,-2,1,2,indefinite,indefinite,pronominal,nonpronomial,preposition,nonshifted,preverbal
prispôsobí,,Acc,ho,prostredníctvom legislatívy,1,2,-1,1,2,indefinite,indefinite,pronominal,nonpronomial,preposition,nonshifted,preverbal
nachádzali,,Acc,Istý zmysel,v ňom,2,2,0,3,1,indefinite,indefinite,nonpronomial,pronominal,preposition,shifted,preverbal
čakal,,Acc,ho,Pri veľkej bráne,1,3,-2,1,2,indefinite,indefinite,pronominal,nonpronomial,preposition,nonshifted,preverbal
zhodili,,Acc,ktorú,cez vojnu,1,2,-1,3,1,indefinite,indefinite,nonpronomial,nonpronomial,preposition,shifted,preverbal
zasiahne,,Dat,mi,do toho,1,2,-1,3,1,indefinite,indefinite,pronominal,nonpronomial,preposition,shifted,preverbal
vyzliekal,,Acc,ju,napriek tomu,1,2,-1,4,2,indefinite,indefinite,pronominal,nonpronomial,preposition,shifted,preverbal
nečakala,,Acc,ma,Na rozdiel od iných nedieľ,1,5,-4,2,3,indefinite,indefinite,pronominal,nonpronomial,preposition,nonshifted,preverbal
sužovala,,Acc,ma,V skutočnosti,1,2,-1,1,2,indefinite,indefinite,pronominal,nonpronomial,preposition,nonshifted,preverbal
nejde,,Dat,Talianom,Podľa mňa,1,2,-1,1,2,indefinite,indefinite,nonpronomial,pronominal,preposition,nonshifted,preverbal
pripravil,,Acc,ich,V polovici minulého storočia,1,4,-3,5,8,indefinite,indefinite,pronominal,nonpronomial,preposition,nonshifted,preverbal
zostala,,Dat,mi,Za jej chrbtom,1,3,-2,1,2,indefinite,indefinite,pronominal,nonpronomial,preposition,nonshifted,preverbal
nepoznal,,Acc,ma,v nových televíziách,1,3,-2,2,3,indefinite,indefinite,pronominal,nonpronomial,preposition,nonshifted,preverbal
nadávali,,Dat,mi,V škole,1,2,-1,2,3,indefinite,indefinite,pronominal,nonpronomial,preposition,nonshifted,preverbal
čaká,,Acc,ma,v budúcnosti,1,2,-1,1,2,indefinite,indefinite,pronominal,nonpronomial,preposition,nonshifted,preverbal
pálil,,Acc,ma,V tvári,1,2,-1,1,2,indefinite,indefinite,pronominal,nonpronomial,preposition,nonshifted,preverbal
zblížila,,Acc,nás,Už na začiatku,1,3,-2,1,2,indefinite,indefinite,pronominal,nonpronomial,preposition,nonshifted,preverbal
vylúčili,,Acc,ju,na rok,1,2,-1,3,1,indefinite,indefinite,pronominal,nonpronomial,preposition,shifted,preverbal
spôsobil,,Acc,všetko,podľa ktorej,1,2,-1,1,2,indefinite,indefinite,nonpronomial,nonpronomial,preposition,nonshifted,preverbal
priviedla,,Acc,ma,prostredníctvom Faiky,1,2,-1,1,2,indefinite,indefinite,pronominal,nonpronomial,preposition,nonshifted,preverbal
vytiahol,,Acc,ma,Spoza stola,1,2,-1,1,2,indefinite,indefinite,pronominal,nonpronomial,preposition,nonshifted,preverbal
zostala,,Dat,mi,V ušiach,1,2,-1,1,2,indefinite,indefinite,pronominal,nonpronomial,preposition,nonshifted,preverbal
počuli,,Acc,ma,Pri susedných stoloch,1,3,-2,1,2,indefinite,indefinite,pronominal,nonpronomial,preposition,nonshifted,preverbal
priviedlo,,Acc,ma,k čomu,1,2,-1,1,2,indefinite,indefinite,pronominal,pronominal,preposition,nonshifted,preverbal
zazneli,,Dat,mi,V ušiach,1,2,-1,1,2,indefinite,indefinite,pronominal,nonpronomial,preposition,nonshifted,preverbal
zastali,,Dat,mi,na chvíľu,1,2,-1,3,1,indefinite,indefinite,pronominal,nonpronomial,preposition,shifted,preverbal
zničí,,Acc,moju formu ktorú som opäť nadobudol vďaka Raise,na druhý deň,8,3,5,9,11,indefinite,indefinite,nonpronomial,nonpronomial,preposition,nonshifted,preverbal
sluší,,Dat,jej,aj napriek tomu,1,3,-2,2,3,indefinite,indefinite,pronominal,nonpronomial,preposition,nonshifted,preverbal
zasypával,,Acc,princeznú Jazmínu,V obrovských presýpacích hodinách,2,4,-2,2,4,indefinite,indefinite,nonpronomial,nonpronomial,preposition,nonshifted,preverbal
zachvel,,Dat,mu,na ramene,1,2,-1,3,1,indefinite,indefinite,pronominal,nonpronomial,preposition,shifted,preverbal
poskočilo,,Dat,mu,od radosti,1,2,-1,3,1,indefinite,indefinite,pronominal,nonpronomial,preposition,shifted,preverbal
znel,,Dat,mu,v ušiach,1,2,-1,3,1,indefinite,indefinite,pronominal,nonpronomial,preposition,shifted,preverbal
zdvihol,,Acc,Pinocchia,Namiesto toho,1,2,-1,2,3,indefinite,indefinite,nonpronomial,nonpronomial,preposition,nonshifted,preverbal
minuli,,Acc,ju,o vlások,1,2,-1,3,1,indefinite,indefinite,pronominal,nonpronomial,preposition,shifted,preverbal
potuloval,,Dat,mu,po paláci,1,2,-1,3,1,indefinite,indefinite,pronominal,nonpronomial,preposition,shifted,preverbal
ukryjem,,Acc,ťa,cez deň,1,2,-1,3,1,indefinite,indefinite,pronominal,nonpronomial,preposition,shifted,preverbal
vyhrávali,,Dat,im,Na dobrú náladu,1,3,-2,2,3,indefinite,indefinite,pronominal,nonpronomial,preposition,nonshifted,preverbal
zarazilo,,Acc,ho,Na trhovisku,1,2,-1,1,2,indefinite,indefinite,pronominal,nonpronomial,preposition,nonshifted,preverbal
viedli,,Acc,ich,O chvíľu,1,2,-1,2,3,indefinite,indefinite,nonpronomial,nonpronomial,preposition,nonshifted,preverbal
chytil,,Acc,ju,bez rozmýšľania,1,2,-1,3,1,indefinite,indefinite,pronominal,nonpronomial,preposition,shifted,preverbal
hľadí,,Acc,naňho,so záujmom,1,2,-1,3,1,indefinite,indefinite,pronominal,nonpronomial,preposition,shifted,preverbal
zjavili,,Dat,jej,na lícach,1,2,-1,3,1,indefinite,indefinite,pronominal,nonpronomial,preposition,shifted,preverbal
sledovala,,Acc,ich,s úsmevom,1,2,-1,3,1,indefinite,indefinite,pronominal,nonpronomial,preposition,shifted,preverbal
potrebuje,,Acc,ho,na čo,1,2,-1,2,3,indefinite,indefinite,pronominal,pronominal,preposition,nonshifted,preverbal
sedelo,,Dat,Lienke,v ňom,1,2,-1,2,3,indefinite,indefinite,nonpronomial,pronominal,preposition,nonshifted,preverbal
prišiel,,Dat,nám,Na pomoc,1,2,-1,1,2,indefinite,indefinite,pronominal,nonpronomial,preposition,nonshifted,preverbal
okoval,,Acc,koníka,bez dlhých rečí,1,3,-2,1,2,indefinite,indefinite,nonpronomial,nonpronomial,preposition,nonshifted,preverbal
našli,,Acc,dážďovku,o chvíľu,1,2,-1,3,1,indefinite,indefinite,nonpronomial,nonpronomial,preposition,shifted,preverbal
púšťali,,Acc,ho,s ťažkým srdcom,1,3,-2,4,1,indefinite,indefinite,pronominal,nonpronomial,preposition,shifted,preverbal
vyrástli,,Dat,jej,Z rany na krku,1,4,-3,1,4,indefinite,indefinite,pronominal,nonpronomial,preposition,nonshifted,preverbal
vyrušíme,,Acc,vás,na okamih,1,2,-1,1,2,indefinite,indefinite,pronominal,nonpronomial,preposition,nonshifted,preverbal
nestrpím,,Acc,nijaké ľudské mláďa,Vo svojej džungli,3,3,0,1,4,indefinite,indefinite,nonpronomial,nonpronomial,preposition,nonshifted,preverbal
zabzučala,,Dat,mu,na nose,1,2,-1,3,1,indefinite,indefinite,pronominal,nonpronomial,preposition,shifted,preverbal
oslepilo,,Acc,Maju,Pred bránou,1,2,-1,1,2,indefinite,indefinite,nonpronomial,nonpronomial,preposition,nonshifted,preverbal
zažila,,Acc,čo,v noci,1,2,-1,3,1,indefinite,indefinite,pronominal,nonpronomial,preposition,shifted,preverbal
bolel,,Acc,ich,z meravého sedenia,1,3,-2,1,2,indefinite,indefinite,pronominal,nonpronomial,preposition,nonshifted,preverbal
ospravedlňoval,,Dat,všetkým,za bratovo správanie,1,3,-2,1,2,indefinite,indefinite,nonpronomial,nonpronomial,preposition,nonshifted,preverbal
našla,,Acc,ktorú,po búrke,1,2,-1,4,2,indefinite,indefinite,nonpronomial,nonpronomial,preposition,shifted,preverbal
privítala,,Acc,ich,V škole,1,2,-1,1,2,indefinite,indefinite,pronominal,nonpronomial,preposition,nonshifted,preverbal
páčilo,,Dat,deťom,v škole,1,2,-1,4,2,indefinite,indefinite,nonpronomial,nonpronomial,preposition,shifted,preverbal
posilnili,,Acc,lekárske konzílium,Po desiatich dňoch,2,3,-1,1,3,indefinite,indefinite,nonpronomial,nonpronomial,preposition,nonshifted,preverbal
