Verb,Verb_case,Obj_case,NP,PP,NP_len,PP_len,Len_diff,V_NP_d,V_PP_d,NP_definiteness,PP_definiteness,NP_pronominality,PP_pronominality,ADP,Shift,PrePost
pripeljejo,,Acc,to informacijo,po elektrodnem kablu,2,3,-1,4,1,indefinite,indefinite,nonpronomial,nonpronomial,preposition,shifted,preverbal
pripeljejo,,Acc,Tako spremenjene informacije nihanja,po dovodnem kablu,4,3,1,5,1,indefinite,indefinite,nonpronomial,nonpronomial,preposition,shifted,preverbal
prikrajšati,,Gen,jih,za neposredni prenos dirke Grand National,1,6,-5,3,7,indefinite,definite,pronominal,nonpronomial,preposition,nonshifted,preverbal
izvajajo,,Acc,aerobiko,poleg fitnes centrov,1,3,-2,4,1,indefinite,indefinite,nonpronomial,nonpronomial,preposition,shifted,preverbal
uspelo,,Dat,jim,nikoli v zgodovini,1,3,-2,5,2,indefinite,indefinite,pronominal,nonpronomial,preposition,shifted,preverbal
podrlo,,Dat,Marjanu,pred šestimi leti,1,3,-2,6,3,indefinite,indefinite,nonpronomial,nonpronomial,preposition,shifted,preverbal
pražiti,,Acc,naju,Namesto tega,1,2,-1,2,3,indefinite,indefinite,pronominal,nonpronomial,preposition,nonshifted,preverbal
pripeljita,,Acc,me,po končanem zemeljskem romanju,1,4,-3,6,2,indefinite,indefinite,pronominal,nonpronomial,preposition,shifted,preverbal
ni,,Dat,temu,v primeru spanja na delovnih mestih,1,6,-5,1,6,indefinite,indefinite,nonpronomial,nonpronomial,preposition,nonshifted,preverbal
zdrobi,,Acc,jih,s prilagojenimi goltnimi zobmi,1,4,-3,5,1,indefinite,indefinite,pronominal,nonpronomial,preposition,shifted,preverbal
ostaneta,,Dat,nam,za asa v rokavu,1,4,-3,5,3,indefinite,indefinite,pronominal,nonpronomial,preposition,shifted,preverbal
držimo,,Acc,prosto vrvico,Med metom,2,2,0,1,3,indefinite,indefinite,nonpronomial,nonpronomial,preposition,nonshifted,preverbal
zbadali,,Acc,jo,v šoli,1,2,-1,4,2,indefinite,indefinite,pronominal,nonpronomial,preposition,shifted,preverbal
prišel,,Dat,trgu,v nekem oziru,1,3,-2,1,2,indefinite,indefinite,nonpronomial,nonpronomial,preposition,nonshifted,preverbal
utrujamo,,Acc,ribo,S tem,1,2,-1,1,2,indefinite,indefinite,nonpronomial,nonpronomial,preposition,nonshifted,preverbal
urejajo,,Acc,to področje,V Evropi,2,2,0,2,4,indefinite,indefinite,nonpronomial,nonpronomial,preposition,nonshifted,preverbal
stori,,Gen,tega,na njegov poziv,1,3,-2,5,2,indefinite,indefinite,nonpronomial,nonpronomial,preposition,shifted,preverbal
izberejo,,Acc,Prav te,glede na potrebe raziskav,2,4,-2,5,2,indefinite,indefinite,nonpronomial,nonpronomial,preposition,shifted,preverbal
odpeljejo,,Acc,ju,z Brnika,1,2,-1,3,1,indefinite,indefinite,pronominal,nonpronomial,preposition,shifted,preverbal
pričakovali,,Gen,tega,od katerih,1,2,-1,2,3,indefinite,indefinite,nonpronomial,nonpronomial,preposition,nonshifted,preverbal
pade,,Dat,ji,v naročje,1,2,-1,3,1,indefinite,indefinite,pronominal,nonpronomial,preposition,shifted,preverbal
postavil,,Acc,vas,v katero,1,2,-1,2,3,indefinite,indefinite,pronominal,nonpronomial,preposition,nonshifted,preverbal
točiti,,Gen,cvička,v Kostanjevici Šentjerneju Čatežu ob Savi in drugih nižinskih krajih,1,10,-9,5,16,indefinite,indefinite,nonpronomial,nonpronomial,preposition,nonshifted,preverbal
postavili,,Acc,našo zbirko,na ta način,2,3,-1,1,3,indefinite,indefinite,nonpronomial,nonpronomial,preposition,nonshifted,preverbal
hiteti,,Dat,slovenski vladi in zakonodajalcu,Na srečo,4,2,2,5,7,indefinite,indefinite,nonpronomial,nonpronomial,preposition,nonshifted,preverbal
imata,,Acc,Glavno besedo,pri tem,2,2,0,3,1,indefinite,indefinite,nonpronomial,nonpronomial,preposition,shifted,preverbal
očrnili,,Acc,ga,v Avstraliji,1,2,-1,4,2,indefinite,indefinite,pronominal,nonpronomial,preposition,shifted,preverbal
manjka,,Acc,jih,v teh krajih,1,3,-2,5,2,indefinite,indefinite,pronominal,nonpronomial,preposition,shifted,preverbal
pospremi,,Acc,jo,Iz zapora,1,2,-1,1,2,indefinite,indefinite,pronominal,nonpronomial,preposition,nonshifted,preverbal
pritegnilo,,Acc,me,Na otoke,1,2,-1,2,3,indefinite,indefinite,pronominal,nonpronomial,preposition,nonshifted,preverbal
živi,,Gen,jih,na svetu,1,2,-1,1,2,indefinite,indefinite,pronominal,nonpronomial,preposition,nonshifted,preverbal
srečal,,Acc,ju,ob prihodu,1,2,-1,3,1,indefinite,indefinite,pronominal,nonpronomial,preposition,shifted,preverbal
primerjajmo,,Acc,jih,med seboj,1,2,-1,3,1,indefinite,indefinite,pronominal,pronominal,preposition,shifted,preverbal
povzel,,Acc,bistvo politike preprečevanja konfliktov,v javni razpravi,4,3,1,4,5,indefinite,indefinite,nonpronomial,nonpronomial,preposition,nonshifted,preverbal
vodil,,Acc,podjetje,v zadnjih treh letih,1,4,-3,1,2,indefinite,indefinite,nonpronomial,nonpronomial,preposition,nonshifted,preverbal
nadzorujejo,,Gen,šolskih prenov,v demokratičnih državah,2,3,-1,2,4,indefinite,indefinite,nonpronomial,nonpronomial,preposition,nonshifted,preverbal
manjkalo,,Gen,denarja za trenersko usposabljanje,V nekdanji Jugoslaviji,4,3,1,5,6,indefinite,indefinite,nonpronomial,nonpronomial,preposition,nonshifted,preverbal
uvrstimo,,Acc,jo,zaradi posebnega načina delovanja,1,4,-3,6,3,indefinite,indefinite,pronominal,nonpronomial,preposition,shifted,preverbal
pomaga,,Dat,poslovnim ženskam,Na polotoku Kola na oddaljenem področju blizu Murmanska,2,8,-6,1,9,indefinite,indefinite,nonpronomial,nonpronomial,preposition,nonshifted,preverbal
napisale,,Acc,jih,o ženskah,1,2,-1,3,1,indefinite,indefinite,pronominal,nonpronomial,preposition,shifted,preverbal
povišuje,,Acc,ga,po ponižanju,1,2,-1,1,2,indefinite,indefinite,pronominal,nonpronomial,preposition,nonshifted,preverbal
poučil,,Acc,me,z nebeško milino,1,3,-2,4,1,indefinite,indefinite,pronominal,nonpronomial,preposition,shifted,preverbal
zaklepajo,,Acc,velika vrata,Na Gregorčičevi ulici,2,3,-1,1,3,indefinite,indefinite,nonpronomial,nonpronomial,preposition,nonshifted,preverbal
uporabljati,,Acc,jih kot skupno valuto,v Evropi,4,2,2,7,2,indefinite,indefinite,pronominal,nonpronomial,preposition,shifted,preverbal
pridržali,,Acc,ga,ob 19.20,1,2,-1,5,3,indefinite,indefinite,pronominal,nonpronomial,preposition,shifted,preverbal
pričakujejo,,Acc,jo,na ministrstvu,1,2,-1,3,1,indefinite,indefinite,pronominal,nonpronomial,preposition,shifted,preverbal
pobere,,Acc,ga,v tem obupnem kraju,1,4,-3,5,1,indefinite,indefinite,pronominal,nonpronomial,preposition,shifted,preverbal
prirejali,,Acc,jo,od leta 1915,1,3,-2,4,2,indefinite,indefinite,pronominal,nonpronomial,preposition,shifted,preverbal
brizgne,,Dat,mu,v obraz,1,2,-1,3,1,indefinite,indefinite,pronominal,nonpronomial,preposition,shifted,preverbal
položijo,,Acc,palice za golf,Čez nekaj minut,3,3,0,3,4,indefinite,indefinite,nonpronomial,nonpronomial,preposition,nonshifted,preverbal
izpostavljal,,Acc,jih,ob različnih priložnosti,1,3,-2,4,1,indefinite,indefinite,pronominal,nonpronomial,preposition,shifted,preverbal
pogledal,,Acc,graničarje,ob tem,1,2,-1,3,1,indefinite,indefinite,nonpronomial,nonpronomial,preposition,shifted,preverbal
stopnjevala,,Acc,tempo,po potrebi,1,2,-1,3,1,indefinite,indefinite,nonpronomial,nonpronomial,preposition,shifted,preverbal
odvrnili,,Acc,ga,od njegovega namena,1,3,-2,4,1,indefinite,indefinite,pronominal,nonpronomial,preposition,shifted,preverbal
odpelje,,Acc,jih,ob štirih zjutraj,1,3,-2,15,17,indefinite,indefinite,pronominal,nonpronomial,preposition,nonshifted,preverbal
določiti,,Acc,spol,pri tej ptici,1,3,-2,3,4,indefinite,indefinite,nonpronomial,nonpronomial,preposition,nonshifted,preverbal
uporablja,,Acc,Enak vzorec za pridobivanje posrednega vpliva na politiko,v bistvu,8,2,6,9,1,indefinite,indefinite,nonpronomial,nonpronomial,preposition,shifted,preverbal
namenili,,Gen,"okrog 2,7 bilijona dolarjev načrtovanih proračunskih presežkov",v naslednjih 15 letih,7,4,3,9,1,indefinite,indefinite,nonpronomial,nonpronomial,preposition,shifted,preverbal
IZVRŠUJE,,Acc,PRAVICE IN DOLŽNOSTI DELODAJALCA,V ORGANU DRŽAVNE UPRAVE IN V UPRAVI LOKALNE SKUPNOSTI,4,9,-5,13,8,indefinite,indefinite,nonpronomial,nonpronomial,preposition,shifted,preverbal
IZVRŠUJE,,Acc,PRAVICE IN DOLŽNOSTI DELODAJALCA,V DRUGIH DRŽAVNIH ORGANIH,4,4,0,4,5,indefinite,indefinite,nonpronomial,nonpronomial,preposition,nonshifted,preverbal
predstavljamo,,Acc,to,po tridesetih letih,1,3,-2,4,1,indefinite,indefinite,nonpronomial,nonpronomial,preposition,shifted,preverbal
čaka,,Acc,ga,Zaradi posedovanja mamila,1,3,-2,1,3,indefinite,indefinite,pronominal,nonpronomial,preposition,nonshifted,preverbal
polijemo,,Acc,pečenko,s katero,1,2,-1,1,2,indefinite,indefinite,nonpronomial,nonpronomial,preposition,nonshifted,preverbal
pobile,,Acc,61 letno božjo služabnico,v vasi z osem tisoč prebivalci,4,6,-2,7,5,indefinite,indefinite,nonpronomial,nonpronomial,preposition,shifted,preverbal
rešili,,Gen,zadev,s tistim strelom ali injekcijo,1,5,-4,5,8,indefinite,indefinite,nonpronomial,nonpronomial,preposition,nonshifted,preverbal
ubili,,Acc,človeka,v obeh primerih,1,3,-2,4,1,indefinite,indefinite,nonpronomial,nonpronomial,preposition,shifted,preverbal
izogniti,,Dat,zanositvi,prav v teh letih,1,4,-3,8,4,indefinite,indefinite,nonpronomial,nonpronomial,preposition,shifted,preverbal
ovira,,Acc,jih,pri tem,1,2,-1,4,2,indefinite,indefinite,pronominal,nonpronomial,preposition,shifted,preverbal
zaobiti,,Acc,to,v praksi,1,2,-1,3,1,indefinite,indefinite,nonpronomial,nonpronomial,preposition,shifted,preverbal
obremenila,,Acc,proračun sosednje države,ob vstopanju v EU,3,4,-1,8,4,indefinite,indefinite,nonpronomial,nonpronomial,preposition,shifted,preverbal
prodajajo,,Acc,jih,v glavnem,1,2,-1,4,2,indefinite,indefinite,pronominal,nonpronomial,preposition,shifted,preverbal
podprl,,Acc,nas,v naših prizadevanjih,1,3,-2,4,1,indefinite,indefinite,pronominal,nonpronomial,preposition,shifted,preverbal
pridiga,,Dat,mu,o alkoholu,1,2,-1,3,1,indefinite,indefinite,pronominal,nonpronomial,preposition,shifted,preverbal
opozoril,,Acc,me,Na to,1,2,-1,2,3,indefinite,indefinite,pronominal,nonpronomial,preposition,nonshifted,preverbal
pričakujejo,,Acc,kaj,od nje,1,2,-1,3,1,indefinite,indefinite,pronominal,pronominal,preposition,shifted,preverbal
prinesel,,Acc,jih,Na dilah,1,2,-1,2,3,indefinite,indefinite,pronominal,nonpronomial,preposition,nonshifted,preverbal
povedali,,Dat,nam,pred časom ko smo o uporabi novega inštituta kazenske zakonodaje poročali podrobneje,1,12,-11,15,13,indefinite,indefinite,pronominal,nonpronomial,preposition,shifted,preverbal
gre,,Acc,puščavo,za katero,1,2,-1,1,2,indefinite,indefinite,nonpronomial,nonpronomial,preposition,nonshifted,preverbal
opozarja,,Acc,voznike,prek prikazovalnikov,1,2,-1,3,1,indefinite,indefinite,nonpronomial,nonpronomial,preposition,shifted,preverbal
narežemo,,Acc,ga,Na deski,1,2,-1,2,3,indefinite,indefinite,pronominal,nonpronomial,preposition,nonshifted,preverbal
padel,,Dat,ji,V naročje,1,2,-1,2,3,indefinite,indefinite,pronominal,nonpronomial,preposition,nonshifted,preverbal
vrnilo,,Acc,me,po šestih mesecih,1,3,-2,6,7,indefinite,indefinite,pronominal,nonpronomial,preposition,nonshifted,preverbal
vreči,,Acc,ves denar,na hitrico,2,2,0,3,1,indefinite,indefinite,nonpronomial,nonpronomial,preposition,shifted,preverbal
pomagajo,,Dat,mi,pri tem,1,2,-1,3,1,indefinite,indefinite,pronominal,nonpronomial,preposition,shifted,preverbal
spustil,,Acc,vse,v luft,1,2,-1,3,1,indefinite,indefinite,nonpronomial,nonpronomial,preposition,shifted,preverbal
stala,,Dat,mi,V teh težkih časih,1,4,-3,2,3,indefinite,indefinite,pronominal,nonpronomial,preposition,nonshifted,preverbal
prepeljati,,Gen,svojih nekaj ton opreme,po kopnem,4,2,2,4,1,indefinite,indefinite,nonpronomial,nonpronomial,preposition,shifted,preverbal
delimo,,Acc,jih,V glavnem,1,2,-1,1,2,indefinite,indefinite,pronominal,nonpronomial,preposition,nonshifted,preverbal
žene,,Acc,vas,pred polfinalnim dvobojem z Joventutom,1,5,-4,6,3,indefinite,indefinite,pronominal,nonpronomial,preposition,shifted,preverbal
podpirajo,,Acc,nas,v naših željah in potrebah,1,5,-4,6,3,indefinite,indefinite,pronominal,nonpronomial,preposition,shifted,preverbal
opozori,,Acc,vsakega kmeta,pri zdravljenju,2,2,0,3,1,indefinite,indefinite,nonpronomial,nonpronomial,preposition,shifted,preverbal
pričaka,,Acc,nas,Na cilju pred hotelom,1,4,-3,1,4,indefinite,indefinite,pronominal,nonpronomial,preposition,nonshifted,preverbal
sprejel,,Acc,jih,v svojem življenju,1,3,-2,5,2,indefinite,indefinite,pronominal,nonpronomial,preposition,shifted,preverbal
sprejelo,,Acc,to,z veseljem,1,2,-1,3,1,indefinite,indefinite,nonpronomial,nonpronomial,preposition,shifted,preverbal
moti,,Acc,Mene,pri Atkinsonovi dieti,1,3,-2,5,2,indefinite,indefinite,pronominal,nonpronomial,preposition,shifted,preverbal
priporočam,,Acc,Pažanje panjev,za ta čas,2,3,-1,7,3,indefinite,indefinite,nonpronomial,nonpronomial,preposition,shifted,preverbal
poimenovali,,Acc,ga,z malce domišljije in upoštevaje našo ptujsko tradicijo,1,8,-7,9,6,indefinite,indefinite,pronominal,nonpronomial,preposition,shifted,preverbal
grozili,,Dat,policistoma,pred lokalom,1,2,-1,3,1,indefinite,indefinite,nonpronomial,nonpronomial,preposition,shifted,preverbal
opazimo,,Gen,razlike,Pri drugih opravilih,1,3,-2,3,4,indefinite,indefinite,nonpronomial,nonpronomial,preposition,nonshifted,preverbal
dvigujte,,Acc,dlan,v zapestju,1,2,-1,4,2,indefinite,indefinite,nonpronomial,nonpronomial,preposition,shifted,preverbal
čaka,,Acc,nas,v kampu Katra v Vinici,1,5,-4,7,5,indefinite,indefinite,pronominal,nonpronomial,preposition,shifted,preverbal
pomahal,,Dat,nam,Z viniškega mosta katerega ograja je pobarvana z dvema barvama da je že od daleč očitna meja med dvema državama,1,20,-19,2,23,indefinite,indefinite,pronominal,nonpronomial,preposition,nonshifted,preverbal
potrebovali,,Gen,ga,glede na svojo bolezensko sliko,1,5,-4,7,2,indefinite,indefinite,pronominal,nonpronomial,preposition,shifted,preverbal
spremenili,,Gen,svojega prevoda,pri Microsoftu,2,2,0,3,5,indefinite,indefinite,nonpronomial,nonpronomial,preposition,nonshifted,preverbal
je,,Dat,ji,V zadnjih petih letih,1,4,-3,1,2,indefinite,indefinite,pronominal,nonpronomial,preposition,nonshifted,preverbal
predstavlja,,Acc,Slovenijo,V tujini,1,2,-1,1,2,indefinite,indefinite,nonpronomial,nonpronomial,preposition,nonshifted,preverbal
preuredili,,Acc,ju,za 400 milijonov mark,1,4,-3,5,2,indefinite,indefinite,pronominal,nonpronomial,preposition,shifted,preverbal
uživamo,,Acc,jo,za vzdrževanje primerne telesne teže,1,5,-4,6,4,indefinite,indefinite,pronominal,nonpronomial,preposition,shifted,preverbal
premeščajo,,Acc,bolnico,pred stavbo,1,2,-1,1,2,indefinite,indefinite,nonpronomial,nonpronomial,preposition,nonshifted,preverbal
okrepil,,Acc,jo,s svojim vedenjem,1,3,-2,6,3,indefinite,indefinite,pronominal,nonpronomial,preposition,shifted,preverbal
silijo,,Dat,današnjemu človeku,iz grško rimske literature,2,4,-2,6,1,indefinite,indefinite,nonpronomial,nonpronomial,preposition,shifted,preverbal
zaznavamo,,Gen,njihovih razpadlih sledov,med arheološkimi najdbami,3,3,0,6,3,indefinite,indefinite,nonpronomial,nonpronomial,preposition,shifted,preverbal
predstavlja,,Dat,našemu raziskovanju,na tak način,2,3,-1,1,3,indefinite,indefinite,nonpronomial,nonpronomial,preposition,nonshifted,preverbal
postavili,,Acc,jih,v rimskih stoletjih,1,3,-2,4,1,indefinite,indefinite,pronominal,nonpronomial,preposition,shifted,preverbal
poslala,,Acc,te,v Polmont,1,2,-1,3,1,indefinite,indefinite,pronominal,nonpronomial,preposition,shifted,preverbal
sporočil,,Acc,jo,Po zasedanju izvršnega komiteja,1,4,-3,2,5,indefinite,indefinite,pronominal,nonpronomial,preposition,nonshifted,preverbal
odgovoriti,,Dat,vam,Na vprašanje o pridobivanju poslov v Iraku,1,7,-6,3,9,indefinite,indefinite,pronominal,nonpronomial,preposition,nonshifted,preverbal
opustite,,Acc,alkohol,ob svoji bolezni,1,3,-2,4,1,indefinite,indefinite,nonpronomial,nonpronomial,preposition,shifted,preverbal
prekril,,Acc,strelivo,na sopotnikovem sedežu,1,3,-2,4,1,indefinite,indefinite,nonpronomial,nonpronomial,preposition,shifted,preverbal
naučimo,,Acc,nekoga,s pomočjo spleta,1,3,-2,4,2,indefinite,indefinite,pronominal,nonpronomial,preposition,shifted,preverbal
loči,,Acc,jih,Na ta način,1,3,-2,2,3,indefinite,indefinite,pronominal,nonpronomial,preposition,nonshifted,preverbal
zavrača,,Acc,pisanje grških novinarjev,v celoti,3,2,1,5,1,indefinite,indefinite,nonpronomial,nonpronomial,preposition,shifted,preverbal
premagal,,Acc,ga,S 6:4 6:4,1,3,-2,2,5,indefinite,indefinite,pronominal,nonpronomial,preposition,nonshifted,preverbal
vodi,,Acc,poslušalce,z opaznim zadoščenjem,1,3,-2,4,1,indefinite,indefinite,nonpronomial,nonpronomial,preposition,shifted,preverbal
pritrdimo,,Acc,jih,na obeh koncih,1,3,-2,4,1,indefinite,indefinite,pronominal,nonpronomial,preposition,shifted,preverbal
sodijo,,Dat,jim,v Haagu,1,2,-1,4,2,indefinite,indefinite,pronominal,nonpronomial,preposition,shifted,preverbal
zanimalo,,Acc,Nadjo,poleg oblek,1,2,-1,4,2,indefinite,indefinite,nonpronomial,nonpronomial,preposition,shifted,preverbal
ujela,,Acc,jih,na srečo,1,2,-1,3,1,indefinite,indefinite,pronominal,nonpronomial,preposition,shifted,preverbal
spreminjamo,,Acc,Kakovost lokalne či,po njihovi dolžini,3,3,0,7,2,indefinite,indefinite,nonpronomial,nonpronomial,preposition,shifted,preverbal
obetali,,Acc,jo,od nje,1,2,-1,3,1,indefinite,indefinite,pronominal,pronominal,preposition,shifted,preverbal
uveljaviti,,Acc,jih,ob Stresemannu,1,2,-1,6,4,indefinite,indefinite,pronominal,nonpronomial,preposition,shifted,preverbal
dovolila,,Dat,nam,v podjetje,1,2,-1,4,2,indefinite,indefinite,pronominal,nonpronomial,preposition,shifted,preverbal
zamenjala,,Acc,model 1250,v spodnjem cenovnem razredu laserskih tiskalnikov,2,6,-4,2,5,indefinite,indefinite,nonpronomial,nonpronomial,preposition,nonshifted,preverbal
prenesli,,Acc,rezultate raziskav s katerimi so želeli optimizirati ves proces pridelovanja krme ter ga približati sonaravnemu načinu kmetovanja,s poljskimi poskusi,17,3,14,22,1,indefinite,indefinite,nonpronomial,nonpronomial,preposition,shifted,preverbal
primemo,,Acc,jih,na obeh straneh,1,3,-2,4,1,indefinite,indefinite,pronominal,nonpronomial,preposition,shifted,preverbal
ostalo,,Dat,vam,Na koncu ure,1,3,-2,3,5,indefinite,indefinite,pronominal,nonpronomial,preposition,nonshifted,preverbal
