Verb,Verb_case,Obj_case,NP,PP,NP_len,PP_len,Len_diff,V_NP_d,V_PP_d,NP_definiteness,PP_definiteness,NP_pronominality,PP_pronominality,ADP,Shift,PrePost
našli,,Acc,svoj vlastný spisovný jazyk,v používaní,4,2,2,6,2,indefinite,indefinite,nonpronomial,nonpronomial,preposition,shifted,postverbal
dať,,Acc,dostatočne prístupný skutočný text tohto základného diela,do rúk slovenskej i medzinárodnej vedeckej verejnosti,7,7,0,11,2,indefinite,indefinite,nonpronomial,nonpronomial,preposition,shifted,postverbal
malo,,Acc,obrovský národnozáchovný význam,v druhej polovici XIX storočia,3,5,-2,3,6,indefinite,indefinite,nonpronomial,nonpronomial,preposition,nonshifted,postverbal
odovzdal,,Acc,otcove denníky,do skalického Záhorského múzea,2,4,-2,6,4,indefinite,indefinite,nonpronomial,nonpronomial,preposition,shifted,postverbal
očakávajú,,Acc,narodenie dieťaťa,v júni,2,2,0,3,2,indefinite,indefinite,nonpronomial,nonpronomial,preposition,shifted,postverbal
Vysypte,,Acc,kuskus,do nej,1,2,-1,3,2,indefinite,indefinite,nonpronomial,pronominal,preposition,shifted,postverbal
mení,,Acc,človeka,po každej stránke,1,3,-2,1,4,indefinite,indefinite,nonpronomial,nonpronomial,preposition,nonshifted,postverbal
dostať,,Acc,všetkých záujemcov,do blízkosti rómskej lokality,2,4,-2,2,4,indefinite,indefinite,nonpronomial,nonpronomial,preposition,nonshifted,postverbal
udeľuje,,Acc,Hlavnú cenu Zlatý debut,na prehliadke,4,2,2,4,2,indefinite,indefinite,nonpronomial,nonpronomial,preposition,shifted,postverbal
povysávala,,Acc,všetky kancelárie,s vypnutým vysávačom,2,3,-1,2,5,indefinite,indefinite,nonpronomial,nonpronomial,preposition,nonshifted,postverbal
vziať,,Acc,cudziu paradigmu,na vedomie,2,2,0,4,2,indefinite,indefinite,nonpronomial,nonpronomial,preposition,shifted,postverbal
Nehodilo,,Dat,mi,do krámu,1,2,-1,2,5,indefinite,indefinite,pronominal,nonpronomial,preposition,nonshifted,postverbal
Požiera,,Acc,slová,bez akýchkoľvek zábran,1,3,-2,1,4,indefinite,indefinite,nonpronomial,nonpronomial,preposition,nonshifted,postverbal
zatláča,,Acc,susedné centrum na hradisku Timerevo,do úzadia,5,2,3,4,2,indefinite,indefinite,nonpronomial,nonpronomial,preposition,shifted,postverbal
spájame,,Acc,vyobrazenia zajacov,na veľkú noc,2,3,-1,4,3,indefinite,indefinite,nonpronomial,nonpronomial,preposition,shifted,postverbal
hľadajú,,Acc,vajíčka ukryté veľkonočným zajacom,v záhrade,4,2,2,3,2,indefinite,indefinite,nonpronomial,nonpronomial,preposition,shifted,postverbal
drží,,Acc,štyri púčky,v pazúroch,2,2,0,5,3,indefinite,indefinite,nonpronomial,nonpronomial,preposition,shifted,postverbal
posilňuje,,Acc,určité črty jeho charakteru,do neobvyklých až nadprirodzených polôh,4,5,-1,2,9,indefinite,indefinite,nonpronomial,nonpronomial,preposition,nonshifted,postverbal
vyčleniť,,Acc,takéto opozície,v rozoberaných úryvkoch,2,3,-1,2,5,indefinite,indefinite,nonpronomial,nonpronomial,preposition,nonshifted,postverbal
vnáša,,Acc,už spomenuté prvky hrdinskej epiky,do útvaru,5,2,3,5,2,indefinite,indefinite,nonpronomial,nonpronomial,preposition,shifted,postverbal
hodil,,Acc,ho,na kolená,1,2,-1,2,4,indefinite,indefinite,pronominal,nonpronomial,preposition,nonshifted,postverbal
vymanila,,Acc,studené prsty,spod jeho rúk,2,3,-1,3,6,indefinite,indefinite,nonpronomial,nonpronomial,preposition,nonshifted,postverbal
Položila,,Acc,ruku,na plece,1,2,-1,3,5,indefinite,indefinite,nonpronomial,nonpronomial,preposition,nonshifted,postverbal
napadla,,Dat,mi,až na druhý deň,1,4,-3,1,5,indefinite,indefinite,pronominal,nonpronomial,preposition,nonshifted,postverbal
Pobozkala,,Acc,ju,na líce,1,2,-1,2,4,indefinite,indefinite,pronominal,nonpronomial,preposition,nonshifted,postverbal
mala,,Acc,celý bazén,pre seba,2,2,0,2,4,indefinite,indefinite,nonpronomial,pronominal,preposition,nonshifted,postverbal
Chytil,,Acc,ma,za ruku,1,2,-1,1,3,indefinite,indefinite,pronominal,nonpronomial,preposition,nonshifted,postverbal
Videl,,Acc,ťa,v bazéne,1,2,-1,2,4,indefinite,indefinite,pronominal,nonpronomial,preposition,nonshifted,postverbal
Chytil,,Acc,ma,za zápästie,1,2,-1,1,3,indefinite,indefinite,pronominal,nonpronomial,preposition,nonshifted,postverbal
hodil,,Acc,ho,na kolená,1,2,-1,2,4,indefinite,indefinite,pronominal,nonpronomial,preposition,nonshifted,postverbal
mala,,Acc,bundu,na sebe,1,2,-1,1,3,indefinite,indefinite,nonpronomial,pronominal,preposition,nonshifted,postverbal
mala,,Acc,jeho bundu,na sebe,2,2,0,4,2,indefinite,indefinite,nonpronomial,pronominal,preposition,shifted,postverbal
máš,,Acc,piliny,v hlave,1,2,-1,3,2,indefinite,indefinite,nonpronomial,nonpronomial,preposition,shifted,postverbal
skočila,,Dat,mi,do reči,1,2,-1,1,3,indefinite,indefinite,pronominal,nonpronomial,preposition,nonshifted,postverbal
mal,,Acc,ten lístok,na mysli,2,2,0,4,2,indefinite,indefinite,nonpronomial,nonpronomial,preposition,shifted,postverbal
naskočili,,Dat,mi,na ruke,1,2,-1,1,3,indefinite,indefinite,pronominal,nonpronomial,preposition,nonshifted,postverbal
Vezmi,,Acc,ju,na preteky chrtov,1,3,-2,1,3,indefinite,indefinite,pronominal,nonpronomial,preposition,nonshifted,postverbal
otvárali,,Acc,oči,vo vode,1,2,-1,3,2,indefinite,indefinite,nonpronomial,nonpronomial,preposition,shifted,postverbal
odhrnul,,Acc,mokré vlasy,z tváre,2,2,0,5,3,indefinite,indefinite,nonpronomial,nonpronomial,preposition,shifted,postverbal
Cítila,,Acc,nežný dotyk jeho prstov,na pokožke,4,2,2,5,3,indefinite,indefinite,nonpronomial,nonpronomial,preposition,shifted,postverbal
mali,,Acc,celoročné hodnotenie,v banke,2,2,0,4,2,indefinite,indefinite,nonpronomial,nonpronomial,preposition,shifted,postverbal
napchali,,Acc,ju,do koša ktorý sme pomaly uväzovali o korman,1,8,-7,1,3,indefinite,indefinite,pronominal,nonpronomial,preposition,nonshifted,postverbal
objal,,Acc,ma,okolo krku,1,2,-1,1,3,indefinite,indefinite,pronominal,nonpronomial,preposition,nonshifted,postverbal
hladkal,,Acc,ma,po vlasoch,1,2,-1,1,3,indefinite,indefinite,pronominal,nonpronomial,preposition,nonshifted,postverbal
pobozkala,,Acc,ho,na ucho,1,2,-1,1,3,indefinite,indefinite,pronominal,nonpronomial,preposition,nonshifted,postverbal
zdvihla,,Acc,oči,od novín,1,2,-1,1,3,indefinite,indefinite,nonpronomial,nonpronomial,preposition,nonshifted,postverbal
Sledovala,,Acc,ho,na chate,1,2,-1,2,4,indefinite,indefinite,pronominal,nonpronomial,preposition,nonshifted,postverbal
plesla,,Ins,rukou,po sedadle,1,2,-1,1,3,indefinite,indefinite,nonpronomial,nonpronomial,preposition,nonshifted,postverbal
Videla,,Acc,to,na tebe,1,2,-1,2,4,indefinite,indefinite,nonpronomial,pronominal,preposition,nonshifted,postverbal
Ospravedlníte,,Acc,ma,na chvíľu,1,2,-1,1,3,indefinite,indefinite,pronominal,nonpronomial,preposition,nonshifted,postverbal
postavila,,Acc,ich,na stôl,1,2,-1,1,3,indefinite,indefinite,pronominal,nonpronomial,preposition,nonshifted,postverbal
priniesli,,Acc,taniere šalát a fašírku,z kuchyne,4,2,2,3,2,indefinite,indefinite,nonpronomial,nonpronomial,preposition,shifted,postverbal
chytila,,Acc,ho,za ruku,1,2,-1,1,3,indefinite,indefinite,pronominal,nonpronomial,preposition,nonshifted,postverbal
Hľadala,,Acc,nejaký papier na poznámky,v zásuvke,4,2,2,5,3,indefinite,indefinite,nonpronomial,nonpronomial,preposition,shifted,postverbal
Zhodil,,Acc,ma,na trávu,1,2,-1,1,3,indefinite,indefinite,pronominal,nonpronomial,preposition,nonshifted,postverbal
Chytil,,Acc,ma,za ruku,1,2,-1,1,3,indefinite,indefinite,pronominal,nonpronomial,preposition,nonshifted,postverbal
zacítila,,Acc,šteklivé vzrušenie,v žalúdku,2,2,0,4,2,indefinite,indefinite,nonpronomial,nonpronomial,preposition,shifted,postverbal
Máš,,Acc,voľno,cez obed,1,2,-1,3,2,indefinite,indefinite,nonpronomial,nonpronomial,preposition,shifted,postverbal
rozoberať,,Acc,svoje zmätené pocity a zbabraný test,pred ním,6,2,4,5,2,indefinite,indefinite,nonpronomial,pronominal,preposition,shifted,postverbal
Zaklopal,,Dat,Amy,na okno,1,2,-1,2,4,indefinite,indefinite,nonpronomial,nonpronomial,preposition,nonshifted,postverbal
nemala,,Acc,to,v úmysle,1,2,-1,2,4,indefinite,indefinite,nonpronomial,nonpronomial,preposition,nonshifted,postverbal
zbadala,,Acc,Chrisa,pri bazéne,1,2,-1,3,2,indefinite,indefinite,nonpronomial,nonpronomial,preposition,shifted,postverbal
zavesil,,Acc,ju,na krk,1,2,-1,2,4,indefinite,indefinite,pronominal,nonpronomial,preposition,nonshifted,postverbal
Hodil,,Acc,ma,do vody,1,2,-1,1,3,indefinite,indefinite,pronominal,nonpronomial,preposition,nonshifted,postverbal
napchala,,Acc,mokré veci,do vaku,2,2,0,3,5,indefinite,indefinite,nonpronomial,nonpronomial,preposition,nonshifted,postverbal
neodovzdala,,Acc,prácu,po termíne,1,2,-1,1,3,indefinite,indefinite,nonpronomial,nonpronomial,preposition,nonshifted,postverbal
objala,,Acc,ma,okolo pliec,1,2,-1,1,3,indefinite,indefinite,pronominal,nonpronomial,preposition,nonshifted,postverbal
udržať,,Acc,rovnováhu,na okennom parapete,1,3,-2,1,4,indefinite,indefinite,nonpronomial,nonpronomial,preposition,nonshifted,postverbal
Držal,,Acc,ma,za ruku,1,2,-1,1,3,indefinite,indefinite,pronominal,nonpronomial,preposition,nonshifted,postverbal
zatiahla,,Acc,Chrisa,pod oleander,1,2,-1,1,3,indefinite,indefinite,nonpronomial,nonpronomial,preposition,nonshifted,postverbal
šliapala,,Acc,vodu,až k miestu kde sa ponoril,1,6,-5,2,5,indefinite,indefinite,nonpronomial,nonpronomial,preposition,nonshifted,postverbal
Mám,,Acc,fotku,z toho večera,1,3,-2,4,3,indefinite,indefinite,nonpronomial,nonpronomial,preposition,shifted,postverbal
dotlačiť,,Acc,dcéru,na stupienok víťazov,1,3,-2,1,3,indefinite,indefinite,nonpronomial,nonpronomial,preposition,nonshifted,postverbal
Pozvala,,Acc,Blythe a Ricka,na ňu,3,2,1,3,2,indefinite,indefinite,nonpronomial,pronominal,preposition,shifted,postverbal
zavolala,,Dat,mame,do práce,1,2,-1,1,3,indefinite,indefinite,nonpronomial,nonpronomial,preposition,nonshifted,postverbal
Chytila,,Acc,ho,za ruku,1,2,-1,2,4,indefinite,indefinite,pronominal,nonpronomial,preposition,nonshifted,postverbal
obnovil,,Acc,rehoľný život,podľa reformných princípov,2,3,-1,2,5,indefinite,indefinite,nonpronomial,nonpronomial,preposition,nonshifted,postverbal
prijal,,Acc,ho,s náležitými poctami,1,3,-2,1,4,indefinite,indefinite,pronominal,nonpronomial,preposition,nonshifted,postverbal
Našla,,Acc,ho,v novo poňatom úrade pápeža,1,5,-4,1,5,indefinite,indefinite,pronominal,nonpronomial,preposition,nonshifted,postverbal
nemala,,Acc,nejaký jednotný právny systém,v prvom storočí svojej existencie,4,5,-1,9,3,indefinite,indefinite,nonpronomial,nonpronomial,preposition,shifted,postverbal
majú,,Acc,výsostne špecifické postavenie,v porovnaní so situáciou v ostatných krajinách strednej a východnej Európy,3,11,-8,14,4,indefinite,indefinite,nonpronomial,nonpronomial,preposition,shifted,postverbal
vykoreniť,,Acc,neduh nadmerného požívania alkoholu,z klerických kruhov,4,3,1,4,3,indefinite,indefinite,nonpronomial,nonpronomial,preposition,shifted,postverbal
zriaďovať,,Acc,nové diecézy,vo svojej krajine,2,3,-1,5,3,indefinite,indefinite,nonpronomial,nonpronomial,preposition,shifted,postverbal
dosadzovať,,Acc,biskupov a ďalších vyšších cirkevných hodnostárov,do svojich úradov,6,3,3,1,9,indefinite,indefinite,nonpronomial,nonpronomial,preposition,nonshifted,postverbal
mal,,Acc,aj rozmer štátneho kultu,okrem rozmeru spontánneho ľudového uctievania,4,5,-1,7,2,indefinite,indefinite,nonpronomial,nonpronomial,preposition,shifted,postverbal
vykonávali,,Acc,svoj úrad,z vôle panovníka,2,3,-1,2,4,indefinite,indefinite,nonpronomial,nonpronomial,preposition,nonshifted,postverbal
uvádza,,Acc,viacero nariadení o konaní synod,vo svojej zbierke,5,3,2,4,3,indefinite,indefinite,nonpronomial,nonpronomial,preposition,shifted,postverbal
obsahuje,,Acc,ako hľadisko trestné tak aj hľadisko náhrady škody pozostalým,v sebe,9,2,7,4,2,indefinite,indefinite,nonpronomial,pronominal,preposition,shifted,postverbal
zaslal,,Acc,relikvie,do Uhorska,1,2,-1,3,2,indefinite,indefinite,nonpronomial,nonpronomial,preposition,shifted,postverbal
prijal,,Acc,jeho mníchov ktorí mu list donesú,pod ochranu,6,2,4,4,2,indefinite,indefinite,nonpronomial,nonpronomial,preposition,shifted,postverbal
mal,,Acc,akiste zámer profitovať z potenciálu oboch týchto skupín obyvateľstva,v súvislosti so svojimi hospodárskymi reformami,9,6,3,8,6,indefinite,indefinite,nonpronomial,nonpronomial,preposition,shifted,postverbal
uvádzajú,,Acc,celý rad predpisov,v tejto súvislosti,3,3,0,5,3,indefinite,indefinite,nonpronomial,nonpronomial,preposition,shifted,postverbal
formulovali,,Acc,príslušné právne normy o celibáte,pod vplyvom výziev reformátorov,5,4,1,3,7,indefinite,indefinite,nonpronomial,nonpronomial,preposition,nonshifted,postverbal
mal,,Acc,ruku,na jeho ramene,1,3,-2,1,4,indefinite,indefinite,nonpronomial,nonpronomial,preposition,nonshifted,postverbal
Položil,,Acc,Winstona,na lôžko,1,2,-1,1,3,indefinite,indefinite,nonpronomial,nonpronomial,preposition,nonshifted,postverbal
ponaprávame,,Acc,mozog,do dokonalosti,1,2,-1,1,3,indefinite,indefinite,nonpronomial,nonpronomial,preposition,nonshifted,postverbal
Vybudovať,,Acc,civilizáciu,na strachu nenávisti a krutosti,1,5,-4,1,3,indefinite,indefinite,nonpronomial,nonpronomial,preposition,nonshifted,postverbal
liať,,Acc,vitriol,do tváre,1,2,-1,2,4,indefinite,indefinite,nonpronomial,nonpronomial,preposition,nonshifted,postverbal
spustil,,Acc,nohy,na podlahu,1,2,-1,1,3,indefinite,indefinite,nonpronomial,nonpronomial,preposition,nonshifted,postverbal
zazrel,,Acc,trojstranné zrkadlo,na vzdialenom konci miestnosti,2,4,-2,6,3,indefinite,indefinite,nonpronomial,nonpronomial,preposition,shifted,postverbal
Uchopil,,Acc,Winstona,za rameno,1,2,-1,1,3,indefinite,indefinite,nonpronomial,nonpronomial,preposition,nonshifted,postverbal
položil,,Acc,ruku,na rameno,1,2,-1,1,3,indefinite,indefinite,nonpronomial,nonpronomial,preposition,nonshifted,postverbal
Zdvihol,,Acc,zrak,na O Briena,1,3,-2,1,5,indefinite,indefinite,nonpronomial,nonpronomial,preposition,nonshifted,postverbal
Položil,,Acc,to,na vzdialenejší stôl,1,3,-2,1,4,indefinite,indefinite,nonpronomial,nonpronomial,preposition,nonshifted,postverbal
počul,,Acc,klokotanie krvi,v hlave,2,2,0,3,2,indefinite,indefinite,nonpronomial,nonpronomial,preposition,shifted,postverbal
roztrhajte,,Acc,ju,až na kosť,1,3,-2,2,5,indefinite,indefinite,pronominal,nonpronomial,preposition,nonshifted,postverbal
obrátil,,Acc,ho,do seba,1,2,-1,1,3,indefinite,indefinite,pronominal,pronominal,preposition,nonshifted,postverbal
Objal,,Acc,ju,okolo pása,1,2,-1,1,3,indefinite,indefinite,pronominal,nonpronomial,preposition,nonshifted,postverbal
prilepil,,Acc,tenké kombinézy,na telo,2,2,0,2,4,indefinite,indefinite,nonpronomial,nonpronomial,preposition,nonshifted,postverbal
zdvihol,,Acc,zrak,na portrét Veľkého brata,1,4,-3,1,3,indefinite,indefinite,nonpronomial,nonpronomial,preposition,nonshifted,postverbal
vytiahol,,Acc,fajku,z úst,1,2,-1,1,3,indefinite,indefinite,nonpronomial,nonpronomial,preposition,nonshifted,postverbal
zanechal,,Acc,akýsi zvierací nepokoj,po sebe,3,2,1,5,2,indefinite,indefinite,nonpronomial,pronominal,preposition,shifted,postverbal
Dofajčí,,Acc,ju,po smene,1,2,-1,1,3,indefinite,indefinite,pronominal,nonpronomial,preposition,nonshifted,postverbal
oslobodila,,Acc,proletov,z jarma,1,2,-1,1,3,indefinite,indefinite,nonpronomial,nonpronomial,preposition,nonshifted,postverbal
udržať,,Acc,ich,pod dozorom,1,2,-1,1,3,indefinite,indefinite,pronominal,nonpronomial,preposition,nonshifted,postverbal
zopäl,,Acc,ruky,nad hlavou,1,2,-1,1,3,indefinite,indefinite,nonpronomial,nonpronomial,preposition,nonshifted,postverbal
Vystrela,,Acc,zdravú ruku,k nemu,2,2,0,4,2,indefinite,indefinite,nonpronomial,pronominal,preposition,shifted,postverbal
Zišlo,,Dat,mu,na um,1,2,-1,1,3,indefinite,indefinite,pronominal,nonpronomial,preposition,nonshifted,postverbal
Uchopil,,Acc,ju,za ruku,1,2,-1,1,3,indefinite,indefinite,pronominal,nonpronomial,preposition,nonshifted,postverbal
Objala,,Acc,ho,okolo krku,1,2,-1,1,3,indefinite,indefinite,pronominal,nonpronomial,preposition,nonshifted,postverbal
Prinesie,,Acc,obeť,na oltár lásky,1,3,-2,4,2,indefinite,indefinite,nonpronomial,nonpronomial,preposition,shifted,postverbal
odhodila,,Acc,ju,na konár,1,2,-1,1,3,indefinite,indefinite,pronominal,nonpronomial,preposition,nonshifted,postverbal
Rozlomila,,Acc,ju,na dve polovice,1,3,-2,1,4,indefinite,indefinite,pronominal,nonpronomial,preposition,nonshifted,postverbal
vyludzovať,,Acc,hudbu,do prázdna,1,2,-1,1,3,indefinite,indefinite,nonpronomial,nonpronomial,preposition,nonshifted,postverbal
vyhnal,,Acc,všetky špekulácie,z mysle,2,2,0,4,2,indefinite,indefinite,nonpronomial,nonpronomial,preposition,shifted,postverbal
vzal,,Acc,jej ruky,do svojich,2,2,0,2,4,indefinite,indefinite,nonpronomial,nonpronomial,preposition,nonshifted,postverbal
Zišlo,,Dat,mu,na um,1,2,-1,1,3,indefinite,indefinite,pronominal,nonpronomial,preposition,nonshifted,postverbal
Nemám,,Acc,nejakú vetvičku,vo vlasoch,2,2,0,5,3,indefinite,indefinite,nonpronomial,nonpronomial,preposition,shifted,postverbal
Zovrel,,Acc,ju,v náručí,1,2,-1,1,3,indefinite,indefinite,pronominal,nonpronomial,preposition,nonshifted,postverbal
Pritiahol,,Acc,ju,k sebe,1,2,-1,2,4,indefinite,indefinite,pronominal,pronominal,preposition,nonshifted,postverbal
vystrkoval,,Acc,svoj odporný rypák,z obloženia,3,2,1,5,2,indefinite,indefinite,nonpronomial,nonpronomial,preposition,shifted,postverbal
upravil,,Acc,okuliare,na nose,1,2,-1,3,2,indefinite,indefinite,nonpronomial,nonpronomial,preposition,shifted,postverbal
Postav,,Acc,ho,na okrúhly stôl,1,3,-2,1,4,indefinite,indefinite,pronominal,nonpronomial,preposition,nonshifted,postverbal
Nezazrel,,Acc,nijaké jazvy,na nej,2,2,0,4,2,indefinite,indefinite,nonpronomial,pronominal,preposition,shifted,postverbal
zatvoril,,Acc,dvere,za sebou,1,2,-1,3,2,indefinite,indefinite,nonpronomial,pronominal,preposition,shifted,postverbal
nemám,,Acc,čo,do zvonca,1,2,-1,1,3,indefinite,indefinite,pronominal,nonpronomial,preposition,nonshifted,postverbal
nemal,,Acc,nič,v ústach,1,2,-1,3,2,indefinite,indefinite,pronominal,nonpronomial,preposition,shifted,postverbal
zacielil,,Acc,pohľad,na Winstona,1,2,-1,1,3,indefinite,indefinite,nonpronomial,nonpronomial,preposition,nonshifted,postverbal
držali,,Acc,jazyk,za zubami,1,2,-1,1,3,indefinite,indefinite,nonpronomial,nonpronomial,preposition,nonshifted,postverbal
Mal,,Acc,krátke nohavice farby kaki a športovú košeľu,na sebe,7,2,5,4,2,indefinite,indefinite,nonpronomial,pronominal,preposition,shifted,postverbal
ponoril,,Acc,ruku,do vrecka na kombinéze,1,4,-3,1,3,indefinite,indefinite,nonpronomial,nonpronomial,preposition,nonshifted,postverbal
spustil,,Acc,chlieb,na podlahu,1,2,-1,1,3,indefinite,indefinite,nonpronomial,nonpronomial,preposition,nonshifted,postverbal
odtrhnúť,,Acc,oči,od ciferníka,1,2,-1,1,3,indefinite,indefinite,nonpronomial,nonpronomial,preposition,nonshifted,postverbal
Vrhol,,Acc,pohľad,na ciferník,1,2,-1,1,3,indefinite,indefinite,nonpronomial,nonpronomial,preposition,nonshifted,postverbal
Položil,,Acc,ruku,na ciferník,1,2,-1,1,3,indefinite,indefinite,nonpronomial,nonpronomial,preposition,nonshifted,postverbal
Ponoril,,Acc,pero,do atramentu,1,2,-1,1,3,indefinite,indefinite,nonpronomial,nonpronomial,preposition,nonshifted,postverbal
Šírila,,Acc,atmosféru hokejového ihriska studených kúpeľov spoločného stopovania a akejsi všeobecnej čistoty mysle,okolo seba,12,2,10,3,2,indefinite,indefinite,nonpronomial,pronominal,preposition,shifted,postverbal
zasunul,,Acc,vysnívanú vecičku,do vrecka,2,2,0,3,5,indefinite,indefinite,nonpronomial,nonpronomial,preposition,nonshifted,postverbal
Vypáči,,Acc,zvyšok tej riekanky,z pamäte pána Charringtona,3,4,-1,5,2,indefinite,indefinite,nonpronomial,nonpronomial,preposition,shifted,postverbal
Vystrela,,Acc,zdravú ruku,k nemu,2,2,0,4,2,indefinite,indefinite,nonpronomial,pronominal,preposition,shifted,postverbal
premenila,,Acc,každého,aj proti jeho vôli,1,4,-3,1,5,indefinite,indefinite,nonpronomial,nonpronomial,preposition,nonshifted,postverbal
vyhnal,,Acc,všetky špekulácie,z mysle,2,2,0,4,2,indefinite,indefinite,nonpronomial,nonpronomial,preposition,shifted,postverbal
ukryla,,Acc,tvár,do dlaní,1,2,-1,1,3,indefinite,indefinite,nonpronomial,nonpronomial,preposition,nonshifted,postverbal
nemala,,Acc,štipec na bielizeň,v ústach,3,2,1,3,2,indefinite,indefinite,nonpronomial,nonpronomial,preposition,shifted,postverbal
Stiahli,,Acc,šaty,zo seba,1,2,-1,4,3,indefinite,indefinite,nonpronomial,pronominal,preposition,shifted,postverbal
nemám,,Acc,čo,do zvonca,1,2,-1,1,3,indefinite,indefinite,pronominal,nonpronomial,preposition,nonshifted,postverbal
vzala,,Acc,Winstona,do náručia,1,2,-1,3,2,indefinite,indefinite,nonpronomial,nonpronomial,preposition,shifted,postverbal
Nemám,,Acc,priznanie,na mysli,1,2,-1,3,2,indefinite,indefinite,nonpronomial,nonpronomial,preposition,shifted,postverbal
Postav,,Acc,ho,na okrúhly stôl,1,3,-2,1,4,indefinite,indefinite,pronominal,nonpronomial,preposition,nonshifted,postverbal
zmeniť,,Acc,ľudí,na nepoznanie,1,2,-1,1,3,indefinite,indefinite,nonpronomial,nonpronomial,preposition,nonshifted,postverbal
Vrátiš,,Acc,ju,do štrnástich dní,1,3,-2,1,4,indefinite,indefinite,pronominal,nonpronomial,preposition,nonshifted,postverbal
Pošlem,,Acc,ťa,do soľných baní,1,3,-2,1,4,indefinite,indefinite,pronominal,nonpronomial,preposition,nonshifted,postverbal
Vylovil,,Acc,dvadsaťpäťcentovú mincu,z vrecka,2,2,0,4,2,indefinite,indefinite,nonpronomial,nonpronomial,preposition,shifted,postverbal
Odložil,,Acc,denník,do zásuvky,1,2,-1,1,3,indefinite,indefinite,nonpronomial,nonpronomial,preposition,nonshifted,postverbal
spustil,,Acc,ruky,pozdĺž bokov,1,2,-1,1,3,indefinite,indefinite,nonpronomial,nonpronomial,preposition,nonshifted,postverbal
nabral,,Acc,vzduch,do pľúc,1,2,-1,1,3,indefinite,indefinite,nonpronomial,nonpronomial,preposition,nonshifted,postverbal
znížil,,Acc,číslo,na 57 miliónov,1,3,-2,1,3,indefinite,indefinite,nonpronomial,nonpronomial,preposition,nonshifted,postverbal
postrčili,,Acc,svoje podnosy,k okienku,2,2,0,2,4,indefinite,indefinite,nonpronomial,nonpronomial,preposition,nonshifted,postverbal
obrátil,,Acc,to tekuté svinstvo ktoré malo pachuť oleja,do seba,7,2,5,5,2,indefinite,indefinite,nonpronomial,pronominal,preposition,shifted,postverbal
vytlačil,,Acc,slzy,z očí,1,2,-1,3,2,indefinite,indefinite,nonpronomial,nonpronomial,preposition,shifted,postverbal
Otesávame,,Acc,jazyk,až na kosť,1,3,-2,1,4,indefinite,indefinite,nonpronomial,nonpronomial,preposition,nonshifted,postverbal
neviedli,,Acc,ma,k Nemu,1,2,-1,2,4,indefinite,indefinite,pronominal,pronominal,preposition,nonshifted,postverbal
vkladá,,Acc,nádej,do vás,1,2,-1,3,2,indefinite,indefinite,nonpronomial,pronominal,preposition,shifted,postverbal
prajeme,,Acc,múdrosť vytrvalosť a Božie vedenie,v tejto funkcii,5,3,2,4,3,indefinite,indefinite,nonpronomial,nonpronomial,preposition,shifted,postverbal
Našla,,Acc,svojho osobného Spasiteľa Ježiša Krista,vo svetle Ježišovho evanjelia,5,4,1,4,9,indefinite,indefinite,nonpronomial,nonpronomial,preposition,nonshifted,postverbal
daruje,,Acc,tento pokoj,skrze vieru v Ježiša Krista,2,5,-3,2,4,indefinite,indefinite,nonpronomial,nonpronomial,preposition,nonshifted,postverbal
pomáhajme,,Dat,im,na ich ceste,1,3,-2,1,4,indefinite,indefinite,pronominal,nonpronomial,preposition,nonshifted,postverbal
máva,,Acc,dvojaký význam,aj vo všednom obyčajnom živote,2,5,-3,8,6,indefinite,indefinite,nonpronomial,nonpronomial,preposition,shifted,postverbal
Videl,,Acc,svoj pád,v celej hĺbke,2,3,-1,2,5,indefinite,indefinite,nonpronomial,nonpronomial,preposition,nonshifted,postverbal
pocítil,,Acc,svoj hriech,v celej jeho veľkosti,2,4,-2,2,6,indefinite,indefinite,nonpronomial,nonpronomial,preposition,nonshifted,postverbal
mali,,Acc,dva milé zážitky,koncom minulého roka,3,3,0,6,3,indefinite,indefinite,nonpronomial,nonpronomial,preposition,shifted,postverbal
sprevádzal,,Acc,nábožný spev,na gitare,2,2,0,2,4,indefinite,indefinite,nonpronomial,nonpronomial,preposition,nonshifted,postverbal
mali,,Acc,lepšiu a krajšiu budúcnosť,pred sebou,4,2,2,6,2,indefinite,indefinite,nonpronomial,pronominal,preposition,shifted,postverbal
veď,,Acc,ich,aj v ďalšie dni života,1,5,-4,3,7,indefinite,indefinite,pronominal,nonpronomial,preposition,nonshifted,postverbal
zaujalo,,Acc,dôstojné rešpektované a zodpovedné postavenie,v európskom spoločenstve,5,3,2,9,3,indefinite,indefinite,nonpronomial,nonpronomial,preposition,shifted,postverbal
vytvorí,,Acc,priestor na zníženie odvodov a priamych daní,spolu s reformami v najvýznamnejších výdavkových rezortoch,7,7,0,8,3,indefinite,indefinite,nonpronomial,nonpronomial,preposition,shifted,postverbal
zjednotí,,Acc,sadzby DPH,pred vstupom do EÚ,2,4,-2,1,4,indefinite,indefinite,nonpronomial,nonpronomial,preposition,nonshifted,postverbal
prehodnotí,,Acc,doterajší spôsob podpory malého a stredného podnikania,s akcentom na územnú samosprávu a prihraničnú spoluprácu,7,8,-1,2,9,indefinite,indefinite,nonpronomial,nonpronomial,preposition,nonshifted,postverbal
zabezpečí,,Acc,harmonizáciu a štandardizáciu informačných technológií a dátových štruktúr,s cieľom vytvorenia podmienok pre prepojenie informačných systémov dopravy pôšt a telekomunikácií s EÚ,8,14,-6,1,10,indefinite,indefinite,nonpronomial,nonpronomial,preposition,nonshifted,postverbal
prehodnotí,,Acc,doteraz platný dotačný systém,podľa kritérií EÚ,4,3,1,4,6,indefinite,indefinite,nonpronomial,nonpronomial,preposition,nonshifted,postverbal
zabezpečí,,Acc,prípravu prerokovanie a schválenie plánovacích a programových dokumentov v oblasti regionálnej politiky,s dôrazom na zlepšenie ekonomickej a sociálnej súdržnosti,12,8,4,1,17,indefinite,indefinite,nonpronomial,nonpronomial,preposition,nonshifted,postverbal
vytvorí,,Acc,lepšie podmienky pre napĺňanie miestnej bytovej politiky,na úrovni obcí,7,3,4,5,2,indefinite,indefinite,nonpronomial,nonpronomial,preposition,shifted,postverbal
prehodnotí,,Acc,platné znenie zákona o sociálnom poistení,ešte pred nadobudnutím jeho účinnosti,6,5,1,2,9,indefinite,indefinite,nonpronomial,nonpronomial,preposition,nonshifted,postverbal
zavádzajú,,Acc,cudzorodé prvky akým je napríklad nesystémové včlenenie kúpeľnej starostlivosti do sociálneho poistenia,do sociálneho systému,12,3,9,5,3,indefinite,indefinite,nonpronomial,nonpronomial,preposition,shifted,postverbal
konkurovať,,Dat,súkromnému sektoru,pri získavaní a udržaní kvalitných ľudských zdrojov,2,7,-5,2,4,indefinite,indefinite,nonpronomial,nonpronomial,preposition,nonshifted,postverbal
umožní,,Acc,zamestnanie špičkových odborníkov v ústredných štátnych orgánoch za adekvátneho mzdového ohodnotenia,okrem iného,11,2,9,3,2,indefinite,indefinite,nonpronomial,nonpronomial,preposition,shifted,postverbal
presadiť,,Acc,tvrdé rozpočtové obmedzenie,v zdravotníctve,3,2,1,5,2,indefinite,indefinite,nonpronomial,nonpronomial,preposition,shifted,postverbal
stať,,Ins,kultúrnym športovým a spoločenským centrom obecnej komunity,v regióne,7,2,5,8,2,indefinite,indefinite,nonpronomial,nonpronomial,preposition,shifted,postverbal
Podporí,,Acc,kompatibilnosť v oblasti vzájomného uznávania dokladov o dosiahnutí určitého stupňa vzdelania,v rámci krajín EÚ,11,4,7,5,3,indefinite,indefinite,nonpronomial,nonpronomial,preposition,shifted,postverbal
Zavedie,,Acc,štátnu maturitnú skúšku,na stredných školách,3,3,0,3,6,indefinite,indefinite,nonpronomial,nonpronomial,preposition,nonshifted,postverbal
vytvorí,,Acc,legislatívne a ekonomické podmienky pre ochranu a sprístupnenie audiovizuálneho dedičstva,v súlade s príslušnými medzinárodnými dohovormi,10,6,4,4,16,indefinite,indefinite,nonpronomial,nonpronomial,preposition,nonshifted,postverbal
podporovať,,Acc,účasť Ozbrojených síl SR v mierových misiách a operáciách na podporu mieru a na boji proti terorizmu,s dôrazom na operácie pod vedením NATO,17,7,10,1,20,indefinite,indefinite,nonpronomial,nonpronomial,preposition,nonshifted,postverbal
prizýva,,Acc,spoluobčanov,k spolupráci,1,2,-1,1,3,indefinite,indefinite,nonpronomial,nonpronomial,preposition,nonshifted,postverbal
Priniesol,,Acc,ju,z Ameriky,1,2,-1,2,4,indefinite,indefinite,pronominal,nonpronomial,preposition,nonshifted,postverbal
vláčil,,Acc,ju,po uliciach našej štvrte,1,4,-3,1,3,indefinite,indefinite,pronominal,nonpronomial,preposition,nonshifted,postverbal
predávať,,Acc,cigarety alebo banány,po tiranských chodníkoch,3,3,0,4,3,indefinite,indefinite,nonpronomial,nonpronomial,preposition,shifted,postverbal
prebehli,,Dat,mi,po tele,1,2,-1,1,3,indefinite,indefinite,pronominal,nonpronomial,preposition,nonshifted,postverbal
mala,,Acc,všeličo,za sebou,1,2,-1,1,3,indefinite,indefinite,pronominal,pronominal,preposition,nonshifted,postverbal
mal,,Acc,obraz ženy v medailóne,pred sebou,4,2,2,3,2,indefinite,indefinite,nonpronomial,pronominal,preposition,shifted,postverbal
oživil,,Acc,tú ženu,v pamäti,2,2,0,4,2,indefinite,indefinite,nonpronomial,nonpronomial,preposition,shifted,postverbal
položila,,Acc,ruku,na hlavu,1,2,-1,1,3,indefinite,indefinite,nonpronomial,nonpronomial,preposition,nonshifted,postverbal
priložil,,Acc,oko,k škáre v podlahovej doske,1,5,-4,2,4,indefinite,indefinite,nonpronomial,nonpronomial,preposition,nonshifted,postverbal
začul,,Acc,kroky a hlasy,na chodbe,3,2,1,4,3,indefinite,indefinite,nonpronomial,nonpronomial,preposition,shifted,postverbal
Pritisol,,Acc,ich,k sebe,1,2,-1,2,4,indefinite,indefinite,pronominal,pronominal,preposition,nonshifted,postverbal
vyhľadať,,Acc,jej ruku,v tme,2,2,0,4,2,indefinite,indefinite,nonpronomial,nonpronomial,preposition,shifted,postverbal
skrýva,,Acc,tajomstvo ktoré vo mne ustavične vzbudzovalo pocit viny,v sebe,8,2,6,3,2,indefinite,indefinite,nonpronomial,pronominal,preposition,shifted,postverbal
Objala,,Acc,ma,okolo krku,1,2,-1,1,3,indefinite,indefinite,pronominal,nonpronomial,preposition,nonshifted,postverbal
Mal,,Acc,prízraky,pred sebou,1,2,-1,4,3,indefinite,indefinite,nonpronomial,pronominal,preposition,shifted,postverbal
Položil,,Acc,slúchadlo,na vidlicu,1,2,-1,2,4,indefinite,indefinite,nonpronomial,nonpronomial,preposition,nonshifted,postverbal
uprel,,Acc,zrak,na telefón,1,2,-1,2,4,indefinite,indefinite,nonpronomial,nonpronomial,preposition,nonshifted,postverbal
mal,,Acc,oblek s kravatou,na sebe,3,2,1,4,3,indefinite,indefinite,nonpronomial,pronominal,preposition,shifted,postverbal
Pozvať,,Acc,ju,do tanca,1,2,-1,1,3,indefinite,indefinite,pronominal,nonpronomial,preposition,nonshifted,postverbal
zovrel,,Acc,ruky,za chrbtom,1,2,-1,2,4,indefinite,indefinite,nonpronomial,nonpronomial,preposition,nonshifted,postverbal
zamieril,,Acc,kameru,na Lorinu tvár,1,3,-2,1,4,indefinite,indefinite,nonpronomial,nonpronomial,preposition,nonshifted,postverbal
uložil,,Acc,batožinu,do taxíka,1,2,-1,2,4,indefinite,indefinite,nonpronomial,nonpronomial,preposition,nonshifted,postverbal
natiahla,,Acc,tvár,ku mne,1,2,-1,3,2,indefinite,indefinite,nonpronomial,pronominal,preposition,shifted,postverbal
Pobozkal,,Acc,ju,na obidve líca,1,3,-2,2,5,indefinite,indefinite,pronominal,nonpronomial,preposition,nonshifted,postverbal
trápiť,,Acc,ma,vo sne,1,2,-1,1,3,indefinite,indefinite,pronominal,nonpronomial,preposition,nonshifted,postverbal
márnil,,Acc,čas,pred televízorom,1,2,-1,2,4,indefinite,indefinite,nonpronomial,nonpronomial,preposition,nonshifted,postverbal
Nechala,,Acc,auto,pred domom,1,2,-1,4,3,indefinite,indefinite,nonpronomial,nonpronomial,preposition,shifted,postverbal
pochopila,,Acc,zmysel mojich slov,po svojom,3,2,1,1,5,indefinite,indefinite,nonpronomial,nonpronomial,preposition,nonshifted,postverbal
Zjavilo,,Dat,mi,vo sne,1,2,-1,2,4,indefinite,indefinite,pronominal,nonpronomial,preposition,nonshifted,postverbal
meriam,,Acc,obdobie svojho pobytu v Čarodejníckej vile,podľa intervalov v akých otec odpovedal na mamine listy,6,9,-3,1,8,indefinite,indefinite,nonpronomial,nonpronomial,preposition,nonshifted,postverbal
Zistila,,Acc,to,až po jej smrti,1,4,-3,2,6,indefinite,indefinite,nonpronomial,nonpronomial,preposition,nonshifted,postverbal
dostal,,Acc,prezývku,podľa starovekého filozofa,1,3,-2,1,4,indefinite,indefinite,nonpronomial,nonpronomial,preposition,nonshifted,postverbal
cítim,,Acc,jeho pohľad,na sebe,2,2,0,4,2,indefinite,indefinite,nonpronomial,pronominal,preposition,shifted,postverbal
Poznali,,Acc,ho,podľa klopania,1,2,-1,2,4,indefinite,indefinite,pronominal,nonpronomial,preposition,nonshifted,postverbal
sledovala,,Acc,návrat osadenstva vily,z obloka,3,2,1,3,2,indefinite,indefinite,nonpronomial,nonpronomial,preposition,shifted,postverbal
vyhodila,,Acc,tranzistor,z obloka,1,2,-1,2,4,indefinite,indefinite,nonpronomial,nonpronomial,preposition,nonshifted,postverbal
Vlievali,,Acc,chrabrosť,do duše,1,2,-1,4,3,indefinite,indefinite,nonpronomial,nonpronomial,preposition,shifted,postverbal
Robili,,Acc,to,v mori,1,2,-1,2,4,indefinite,indefinite,nonpronomial,nonpronomial,preposition,nonshifted,postverbal
pritisla,,Acc,ma,k sebe,1,2,-1,1,3,indefinite,indefinite,pronominal,pronominal,preposition,nonshifted,postverbal
je,,Dat,mi,do smiechu,1,2,-1,1,3,indefinite,indefinite,pronominal,nonpronomial,preposition,nonshifted,postverbal
uverejnili,,Acc,nejakú báseň,na jeho stránkach,2,3,-1,5,3,indefinite,indefinite,nonpronomial,nonpronomial,preposition,shifted,postverbal
nevmietla,,Acc,nijaký prívlastok,do tváre,2,2,0,5,3,indefinite,indefinite,nonpronomial,nonpronomial,preposition,shifted,postverbal
Pocítil,,Acc,jej prsia,na hrudi,2,2,0,5,3,indefinite,indefinite,nonpronomial,nonpronomial,preposition,shifted,postverbal
Mal,,Acc,dlhý čierny kabát,na sebe,3,2,1,5,2,indefinite,indefinite,nonpronomial,pronominal,preposition,shifted,postverbal
vzala,,Acc,ma,za ruku,1,2,-1,1,3,indefinite,indefinite,pronominal,nonpronomial,preposition,nonshifted,postverbal
Zaviedla,,Acc,ma,na chodbu,1,2,-1,1,3,indefinite,indefinite,pronominal,nonpronomial,preposition,nonshifted,postverbal
vzbudila,,Acc,určité podozrenie,vo mne,2,2,0,4,2,indefinite,indefinite,nonpronomial,pronominal,preposition,shifted,postverbal
vypustil,,Acc,dušu,vo chvíli keď dosiahol orgazmus,1,5,-4,1,3,indefinite,indefinite,nonpronomial,nonpronomial,preposition,nonshifted,postverbal
mal,,Acc,nerozumnú dávku alkoholu,v sebe,3,2,1,5,3,indefinite,indefinite,nonpronomial,pronominal,preposition,shifted,postverbal
Vysvetlila,,Acc,môj výrok ohľadom časopisov,v konkrétnom zmysle,4,3,1,2,7,indefinite,indefinite,nonpronomial,nonpronomial,preposition,nonshifted,postverbal
uverejní,,Acc,jednu poviedku,v poslednom septembrovom čísle,2,4,-2,2,6,indefinite,indefinite,nonpronomial,nonpronomial,preposition,nonshifted,postverbal
odhalila,,Acc,jeho prítomnosť,s oneskorením,2,2,0,2,4,indefinite,indefinite,nonpronomial,nonpronomial,preposition,nonshifted,postverbal
Pobozkal,,Acc,ju,aj na oči,1,3,-2,2,5,indefinite,indefinite,pronominal,nonpronomial,preposition,nonshifted,postverbal
mal,,Acc,Faiku,pred svojím duševným zrakom,1,4,-3,6,5,indefinite,indefinite,nonpronomial,nonpronomial,preposition,shifted,postverbal
hľadali,,Acc,nejaký rám s oficiálnym portrétom,pri okne so železnými prútmi,5,5,0,7,2,indefinite,indefinite,nonpronomial,nonpronomial,preposition,shifted,postverbal
vybral,,Acc,fľašu whisky,z tašky,2,2,0,3,2,indefinite,indefinite,nonpronomial,nonpronomial,preposition,shifted,postverbal
lial,,Acc,whisky,do seba,1,2,-1,4,3,indefinite,indefinite,nonpronomial,pronominal,preposition,shifted,postverbal
vložila,,Acc,ten lístok,do zásuvky,2,2,0,2,4,indefinite,indefinite,nonpronomial,nonpronomial,preposition,nonshifted,postverbal
vytiahla,,Acc,kľúč s ťažkým bronzovým štítkom na ktorom bolo číslo izby,z nej,10,2,8,3,2,indefinite,indefinite,nonpronomial,pronominal,preposition,shifted,postverbal
strčila,,Acc,ho,do ruky,1,2,-1,2,4,indefinite,indefinite,pronominal,nonpronomial,preposition,nonshifted,postverbal
Nechal,,Acc,kľúč,u nej,1,2,-1,4,3,indefinite,indefinite,nonpronomial,pronominal,preposition,shifted,postverbal
Hral,,Acc,hlavného hrdinu,v tom filme,2,3,-1,5,3,indefinite,indefinite,nonpronomial,nonpronomial,preposition,shifted,postverbal
bolo,,Dat,mi,do plaču,1,2,-1,1,3,indefinite,indefinite,pronominal,nonpronomial,preposition,nonshifted,postverbal
mala,,Acc,čierno bielu uniformu,na sebe,3,2,1,6,2,indefinite,indefinite,nonpronomial,pronominal,preposition,shifted,postverbal
roztiahla,,Acc,pery,do úsmevu,1,2,-1,1,3,indefinite,indefinite,nonpronomial,nonpronomial,preposition,nonshifted,postverbal
roztiahla,,Acc,pery,do úsmevu,1,2,-1,1,3,indefinite,indefinite,nonpronomial,nonpronomial,preposition,nonshifted,postverbal
mal,,Acc,jednu z nich,pred sebou,3,2,1,3,2,indefinite,indefinite,nonpronomial,pronominal,preposition,shifted,postverbal
potrebujem,,Acc,nejaké dievča,na noc,2,2,0,4,2,indefinite,indefinite,nonpronomial,nonpronomial,preposition,shifted,postverbal
Stisla,,Acc,peniaze,v ruke,1,2,-1,1,3,indefinite,indefinite,nonpronomial,nonpronomial,preposition,nonshifted,postverbal
mala,,Acc,služobnú uniformu čiernu sukňu a letnú bielu blúzku s krátkymi rukávmi,na sebe,11,2,9,4,2,indefinite,indefinite,nonpronomial,pronominal,preposition,shifted,postverbal
neprečítal,,Acc,nič,v ňom,1,2,-1,4,3,indefinite,indefinite,pronominal,pronominal,preposition,shifted,postverbal
Zovrel,,Acc,jej tvár,do obidvoch rúk,2,3,-1,3,6,indefinite,indefinite,nonpronomial,nonpronomial,preposition,nonshifted,postverbal
má,,Acc,moju chlpatú hruď,na mysli,3,2,1,5,2,indefinite,indefinite,nonpronomial,nonpronomial,preposition,shifted,postverbal
Pocítil,,Acc,tlak jej pevných okrúhlych pŕs,na hrudi,5,2,3,4,3,indefinite,indefinite,nonpronomial,nonpronomial,preposition,shifted,postverbal
Hľadala,,Acc,čosi,v šatách,1,2,-1,1,3,indefinite,indefinite,pronominal,nonpronomial,preposition,nonshifted,postverbal
Vylial,,Acc,zvyšnú vodku,do pohára,2,2,0,3,5,indefinite,indefinite,nonpronomial,nonpronomial,preposition,nonshifted,postverbal
mal,,Acc,Lorinu tvár,pred sebou,2,2,0,4,2,indefinite,indefinite,nonpronomial,pronominal,preposition,shifted,postverbal
Položil,,Acc,pohár,na stôl,1,2,-1,2,4,indefinite,indefinite,nonpronomial,nonpronomial,preposition,nonshifted,postverbal
Zahľadela,,Dat,mi,do očí,1,2,-1,2,4,indefinite,indefinite,pronominal,nonpronomial,preposition,nonshifted,postverbal
Mala,,Acc,len podprsenku a nohavičky,na sebe,4,2,2,4,2,indefinite,indefinite,nonpronomial,pronominal,preposition,shifted,postverbal
pobozkať,,Acc,ju,na pery,1,2,-1,1,3,indefinite,indefinite,pronominal,nonpronomial,preposition,nonshifted,postverbal
Vybral,,Acc,pokrčený oblek,z neho,2,2,0,5,3,indefinite,indefinite,nonpronomial,pronominal,preposition,shifted,postverbal
zistiť,,Acc,nijaké podrobnosti,u kompetentných orgánov,2,3,-1,5,3,indefinite,indefinite,nonpronomial,nonpronomial,preposition,shifted,postverbal
Predal,,Acc,ich,za cenu aká bola uvedená na novinách,1,7,-6,2,4,indefinite,indefinite,pronominal,nonpronomial,preposition,nonshifted,postverbal
Nemajú,,Acc,čas ani myseľ,na spory ktoré by mohli vyplynúť z ich odlišných vyznaní,3,10,-7,1,5,indefinite,indefinite,nonpronomial,nonpronomial,preposition,nonshifted,postverbal
zatláča,,Acc,náboženské rozdiely,do úzadia,2,2,0,2,4,indefinite,indefinite,nonpronomial,nonpronomial,preposition,nonshifted,postverbal
miešala,,Acc,vriacu tekutinu,v kotli,2,2,0,4,2,indefinite,indefinite,nonpronomial,nonpronomial,preposition,shifted,postverbal
vypadlo,,Dat,dievčine,z ruky,1,2,-1,1,3,indefinite,indefinite,nonpronomial,nonpronomial,preposition,nonshifted,postverbal
Mal,,Acc,Aladina,na mysli,1,2,-1,3,2,indefinite,indefinite,nonpronomial,nonpronomial,preposition,shifted,postverbal
priviedla,,Acc,princeznú,do izbietky na samom vrchu vežičky,1,6,-5,1,3,indefinite,indefinite,nonpronomial,nonpronomial,preposition,nonshifted,postverbal
pozhŕňal,,Acc,mince,do hnedého plátenného mešca,1,4,-3,1,5,indefinite,indefinite,nonpronomial,nonpronomial,preposition,nonshifted,postverbal
mal,,Acc,vidly alebo sekeru,v rukách,3,2,1,5,4,indefinite,indefinite,nonpronomial,nonpronomial,preposition,shifted,postverbal
Vybral,,Acc,dlhú striebornú dýku,z nej,3,2,1,5,2,indefinite,indefinite,nonpronomial,pronominal,preposition,shifted,postverbal
vzala,,Acc,tigríča,do svojej postele,1,3,-2,1,4,indefinite,indefinite,nonpronomial,nonpronomial,preposition,nonshifted,postverbal
kládli,,Acc,ťažký strieborný podnos s polguľovitým vrchnákom,na stôl,6,2,4,5,2,indefinite,indefinite,nonpronomial,nonpronomial,preposition,shifted,postverbal
Pripravuje,,Acc,ju,podľa starého rodinného receptu,1,4,-3,1,5,indefinite,indefinite,pronominal,nonpronomial,preposition,nonshifted,postverbal
Vytiahol,,Acc,mešec,z vrecka,1,2,-1,3,2,indefinite,indefinite,nonpronomial,nonpronomial,preposition,shifted,postverbal
zdvihol,,Acc,ho,do výšky,1,2,-1,1,3,indefinite,indefinite,pronominal,nonpronomial,preposition,nonshifted,postverbal
cmukol,,Acc,veľký uslintaný bozk,na líce,3,2,1,6,3,indefinite,indefinite,nonpronomial,nonpronomial,preposition,shifted,postverbal
strčil,,Acc,nohu,do dverí,1,2,-1,1,3,indefinite,indefinite,nonpronomial,nonpronomial,preposition,nonshifted,postverbal
vysypal,,Acc,zlaté mince,na zem,2,2,0,2,4,indefinite,indefinite,nonpronomial,nonpronomial,preposition,nonshifted,postverbal
pozrel,,Dat,dcére,cez plece,1,2,-1,1,3,indefinite,indefinite,nonpronomial,nonpronomial,preposition,nonshifted,postverbal
strčil,,Acc,hlavu,do mešca,1,2,-1,1,3,indefinite,indefinite,nonpronomial,nonpronomial,preposition,nonshifted,postverbal
pohladkal,,Acc,Abua,po hlave,1,2,-1,1,3,indefinite,indefinite,nonpronomial,nonpronomial,preposition,nonshifted,postverbal
pohladkal,,Acc,Rahima,po hlave,1,2,-1,1,3,indefinite,indefinite,nonpronomial,nonpronomial,preposition,nonshifted,postverbal
dal,,Acc,raz toľko ako potreboval,na opravu strechy,4,3,1,6,3,indefinite,indefinite,nonpronomial,nonpronomial,preposition,shifted,postverbal
dal,,Acc,peniaze,v ten deň,1,3,-2,5,4,indefinite,indefinite,nonpronomial,nonpronomial,preposition,shifted,postverbal
súril,,Acc,Jazmínu,do paláca,1,2,-1,1,3,indefinite,indefinite,nonpronomial,nonpronomial,preposition,nonshifted,postverbal
zbadal,,Acc,jasnovidca,pred sebou,1,2,-1,4,3,indefinite,indefinite,nonpronomial,pronominal,preposition,shifted,postverbal
Siahol,,Dat,mu,do vrecka na šatách,1,4,-3,1,3,indefinite,indefinite,pronominal,nonpronomial,preposition,nonshifted,postverbal
mal,,Acc,veľký červený rubín,na dlani,3,2,1,5,2,indefinite,indefinite,nonpronomial,nonpronomial,preposition,shifted,postverbal
Mala,,Acc,obnosené no zato pestré šaty,na sebe,5,2,3,8,2,indefinite,indefinite,nonpronomial,pronominal,preposition,shifted,postverbal
vytiahol,,Acc,menšiu krištáľovú guľu,z vrecka šiat,3,3,0,6,2,indefinite,indefinite,nonpronomial,nonpronomial,preposition,shifted,postverbal
ťahala,,Acc,ich,k dverám,1,2,-1,1,3,indefinite,indefinite,pronominal,nonpronomial,preposition,nonshifted,postverbal
dali,,Acc,malinovku,v kaviarni,1,2,-1,7,6,indefinite,indefinite,nonpronomial,nonpronomial,preposition,shifted,postverbal
hľadala,,Acc,Koru,po dome,1,2,-1,1,3,indefinite,indefinite,nonpronomial,nonpronomial,preposition,nonshifted,postverbal
položil,,Acc,ju,ku kamennému prístrešku,1,3,-2,1,4,indefinite,indefinite,pronominal,nonpronomial,preposition,nonshifted,postverbal
chytil,,Acc,stonožku,do slučky,1,2,-1,1,3,indefinite,indefinite,nonpronomial,nonpronomial,preposition,nonshifted,postverbal
mali,,Acc,obydlie pre Chuchlíka,pod strechou,3,2,1,1,5,indefinite,indefinite,nonpronomial,nonpronomial,preposition,nonshifted,postverbal
Spoznal,,Acc,vajíčka,na prvý pohľad,1,3,-2,1,4,indefinite,indefinite,nonpronomial,nonpronomial,preposition,nonshifted,postverbal
Máš,,Acc,hlavu,na to,1,2,-1,3,2,indefinite,indefinite,nonpronomial,nonpronomial,preposition,shifted,postverbal
urobil,,Acc,tri krížiky,na dokumente,2,2,0,4,2,indefinite,indefinite,nonpronomial,nonpronomial,preposition,shifted,postverbal
zavolá,,Acc,Ferdu,na pomoc,1,2,-1,1,3,indefinite,indefinite,nonpronomial,nonpronomial,preposition,nonshifted,postverbal
priviedli,,Acc,kravičky,do mravčích chlievov,1,3,-2,1,4,indefinite,indefinite,nonpronomial,nonpronomial,preposition,nonshifted,postverbal
zastali,,Dat,Hádesovi,pri nohách,1,2,-1,1,3,indefinite,indefinite,nonpronomial,nonpronomial,preposition,nonshifted,postverbal
navštívil,,Acc,Dia,v chráme,1,2,-1,3,2,indefinite,indefinite,nonpronomial,nonpronomial,preposition,shifted,postverbal
nasledoval,,Acc,kobylu,do neďalekej stajne,1,3,-2,1,4,indefinite,indefinite,nonpronomial,nonpronomial,preposition,nonshifted,postverbal
vyslobodil,,Acc,Titanov,z podzemného väzenia,1,3,-2,1,4,indefinite,indefinite,nonpronomial,nonpronomial,preposition,nonshifted,postverbal
začula,,Acc,známe erdžanie,z neďalekej stajne,2,3,-1,6,4,indefinite,indefinite,nonpronomial,nonpronomial,preposition,shifted,postverbal
má,,Acc,Meg,na mysli,1,2,-1,3,2,indefinite,indefinite,nonpronomial,nonpronomial,preposition,shifted,postverbal
vynášal,,Acc,Meg,z jaskyne smrti,1,3,-2,1,3,indefinite,indefinite,nonpronomial,nonpronomial,preposition,nonshifted,postverbal
stiahli,,Acc,pána podsvetia,medzi seba,2,2,0,1,4,indefinite,indefinite,nonpronomial,pronominal,preposition,nonshifted,postverbal
odniesol,,Acc,Meginho ducha,k telu,2,2,0,2,4,indefinite,indefinite,nonpronomial,nonpronomial,preposition,nonshifted,postverbal
odniesol,,Acc,ho,k jaskyni,1,2,-1,1,3,indefinite,indefinite,pronominal,nonpronomial,preposition,nonshifted,postverbal
vopchal,,Acc,ňufák,do košíka,1,2,-1,3,2,indefinite,indefinite,nonpronomial,nonpronomial,preposition,shifted,postverbal
brával,,Acc,Mauglího,na potulky džungľou,1,3,-2,1,3,indefinite,indefinite,nonpronomial,nonpronomial,preposition,nonshifted,postverbal
Pozeraj,,Dat,mi,do očí,1,2,-1,1,3,indefinite,indefinite,pronominal,nonpronomial,preposition,nonshifted,postverbal
Vediem,,Acc,ho,do osady,1,2,-1,1,3,indefinite,indefinite,pronominal,nonpronomial,preposition,nonshifted,postverbal
tancoval,,Dat,Balúovi,pred nosom,1,2,-1,1,3,indefinite,indefinite,nonpronomial,nonpronomial,preposition,nonshifted,postverbal
vyskočil,,Dat,medveďovi,na brucho,1,2,-1,1,3,indefinite,indefinite,nonpronomial,nonpronomial,preposition,nonshifted,postverbal
bežal,,Dat,im,na pomoc,1,2,-1,1,3,indefinite,indefinite,pronominal,nonpronomial,preposition,nonshifted,postverbal
Pustite,,Acc,ma,na zem,1,2,-1,1,3,indefinite,indefinite,pronominal,nonpronomial,preposition,nonshifted,postverbal
má,,Acc,veľký deň,za sebou,2,2,0,4,2,indefinite,indefinite,nonpronomial,pronominal,preposition,shifted,postverbal
Vezmeš,,Acc,Mauglího,do osady,1,2,-1,1,3,indefinite,indefinite,nonpronomial,nonpronomial,preposition,nonshifted,postverbal
nenašiel,,Acc,nič,v záhyboch Káaovho tela,1,4,-3,5,2,indefinite,indefinite,pronominal,nonpronomial,preposition,shifted,postverbal
zložili,,Acc,Mauglího,na zem,1,2,-1,1,3,indefinite,indefinite,nonpronomial,nonpronomial,preposition,nonshifted,postverbal
hodil,,Dat,mu,okolo krku,1,2,-1,2,4,indefinite,indefinite,pronominal,nonpronomial,preposition,nonshifted,postverbal
vzal,,Acc,Mauglího,na plecia,1,2,-1,2,4,indefinite,indefinite,nonpronomial,nonpronomial,preposition,nonshifted,postverbal
zviazal,,Acc,ho,do snopu,1,2,-1,1,3,indefinite,indefinite,pronominal,nonpronomial,preposition,nonshifted,postverbal
Vzala,,Acc,Maju,za ruku,1,2,-1,1,3,indefinite,indefinite,nonpronomial,nonpronomial,preposition,nonshifted,postverbal
odviedla,,Acc,ju,do miestnosti kde boli samé medové plásty,1,7,-6,1,3,indefinite,indefinite,pronominal,nonpronomial,preposition,nonshifted,postverbal
opustilo,,Acc,mesto,s novou kráľovnou,1,3,-2,1,4,indefinite,indefinite,nonpronomial,nonpronomial,preposition,nonshifted,postverbal
hodil,,Acc,kúsok medu,na zem,2,2,0,3,2,indefinite,indefinite,nonpronomial,nonpronomial,preposition,shifted,postverbal
trepal,,Ins,nôžkami,vo vzduchu,1,2,-1,3,2,indefinite,indefinite,nonpronomial,nonpronomial,preposition,shifted,postverbal
Zbadala,,Acc,ho,na steble trávy,1,3,-2,1,3,indefinite,indefinite,pronominal,nonpronomial,preposition,nonshifted,postverbal
Chytila,,Acc,Petronilu,pod krk,1,2,-1,1,3,indefinite,indefinite,nonpronomial,nonpronomial,preposition,nonshifted,postverbal
stretla,,Acc,čudného tvora,na malinčí,2,2,0,4,2,indefinite,indefinite,nonpronomial,nonpronomial,preposition,shifted,postverbal
škriabal,,Acc,tie svoje znaky,na papier,3,2,1,5,2,indefinite,indefinite,nonpronomial,nonpronomial,preposition,shifted,postverbal
trepal,,Ins,nohami,zo všetkých síl,1,3,-2,2,5,indefinite,indefinite,nonpronomial,nonpronomial,preposition,nonshifted,postverbal
uvidela,,Acc,svetlovlasé spiace dievčatko v červených šatôčkach,v tráve,6,2,4,5,2,indefinite,indefinite,nonpronomial,nonpronomial,preposition,shifted,postverbal
vzal,,Acc,Maju,za ruku,1,2,-1,1,3,indefinite,indefinite,nonpronomial,nonpronomial,preposition,nonshifted,postverbal
Stretla,,Acc,ho,v tieni čiernej bazy,1,4,-3,1,3,indefinite,indefinite,pronominal,nonpronomial,preposition,nonshifted,postverbal
hodili,,Acc,Maju,do väzenia kde boli aj iné zvieratká,1,7,-6,1,3,indefinite,indefinite,nonpronomial,nonpronomial,preposition,nonshifted,postverbal
pozval,,Acc,všetkých,na koncert pri príležitosti krásneho letného večera,1,7,-6,1,3,indefinite,indefinite,nonpronomial,nonpronomial,preposition,nonshifted,postverbal
prilákali,,Acc,muža čo okopával záhradku,k studni,4,2,2,3,2,indefinite,indefinite,nonpronomial,nonpronomial,preposition,shifted,postverbal
mal,,,spústu fanúšikov,v hľadisku,2,2,0,3,2,indefinite,indefinite,nonpronomial,nonpronomial,preposition,shifted,postverbal
odniesol,,Acc,víťaza,medzi jasajúcich divákov,1,3,-2,1,4,indefinite,indefinite,nonpronomial,nonpronomial,preposition,nonshifted,postverbal
držal,,Acc,pavúka,v šachu,1,2,-1,1,3,indefinite,indefinite,nonpronomial,nonpronomial,preposition,nonshifted,postverbal
vybojovali,,Acc,víťaznú vodnú bitvu,pri brehu,3,2,1,5,2,indefinite,indefinite,nonpronomial,nonpronomial,preposition,shifted,postverbal
urobila,,Acc,trampolínu,z nosidiel,1,2,-1,3,2,indefinite,indefinite,nonpronomial,nonpronomial,preposition,shifted,postverbal
mala,,Acc,slzy,na krajíčku,1,2,-1,1,3,indefinite,indefinite,nonpronomial,nonpronomial,preposition,nonshifted,postverbal
stratil,,Acc,vedomie,pri nehode,1,2,-1,3,2,indefinite,indefinite,nonpronomial,nonpronomial,preposition,shifted,postverbal
dala,,Acc,veľkú pusu,od radosti,2,2,0,5,3,indefinite,indefinite,nonpronomial,nonpronomial,preposition,shifted,postverbal
kontrolovali,,Acc,teplotu,na teplomeri,1,2,-1,3,2,indefinite,indefinite,nonpronomial,nonpronomial,preposition,shifted,postverbal
Prihlásime,,Acc,ho,do vzpieračskej súťaže,1,3,-2,1,4,indefinite,indefinite,pronominal,nonpronomial,preposition,nonshifted,postverbal
vzal,,Acc,všetkých susedov,so sebou,2,2,0,4,2,indefinite,indefinite,nonpronomial,pronominal,preposition,shifted,postverbal
posunul,,Acc,slnečné okuliare,na čelo,2,2,0,4,2,indefinite,indefinite,nonpronomial,nonpronomial,preposition,shifted,postverbal
Pustil,,Acc,fľašu,z kopca,1,2,-1,1,3,indefinite,indefinite,nonpronomial,nonpronomial,preposition,nonshifted,postverbal
zaviedla,,Gen,hostí,na slávnostne vyzdobenú lúku,1,4,-3,1,5,indefinite,indefinite,nonpronomial,nonpronomial,preposition,nonshifted,postverbal
urobili,,Acc,kĺzačku kde šantili deti,na jednom krtinci,4,3,1,4,3,indefinite,indefinite,nonpronomial,nonpronomial,preposition,shifted,postverbal
vytiahli,,Acc,deky,až pod nos,1,3,-2,2,5,indefinite,indefinite,nonpronomial,nonpronomial,preposition,nonshifted,postverbal
zbadal,,Acc,hlúčik tulákov,v kroví,2,2,0,3,2,indefinite,indefinite,nonpronomial,nonpronomial,preposition,shifted,postverbal
vzali,,Acc,Vilka,medzi seba,1,2,-1,1,3,indefinite,indefinite,nonpronomial,pronominal,preposition,nonshifted,postverbal
roznášal,,Acc,dobrú náladu,po lúke,2,2,0,4,2,indefinite,indefinite,nonpronomial,nonpronomial,preposition,shifted,postverbal
Vyvesili,,Acc,text,na tabuľu,1,2,-1,3,2,indefinite,indefinite,nonpronomial,nonpronomial,preposition,shifted,postverbal
vyložili,,Acc,vankúše,do okien,1,2,-1,3,2,indefinite,indefinite,nonpronomial,nonpronomial,preposition,shifted,postverbal
usporiadala,,Acc,rannú rozcvičku,na čistinke,2,2,0,4,2,indefinite,indefinite,nonpronomial,nonpronomial,preposition,shifted,postverbal
odnesiem,,Acc,ťa,do hniezda,1,2,-1,2,4,indefinite,indefinite,pronominal,nonpronomial,preposition,nonshifted,postverbal
Odvliekla,,Acc,princa,na svoj zámok,1,3,-2,1,4,indefinite,indefinite,nonpronomial,nonpronomial,preposition,nonshifted,postverbal
uvrhla,,Acc,ho,do temnice,1,2,-1,1,3,indefinite,indefinite,pronominal,nonpronomial,preposition,nonshifted,postverbal
postavila,,Acc,múr z tŕňových krov,do cesty,4,2,2,3,2,indefinite,indefinite,nonpronomial,nonpronomial,preposition,shifted,postverbal
vyrazili,,Acc,štít,z ruky,1,2,-1,2,4,indefinite,indefinite,nonpronomial,nonpronomial,preposition,nonshifted,postverbal
priviedla,,Acc,dieťa,k svojej rodine,1,3,-2,1,4,indefinite,indefinite,nonpronomial,nonpronomial,preposition,nonshifted,postverbal
priložila,,Acc,ucho,k jej srdcu,1,3,-2,1,4,indefinite,indefinite,nonpronomial,nonpronomial,preposition,nonshifted,postverbal
trhalo,,Acc,obrázok,z rúk,1,2,-1,2,4,indefinite,indefinite,nonpronomial,nonpronomial,preposition,nonshifted,postverbal
má,,Acc,zmätok,v hlave,1,2,-1,3,2,indefinite,indefinite,nonpronomial,nonpronomial,preposition,shifted,postverbal
pousádzala,,Acc,ich,okolo stola,1,2,-1,1,3,indefinite,indefinite,pronominal,nonpronomial,preposition,nonshifted,postverbal
nechce,,Acc,Cyrila a Metoda,na verejnom priestranstve,3,3,0,1,6,indefinite,indefinite,nonpronomial,nonpronomial,preposition,nonshifted,postverbal
