Verb,Verb_case,Obj_case,NP,PP,NP_len,PP_len,Len_diff,V_NP_d,V_PP_d,NP_definiteness,PP_definiteness,NP_pronominality,PP_pronominality,ADP,Shift,PrePost
refirió,,ase=Npr,se,En este sentido,1,3,-2,1,2,indefinite,indefinite,pronominal,nonpronomial,preposition,nonshifted,preverbal
destaca,,ase=Npr,se,en el que,1,3,-2,1,2,indefinite,definite,pronominal,pronominal,preposition,nonshifted,preverbal
registró,,ase=Npr,se,a lo largo de la década de los noventa,1,9,-8,1,5,indefinite,definite,pronominal,nonpronomial,preposition,nonshifted,preverbal
encontrarán,,ase=Npr,se,Entre el 5 y el 6 de junio,1,8,-7,1,7,indefinite,definite,pronominal,nonpronomial,preposition,nonshifted,preverbal
tratarán,,ase=Npr,se,en el que,1,3,-2,1,2,indefinite,definite,pronominal,pronominal,preposition,nonshifted,preverbal
exige,,ase=Npr,se,durante el cual,1,3,-2,1,2,indefinite,definite,pronominal,pronominal,preposition,nonshifted,preverbal
exige,,ase=Npr,se,en la que,1,3,-2,1,2,indefinite,definite,pronominal,pronominal,preposition,nonshifted,preverbal
espera,,ase=Npr,se,Para las elecciones,1,3,-2,1,3,indefinite,definite,pronominal,nonpronomial,preposition,nonshifted,preverbal
tiene,,,que,sobre esta,1,2,-1,3,1,indefinite,indefinite,pronominal,pronominal,preposition,shifted,preverbal
encuentran,,ase=Npr,se,entre los que,1,3,-2,1,2,indefinite,definite,pronominal,pronominal,preposition,nonshifted,preverbal
desarrollado,,ase=Npr,se,en que,1,2,-1,2,3,indefinite,indefinite,pronominal,pronominal,preposition,nonshifted,preverbal
reúnen,,ase=Npr,se,en que,1,2,-1,1,2,indefinite,indefinite,pronominal,pronominal,preposition,nonshifted,preverbal
dan,,ase=Npr,se,Al mismo tiempo,1,3,-2,1,3,indefinite,indefinite,pronominal,nonpronomial,preposition,nonshifted,preverbal
alojará,,ase=Npr,se,en el que,1,3,-2,1,2,indefinite,definite,pronominal,pronominal,preposition,nonshifted,preverbal
aseguró,,ase=Npr,se,Durante la reunión,1,3,-2,1,2,indefinite,definite,pronominal,nonpronomial,preposition,nonshifted,preverbal
perdido,,ase=Npr,se,en los tres primeros meses del año 2000,1,8,-7,2,6,indefinite,definite,pronominal,nonpronomial,preposition,nonshifted,preverbal
registrado,,ase=Npr,se,Desde el 17 de mayo de 1997 fecha de entrada en vigor de la reforma laboral,1,16,-15,2,18,indefinite,definite,pronominal,nonpronomial,preposition,nonshifted,preverbal
exige,,ase=Npr,se,en el cual,1,3,-2,1,2,indefinite,definite,pronominal,pronominal,preposition,nonshifted,preverbal
consolide,,ase=Npr,se,en que,1,2,-1,1,2,indefinite,indefinite,pronominal,pronominal,preposition,nonshifted,preverbal
afronte,,ase=Npr,se,mediante el diálogo social,1,4,-3,1,3,indefinite,definite,pronominal,nonpronomial,preposition,nonshifted,preverbal
registrado,,ase=Npr,se,Desde el 17 de mayo de 1997 fecha de entrada en vigor de la reforma laboral,1,16,-15,2,18,indefinite,definite,pronominal,nonpronomial,preposition,nonshifted,preverbal
cotizaba,,ase=Npr,se,a las 15.35 GMT,1,4,-3,1,3,indefinite,definite,pronominal,nonpronomial,preposition,nonshifted,preverbal
considera,,ase=Npr,se,A nivel técnico,1,3,-2,1,4,indefinite,indefinite,pronominal,nonpronomial,preposition,nonshifted,preverbal
mantenía,,ase=Npr,se,en los que,1,3,-2,1,2,indefinite,definite,pronominal,pronominal,preposition,nonshifted,preverbal
aplican,,ase=Npr,se,por lo que,1,3,-2,1,2,indefinite,definite,pronominal,pronominal,preposition,nonshifted,preverbal
presentó,,ase=Npr,se,a la que,1,3,-2,1,2,indefinite,definite,pronominal,pronominal,preposition,nonshifted,preverbal
propone,,ase=Npr,se,por lo que,1,3,-2,1,2,indefinite,definite,pronominal,pronominal,preposition,nonshifted,preverbal
teme,,ase=Npr,se,en medios del Partido Laborista que preside el primer ministro Ehud Barak y cuyo Comité Central confirma hoy su candidatura,1,20,-19,1,22,indefinite,indefinite,pronominal,nonpronomial,preposition,nonshifted,preverbal
liberado,,ase=Npr,se,con la historia despiadada y divertida,1,6,-5,2,7,indefinite,definite,pronominal,nonpronomial,preposition,nonshifted,preverbal
desprende,,ase=Npr,se,del índice,1,2,-1,1,2,indefinite,indefinite,pronominal,nonpronomial,preposition,nonshifted,preverbal
pone,,,al excesivo entusiasmo que produjo lo que se llamó español atlántico,Por eso,11,2,9,15,19,indefinite,indefinite,nonpronomial,pronominal,preposition,nonshifted,preverbal
hacinan,,ase=Npr,se,en donde,1,2,-1,1,2,indefinite,indefinite,pronominal,pronominal,preposition,nonshifted,preverbal
dieron,,Dat,le,Por todo esto,1,3,-2,1,2,indefinite,indefinite,pronominal,pronominal,preposition,nonshifted,preverbal
desmienten,,ase=Npr,la,a los dos días,1,4,-3,1,2,indefinite,definite,pronominal,nonpronomial,preposition,nonshifted,preverbal
llama,,ase=Npr,se,Por qué,1,2,-1,1,2,indefinite,indefinite,pronominal,pronominal,preposition,nonshifted,preverbal
cubre,,ase=Npr,se,con que,1,2,-1,1,2,indefinite,indefinite,pronominal,pronominal,preposition,nonshifted,preverbal
quemó,,ase=Npr,la,en octubre de 1987,1,4,-3,1,4,indefinite,indefinite,pronominal,nonpronomial,preposition,nonshifted,preverbal
entendió,,ase=Npr,se,en España,1,2,-1,1,2,indefinite,indefinite,pronominal,nonpronomial,preposition,nonshifted,preverbal
parece,,ase=Npr,se,En eso,1,2,-1,1,2,indefinite,indefinite,pronominal,pronominal,preposition,nonshifted,preverbal
descolgó,,ase=Npr,se,con las que,1,3,-2,1,2,indefinite,definite,pronominal,pronominal,preposition,nonshifted,preverbal
proyectábamos,,,que,sobre ese mundo,1,3,-2,4,1,indefinite,indefinite,pronominal,nonpronomial,preposition,shifted,preverbal
asentado,,ase=Npr,se,desde la violencia,1,3,-2,2,3,indefinite,definite,pronominal,nonpronomial,preposition,nonshifted,preverbal
asemejado,,ase=Npr,se,en alguna medida,1,3,-2,2,4,indefinite,indefinite,pronominal,nonpronomial,preposition,nonshifted,preverbal
convierte,,ase=Npr,se,De cazador,1,2,-1,1,2,indefinite,indefinite,pronominal,nonpronomial,preposition,nonshifted,preverbal
lleven,,ase=Npr,se,en su territorio,1,3,-2,1,3,indefinite,indefinite,pronominal,nonpronomial,preposition,nonshifted,preverbal
mantuvieron,,ase=Npr,me,durante tanto tiempo,1,3,-2,1,2,indefinite,indefinite,pronominal,nonpronomial,preposition,nonshifted,preverbal
señalado,,ase=Npr,nos,en los 17 partidos de la Liga ACB,1,8,-7,2,7,indefinite,indefinite,pronominal,nonpronomial,preposition,nonshifted,preverbal
acabado,,ase=Npr,se,en enero,1,2,-1,2,3,indefinite,indefinite,pronominal,nonpronomial,preposition,nonshifted,preverbal
vean,,ase=Npr,se,en su desesperación,1,3,-2,1,3,indefinite,indefinite,pronominal,nonpronomial,preposition,nonshifted,preverbal
criticar,,ase=Npr,se,En otros casos,1,3,-2,2,3,indefinite,indefinite,pronominal,nonpronomial,preposition,nonshifted,preverbal
echa,,ase=Npr,se,en los que,1,3,-2,1,2,indefinite,definite,pronominal,pronominal,preposition,nonshifted,preverbal
comentaban,,ase=Npr,se,a veces,1,2,-1,1,2,indefinite,indefinite,pronominal,nonpronomial,preposition,nonshifted,preverbal
seguir,,ase=Npr,se,con que,1,2,-1,2,3,indefinite,indefinite,pronominal,pronominal,preposition,nonshifted,preverbal
dicho,,ase=Npr,se,De ella,1,2,-1,2,3,indefinite,indefinite,pronominal,pronominal,preposition,nonshifted,preverbal
formaron,,ase=Npr,se,en los que,1,3,-2,1,2,indefinite,definite,pronominal,pronominal,preposition,nonshifted,preverbal
encuentran,,ase=Npr,se,Entre las pocas medidas efectivas que pueden adoptar se para evitar las,1,12,-11,1,11,indefinite,definite,pronominal,nonpronomial,preposition,nonshifted,preverbal
colocan,,ase=Npr,se,En algunas zonas,1,3,-2,1,2,indefinite,indefinite,pronominal,nonpronomial,preposition,nonshifted,preverbal
desarrolló,,ase=Npr,se,A partir del siglo IX,1,5,-4,1,3,indefinite,indefinite,pronominal,nonpronomial,preposition,nonshifted,preverbal
restablecer,,ase=Npr,se,en cualquier momento y lugar,1,5,-4,2,5,indefinite,indefinite,pronominal,nonpronomial,preposition,nonshifted,preverbal
cocinando,,ase=Npr,se,en ciertos laboratorios,1,3,-2,2,3,indefinite,indefinite,pronominal,nonpronomial,preposition,nonshifted,preverbal
prohibía,,ase=Npr,se,por el cual,1,3,-2,1,2,indefinite,definite,pronominal,pronominal,preposition,nonshifted,preverbal
verificado,,ase=Npr,se,En nuestro experimento imaginario,1,4,-3,2,4,indefinite,indefinite,pronominal,nonpronomial,preposition,nonshifted,preverbal
colige,,ase=Npr,se,De la descripción del experimento,1,5,-4,1,4,indefinite,definite,pronominal,nonpronomial,preposition,nonshifted,preverbal
medido,,ase=Npr,se,En todos los casos,1,4,-3,2,3,indefinite,definite,pronominal,nonpronomial,preposition,nonshifted,preverbal
consiguió,,ase=Npr,se,En 1960,1,2,-1,1,2,indefinite,indefinite,pronominal,nonpronomial,preposition,nonshifted,preverbal
estimó,,ase=Npr,se,Para el viaje hacia el Este,1,6,-5,1,5,indefinite,definite,pronominal,nonpronomial,preposition,nonshifted,preverbal
constató,,ase=Npr,se,En cuanto a los inconvenientes,1,5,-4,1,3,indefinite,definite,pronominal,nonpronomial,preposition,nonshifted,preverbal
comprobó,,ase=Npr,se,En los años ochenta,1,4,-3,1,3,indefinite,definite,pronominal,nonpronomial,preposition,nonshifted,preverbal
queda,,ase=Npr,se,de la sopa de luces de la pantalla,1,8,-7,1,7,indefinite,definite,pronominal,nonpronomial,preposition,nonshifted,preverbal
demandan,,ase=Npr,se,en cada caso,1,3,-2,2,3,indefinite,indefinite,pronominal,nonpronomial,preposition,nonshifted,preverbal
encuadra,,ase=Npr,se,en los que,1,3,-2,1,2,indefinite,definite,pronominal,pronominal,preposition,nonshifted,preverbal
produce,,ase=Npr,se,a lo largo de cuyos ejes,1,6,-5,1,2,indefinite,indefinite,pronominal,nonpronomial,preposition,nonshifted,preverbal
incluyen,,ase=Npr,se,por lo que,1,3,-2,1,2,indefinite,definite,pronominal,pronominal,preposition,nonshifted,preverbal
sintetizado,,ase=Npr,se,con este propósito,1,3,-2,2,3,indefinite,indefinite,pronominal,nonpronomial,preposition,nonshifted,preverbal
sintetizar,,ase=Npr,se,durante los últimos años,1,4,-3,3,4,indefinite,definite,pronominal,nonpronomial,preposition,nonshifted,preverbal
propuesto,,ase=Npr,se,En aquellos polímeros conductores para los que no es posible la formación de solitones,1,14,-13,2,14,indefinite,indefinite,pronominal,nonpronomial,preposition,nonshifted,preverbal
traducir,,,que,en castellano,1,2,-1,4,2,indefinite,indefinite,pronominal,nonpronomial,preposition,shifted,preverbal
conseguido,,ase=Npr,se,En algunos casos,1,3,-2,2,3,indefinite,indefinite,pronominal,nonpronomial,preposition,nonshifted,preverbal
encontrado,,ase=Npr,se,en los compuestos orgánicos conductores conocidos en los que ha sido evaluado el grado de transferencia de carga,1,18,-17,2,21,indefinite,definite,pronominal,nonpronomial,preposition,nonshifted,preverbal
detectado,,ase=Npr,se,según Georges Balandier,1,3,-2,2,4,indefinite,indefinite,pronominal,nonpronomial,preposition,nonshifted,preverbal
producido,,ase=Npr,se,en que,1,2,-1,2,3,indefinite,indefinite,pronominal,pronominal,preposition,nonshifted,preverbal
tomaba,,ase=Npr,la,en que,1,2,-1,1,2,indefinite,indefinite,pronominal,pronominal,preposition,nonshifted,preverbal
prestó,,ase=Npr,se,Con la reunificación,1,3,-2,1,2,indefinite,definite,pronominal,nonpronomial,preposition,nonshifted,preverbal
encontraban,,ase=Npr,se,entre los que,1,3,-2,1,2,indefinite,definite,pronominal,pronominal,preposition,nonshifted,preverbal
construir,,,el terreno de la casita,a cambio de otra parcela un poco más allá,5,9,-4,20,9,definite,indefinite,nonpronomial,nonpronomial,preposition,shifted,preverbal
necesitarían,,ase=Npr,se,con todo lo que hay que arreglar,1,7,-6,1,7,indefinite,indefinite,pronominal,pronominal,preposition,nonshifted,preverbal
encargó,,ase=Npr,se,En marzo de 1993,1,4,-3,1,4,indefinite,indefinite,pronominal,nonpronomial,preposition,nonshifted,preverbal
llevo,,ase=Npr,me,Con el personal,1,3,-2,1,2,indefinite,definite,pronominal,nonpronomial,preposition,nonshifted,preverbal
falta,,Dat,les,en ocasiones,1,2,-1,1,2,indefinite,indefinite,pronominal,nonpronomial,preposition,nonshifted,preverbal
pareció,,ase=Npr,me,Por eso,1,2,-1,1,2,indefinite,indefinite,pronominal,pronominal,preposition,nonshifted,preverbal
inculcando,,Dat,le,Desde el partido,1,3,-2,2,3,indefinite,definite,pronominal,nonpronomial,preposition,nonshifted,preverbal
considera,,ase=Npr,se,En medios de la lucha contraterrorista,1,6,-5,1,6,indefinite,indefinite,pronominal,nonpronomial,preposition,nonshifted,preverbal
apunta,,ase=Npr,se,En esos medios policiales,1,4,-3,1,3,indefinite,indefinite,pronominal,nonpronomial,preposition,nonshifted,preverbal
convertir,,ase=Npr,me,a los 52,1,3,-2,2,3,indefinite,definite,pronominal,nonpronomial,preposition,nonshifted,preverbal
sugerir,,ase=Npr,se,con los que,1,3,-2,2,3,indefinite,definite,pronominal,pronominal,preposition,nonshifted,preverbal
entretuvo,,ase=Npr,se,durante unos minutos,1,3,-2,1,2,indefinite,indefinite,pronominal,nonpronomial,preposition,nonshifted,preverbal
reflejaba,,ase=Npr,se,en el cristal,1,3,-2,1,2,indefinite,definite,pronominal,nonpronomial,preposition,nonshifted,preverbal
necesita,,ase=Npr,se,en la casa de un hombre solo,1,7,-6,1,6,indefinite,definite,pronominal,nonpronomial,preposition,nonshifted,preverbal
incluían,,ase=Npr,se,Entre las trece posibilidades avanzadas en estos meses por el Gobierno y la Armada,1,14,-13,1,12,indefinite,definite,pronominal,nonpronomial,preposition,nonshifted,preverbal
atribuyeron,,,que,en su día,1,3,-2,5,2,indefinite,indefinite,pronominal,nonpronomial,preposition,shifted,preverbal
alcanzar,,ase=Npr,se,mediante un compromiso serio de políticas económicas y financieras,1,9,-8,2,9,indefinite,indefinite,pronominal,nonpronomial,preposition,nonshifted,preverbal
propició,,ase=Npr,se,En Guadalajara,1,2,-1,1,2,indefinite,indefinite,pronominal,nonpronomial,preposition,nonshifted,preverbal
aprobaron,,ase=Npr,se,Con el lema La educación como base para el desarrollo,1,10,-9,1,12,indefinite,definite,pronominal,nonpronomial,preposition,nonshifted,preverbal
oponen,,ase=Npr,se,en el Congreso,1,3,-2,1,2,indefinite,definite,pronominal,nonpronomial,preposition,nonshifted,preverbal
cerrado,,ase=Npr,se,con el que,1,3,-2,2,3,indefinite,definite,pronominal,pronominal,preposition,nonshifted,preverbal
afectan,,Dat,le,en virtud de los tratados comunitarios,1,6,-5,1,3,indefinite,definite,pronominal,nonpronomial,preposition,nonshifted,preverbal
encuentran,,ase=Npr,se,entre los que,1,3,-2,1,2,indefinite,definite,pronominal,pronominal,preposition,nonshifted,preverbal
constataba,,ase=Npr,se,en el que,1,3,-2,1,2,indefinite,definite,pronominal,pronominal,preposition,nonshifted,preverbal
pusieron,,ase=Npr,se,en Magnny Cours,1,3,-2,1,4,indefinite,indefinite,pronominal,nonpronomial,preposition,nonshifted,preverbal
transferirán,,ase=Npr,se,"Mediante la operación que deberá estar cerrada antes del 5 de enero de 2001,",1,14,-13,1,14,indefinite,definite,pronominal,nonpronomial,preposition,nonshifted,preverbal
presentó,,ase=Npr,se,en todos los partidos,1,4,-3,1,2,indefinite,definite,pronominal,nonpronomial,preposition,nonshifted,preverbal
demostrado,,ase=Npr,se,tras el 12 de marzo,1,5,-4,2,6,indefinite,definite,pronominal,nonpronomial,preposition,nonshifted,preverbal
pronunció,,ase=Npr,se,En términos parecidos,1,3,-2,1,3,indefinite,indefinite,pronominal,nonpronomial,preposition,nonshifted,preverbal
impulsar,,ase=Npr,se,Desde IU,1,2,-1,3,4,indefinite,indefinite,pronominal,nonpronomial,preposition,nonshifted,preverbal
instrumentaron,,ase=Npr,se,en que,1,2,-1,1,2,indefinite,indefinite,pronominal,pronominal,preposition,nonshifted,preverbal
aplicarán,,ase=Npr,se,De acuerdo con esta decisión,1,5,-4,1,3,indefinite,indefinite,pronominal,nonpronomial,preposition,nonshifted,preverbal
prohibía,,ase=Npr,se,por la que,1,3,-2,1,2,indefinite,definite,pronominal,pronominal,preposition,nonshifted,preverbal
encuentra,,ase=Npr,se,En un extremo,1,3,-2,1,2,indefinite,indefinite,pronominal,nonpronomial,preposition,nonshifted,preverbal
situado,,ase=Npr,se,en ese último año,1,4,-3,2,4,indefinite,indefinite,pronominal,nonpronomial,preposition,nonshifted,preverbal
creado,,ase=Npr,se,en la que,1,3,-2,2,3,indefinite,definite,pronominal,pronominal,preposition,nonshifted,preverbal
practica,,ase=Npr,se,con que,1,2,-1,1,2,indefinite,indefinite,pronominal,pronominal,preposition,nonshifted,preverbal
enfrentará,,ase=Npr,se,en la que,1,3,-2,1,2,indefinite,definite,pronominal,pronominal,preposition,nonshifted,preverbal
llevó,,ase=Npr,se,con un 7-5,1,3,-2,1,2,indefinite,indefinite,pronominal,nonpronomial,preposition,nonshifted,preverbal
produjo,,ase=Npr,se,con la que,1,3,-2,1,2,indefinite,definite,pronominal,pronominal,preposition,nonshifted,preverbal
fabrican,,ase=Npr,se,en donde,1,2,-1,1,2,indefinite,indefinite,pronominal,pronominal,preposition,nonshifted,preverbal
manejó,,ase=Npr,se,Al inicio de las excavaciones,1,5,-4,1,5,indefinite,indefinite,pronominal,nonpronomial,preposition,nonshifted,preverbal
cumplieron,,ase=Npr,se,durante la operación,1,3,-2,1,2,indefinite,definite,pronominal,nonpronomial,preposition,nonshifted,preverbal
harán,,ase=Npr,se,en el futuro,1,3,-2,1,2,indefinite,definite,pronominal,nonpronomial,preposition,nonshifted,preverbal
incluyen,,ase=Npr,se,Entre las posibilidades que se analizan,1,6,-5,1,5,indefinite,definite,pronominal,nonpronomial,preposition,nonshifted,preverbal
incluye,,ase=Npr,se,Entre las aplicaciones no alimentarias,1,5,-4,1,4,indefinite,definite,pronominal,nonpronomial,preposition,nonshifted,preverbal
encontró,,ase=Npr,se,en el que,1,3,-2,1,2,indefinite,definite,pronominal,pronominal,preposition,nonshifted,preverbal
constatan,,ase=Npr,se,a través de denuncias puntuales,1,5,-4,1,3,indefinite,indefinite,pronominal,nonpronomial,preposition,nonshifted,preverbal
replantear,,ase=Npr,se,en muchos de los cuales,1,5,-4,3,7,indefinite,indefinite,pronominal,pronominal,preposition,nonshifted,preverbal
perfilan,,ase=Npr,se,a comienzos del nuevo año,1,5,-4,1,3,indefinite,indefinite,pronominal,nonpronomial,preposition,nonshifted,preverbal
mostró,,ase=Npr,se,a preguntas del secretario general de UA Pablo Mosquera,1,9,-8,1,11,indefinite,indefinite,pronominal,nonpronomial,preposition,nonshifted,preverbal
iniciado,,ase=Npr,se,tanto en dirección a Alicante como a Barcelona,1,8,-7,2,7,indefinite,indefinite,pronominal,nonpronomial,preposition,nonshifted,preverbal
canaliza,,ase=Npr,se,por donde,1,2,-1,1,2,indefinite,indefinite,pronominal,pronominal,preposition,nonshifted,preverbal
produjeron,,ase=Npr,se,a primeras horas de la mañana,1,6,-5,1,5,indefinite,indefinite,pronominal,nonpronomial,preposition,nonshifted,preverbal
calcula,,ase=Npr,se,Entre las minas antitanque que hay en el desierto occidental y las antipersonal colocadas por los israelíes en el Sinaí durante los años que ocuparon esa península egipcia,1,28,-27,1,28,indefinite,definite,pronominal,nonpronomial,preposition,nonshifted,preverbal
integró,,ase=Npr,se,en ningún momento,1,3,-2,1,2,indefinite,indefinite,pronominal,nonpronomial,preposition,nonshifted,preverbal
adjudicaron,,ase=Npr,se,en la que,1,3,-2,1,2,indefinite,definite,pronominal,pronominal,preposition,nonshifted,preverbal
dieron,,Dat,les,sin el alero titular Tim Duncan,1,6,-5,1,5,indefinite,definite,pronominal,nonpronomial,preposition,nonshifted,preverbal
estrenará,,ase=Npr,se,en el que,1,3,-2,1,2,indefinite,definite,pronominal,pronominal,preposition,nonshifted,preverbal
evaluar,,ase=Npr,se,a partir de la cual,1,5,-4,2,3,indefinite,definite,pronominal,pronominal,preposition,nonshifted,preverbal
correspondió,,Dat,le,En esta ocasión,1,3,-2,1,2,indefinite,indefinite,pronominal,nonpronomial,preposition,nonshifted,preverbal
reemplazado,,ase=Npr,se,En el seno de la directiva barcelonista,1,7,-6,2,7,indefinite,definite,pronominal,nonpronomial,preposition,nonshifted,preverbal
conciliar,,ase=Npr,se,en el que,1,3,-2,2,3,indefinite,definite,pronominal,pronominal,preposition,nonshifted,preverbal
duplicado,,ase=Npr,se,en las calles de Nueva York,1,6,-5,2,6,indefinite,definite,pronominal,nonpronomial,preposition,nonshifted,preverbal
tengan,,ase=Npr,se,en el que,1,3,-2,1,2,indefinite,definite,pronominal,pronominal,preposition,nonshifted,preverbal
llegado,,,el profesional,Por un lado,2,3,-1,5,7,definite,indefinite,nonpronomial,nonpronomial,preposition,nonshifted,preverbal
cuenta,,,algo más afectivo,en el otro caso,3,4,-1,6,7,indefinite,definite,pronominal,nonpronomial,preposition,nonshifted,preverbal
extenderán,,ase=Npr,se,según la previsión de algunos analistas,1,6,-5,1,6,indefinite,definite,pronominal,nonpronomial,preposition,nonshifted,preverbal
encuentra,,ase=Npr,se,en que,1,2,-1,1,2,indefinite,indefinite,pronominal,pronominal,preposition,nonshifted,preverbal
registraron,,ase=Npr,se,en los estados cafetaleros de Paraná y Sao Paulo y en el Estado de Minas Gerais,1,16,-15,1,17,indefinite,definite,pronominal,nonpronomial,preposition,nonshifted,preverbal
inaugurará,,ase=Npr,se,Durante la visita de Verdonck y otros directivos del banco,1,10,-9,1,9,indefinite,definite,pronominal,nonpronomial,preposition,nonshifted,preverbal
encontraron,,ase=Npr,se,En un registro policial de la PTJ el 21 de septiembre en el apartamento del edificio Columbia de La Paz que no figuraba como residencia de un diplomático,1,28,-27,1,29,indefinite,indefinite,pronominal,nonpronomial,preposition,nonshifted,preverbal
elija,,ase=Npr,se,en el que,1,3,-2,1,2,indefinite,definite,pronominal,pronominal,preposition,nonshifted,preverbal
pongan,,ase=Npr,se,en donde,1,2,-1,1,2,indefinite,indefinite,pronominal,pronominal,preposition,nonshifted,preverbal
descartó,,ase=Npr,se,en el que,1,3,-2,1,2,indefinite,definite,pronominal,pronominal,preposition,nonshifted,preverbal
desarrollado,,ase=Npr,se,con la que,1,3,-2,2,3,indefinite,definite,pronominal,pronominal,preposition,nonshifted,preverbal
demandado,,,mayor atención,hasta el momento,2,3,-1,2,5,indefinite,definite,nonpronomial,nonpronomial,preposition,nonshifted,preverbal
marcaron,,ase=Npr,se,en la pasada cumbre de Helsinki,1,6,-5,1,4,indefinite,definite,pronominal,nonpronomial,preposition,nonshifted,preverbal
abrirán,,ase=Npr,se,Sobre estas pistas,1,3,-2,1,3,indefinite,indefinite,pronominal,nonpronomial,preposition,nonshifted,preverbal
abierto,,ase=Npr,se,con la elección de Zapatero como nuevo secretario general del PSOE,1,11,-10,2,12,indefinite,definite,pronominal,nonpronomial,preposition,nonshifted,preverbal
acabar,,ase=Npr,se,en el que,1,3,-2,2,3,indefinite,definite,pronominal,pronominal,preposition,nonshifted,preverbal
quedado,,Dat,le,con la vuelta y media,1,5,-4,2,6,indefinite,definite,pronominal,nonpronomial,preposition,nonshifted,preverbal
incluyó,,,de la socialdemocracia,en el que,3,3,0,6,2,definite,definite,nonpronomial,pronominal,preposition,shifted,preverbal
tocará,,,a quien,con toda seguridad,2,3,-1,7,3,indefinite,indefinite,pronominal,nonpronomial,preposition,shifted,preverbal
califica,,ase=Npr,se,Con esos elementos,1,3,-2,1,2,indefinite,indefinite,pronominal,nonpronomial,preposition,nonshifted,preverbal
darán,,ase=Npr,se,en la que,1,3,-2,1,2,indefinite,definite,pronominal,pronominal,preposition,nonshifted,preverbal
burla,,ase=Npr,se,en las que,1,3,-2,1,2,indefinite,definite,pronominal,pronominal,preposition,nonshifted,preverbal
impulsa,,,que,desde diciembre pasado,1,3,-2,4,2,indefinite,indefinite,pronominal,nonpronomial,preposition,shifted,preverbal
reunió,,ase=Npr,se,desde finales del año pasado,1,5,-4,1,5,indefinite,indefinite,pronominal,nonpronomial,preposition,nonshifted,preverbal
reconoció,,ase=Npr,se,En el documento final de nueve puntos,1,7,-6,1,8,indefinite,definite,pronominal,nonpronomial,preposition,nonshifted,preverbal
verán,,ase=Npr,se,en el corto plazo,1,4,-3,1,2,indefinite,definite,pronominal,nonpronomial,preposition,nonshifted,preverbal
negociaron,,ase=Npr,se,En el mercado continuo,1,4,-3,1,3,indefinite,definite,pronominal,nonpronomial,preposition,nonshifted,preverbal
encontraban,,ase=Npr,se,Entre los valores que experimentaron importantes alzas,1,7,-6,1,6,indefinite,definite,pronominal,nonpronomial,preposition,nonshifted,preverbal
encontraban,,ase=Npr,se,En el lado opuesto,1,4,-3,1,3,indefinite,definite,pronominal,nonpronomial,preposition,nonshifted,preverbal
costaba,,,los inversores que quieran comprar dólares,De esta manera,6,3,3,6,9,definite,indefinite,nonpronomial,nonpronomial,preposition,nonshifted,preverbal
prevé,,ase=Npr,se,para los próximos años,1,4,-3,1,2,indefinite,definite,pronominal,nonpronomial,preposition,nonshifted,preverbal
espera,,ase=Npr,se,durante cuyo segundo semestre,1,4,-3,1,2,indefinite,indefinite,pronominal,nonpronomial,preposition,nonshifted,preverbal
demostrado,,ase=Npr,se,en anteriores elecciones,1,3,-2,2,3,indefinite,indefinite,pronominal,nonpronomial,preposition,nonshifted,preverbal
enfrentó,,ase=Npr,se,en que,1,2,-1,1,2,indefinite,indefinite,pronominal,pronominal,preposition,nonshifted,preverbal
convocaron,,ase=Npr,se,En ese periodo,1,3,-2,1,3,indefinite,indefinite,pronominal,nonpronomial,preposition,nonshifted,preverbal
descompuso,,ase=Npr,se,en los últimos minutos,1,4,-3,1,2,indefinite,definite,pronominal,nonpronomial,preposition,nonshifted,preverbal
verían,,ase=Npr,se,del Espanyol y Atlético de Madrid los finalistas,1,8,-7,1,10,indefinite,indefinite,pronominal,nonpronomial,preposition,nonshifted,preverbal
celebrarán,,,que,en noviembre,1,2,-1,3,1,indefinite,indefinite,pronominal,nonpronomial,preposition,shifted,preverbal
pagará,,ase=Npr,se,con el que,1,3,-2,1,2,indefinite,definite,pronominal,pronominal,preposition,nonshifted,preverbal
revise,,ase=Npr,se,en un gobierno suyo,1,4,-3,1,3,indefinite,indefinite,pronominal,nonpronomial,preposition,nonshifted,preverbal
tenido,,,que,en Europa,1,2,-1,12,10,indefinite,indefinite,pronominal,nonpronomial,preposition,shifted,preverbal
enfrentarán,,ase=Npr,se,en las tres próximas jornadas,1,5,-4,1,2,indefinite,definite,pronominal,nonpronomial,preposition,nonshifted,preverbal
explorado,,ase=Npr,se,En la primera exploración en el interior del submarino,1,9,-8,2,8,indefinite,definite,pronominal,nonpronomial,preposition,nonshifted,preverbal
hizo,,,por el PA,con UAGA,3,2,1,7,5,definite,indefinite,nonpronomial,nonpronomial,preposition,shifted,preverbal
firme,,ase=Npr,se,en los próximos días,1,4,-3,1,2,indefinite,definite,pronominal,nonpronomial,preposition,nonshifted,preverbal
refirió,,ase=Npr,se,en la conferencia de prensa posterior,1,6,-5,1,5,indefinite,definite,pronominal,nonpronomial,preposition,nonshifted,preverbal
comportado,,ase=Npr,se,a su juicio,1,3,-2,2,3,indefinite,indefinite,pronominal,nonpronomial,preposition,nonshifted,preverbal
autoriza,,ase=Npr,se,por el que,1,3,-2,1,2,indefinite,definite,pronominal,pronominal,preposition,nonshifted,preverbal
producido,,ase=Npr,se,en cuyo territorio,1,3,-2,2,3,indefinite,indefinite,pronominal,nonpronomial,preposition,nonshifted,preverbal
cometido,,ase=Npr,se,en cuyo territorio,1,3,-2,2,3,indefinite,indefinite,pronominal,nonpronomial,preposition,nonshifted,preverbal
cometido,,ase=Npr,se,en cuyo territorio,1,3,-2,2,3,indefinite,indefinite,pronominal,nonpronomial,preposition,nonshifted,preverbal
fijar,,ase=Npr,se,En el sistema de indemnizaciones,1,5,-4,2,5,indefinite,definite,pronominal,nonpronomial,preposition,nonshifted,preverbal
visto,,ase=Npr,se,por razones históricas,1,3,-2,2,4,indefinite,indefinite,pronominal,nonpronomial,preposition,nonshifted,preverbal
quiere,,ase=Npr,se,a la que,1,3,-2,1,2,indefinite,definite,pronominal,pronominal,preposition,nonshifted,preverbal
indica,,ase=Npr,se,En el borrador del documento que examinará la Comisión Europea,1,10,-9,1,10,indefinite,definite,pronominal,nonpronomial,preposition,nonshifted,preverbal
señalaba,,ase=Npr,se,en el que,1,3,-2,1,2,indefinite,definite,pronominal,pronominal,preposition,nonshifted,preverbal
afirma,,ase=Npr,se,En la versión final,1,4,-3,1,3,indefinite,definite,pronominal,nonpronomial,preposition,nonshifted,preverbal
especificado,,ase=Npr,se,con la modificación del texto,1,5,-4,2,6,indefinite,definite,pronominal,nonpronomial,preposition,nonshifted,preverbal
incluyen,,ase=Npr,se,En la revisión del texto ahora consensuado,1,7,-6,1,6,indefinite,definite,pronominal,nonpronomial,preposition,nonshifted,preverbal
vivido,,ase=Npr,se,en España,1,2,-1,2,3,indefinite,indefinite,pronominal,nonpronomial,preposition,nonshifted,preverbal
quedas,,ase=Npr,te,en el torneo individual,1,4,-3,1,3,indefinite,definite,pronominal,nonpronomial,preposition,nonshifted,preverbal
encontrábamos,,ase=Npr,nos,en la que,1,3,-2,1,2,indefinite,definite,pronominal,pronominal,preposition,nonshifted,preverbal
alcanzar,,ase=Npr,lo,con nuestra afición y nuestro trabajo,1,6,-5,3,7,indefinite,indefinite,pronominal,nonpronomial,preposition,nonshifted,preverbal
editan,,ase=Npr,se,en esta comunidad,1,3,-2,1,2,indefinite,indefinite,pronominal,nonpronomial,preposition,nonshifted,preverbal
desanimó,,ase=Npr,se,en los últimos seis meses,1,5,-4,1,2,indefinite,definite,pronominal,nonpronomial,preposition,nonshifted,preverbal
pedía,,ase=Npr,se,en las que,1,3,-2,1,2,indefinite,definite,pronominal,pronominal,preposition,nonshifted,preverbal
paralizó,,ase=Npr,se,por la que,1,3,-2,1,2,indefinite,definite,pronominal,pronominal,preposition,nonshifted,preverbal
elevan,,ase=Npr,se,en el periodo 1997-2000,1,4,-3,1,3,indefinite,definite,pronominal,nonpronomial,preposition,nonshifted,preverbal
pronunció,,ase=Npr,se,En la misma línea que Fabius,1,6,-5,1,4,indefinite,definite,pronominal,nonpronomial,preposition,nonshifted,preverbal
situado,,ase=Npr,se,Tras Coulthard,1,2,-1,2,3,indefinite,indefinite,pronominal,nonpronomial,preposition,nonshifted,preverbal
solventar,,ase=Npr,se,con la opción que él representa,1,6,-5,2,6,indefinite,definite,pronominal,nonpronomial,preposition,nonshifted,preverbal
precisa,,ase=Npr,se,En el escrito,1,3,-2,1,2,indefinite,definite,pronominal,nonpronomial,preposition,nonshifted,preverbal
presenta,,ase=Npr,se,en la que,1,3,-2,1,2,indefinite,definite,pronominal,pronominal,preposition,nonshifted,preverbal
colocó,,ase=Npr,se,en el tercer lugar,1,4,-3,1,2,indefinite,definite,pronominal,nonpronomial,preposition,nonshifted,preverbal
vivir,,ase=Npr,se,con los años,1,3,-2,3,4,indefinite,definite,pronominal,nonpronomial,preposition,nonshifted,preverbal
investiga,,ase=Npr,se,En el caso Atlético,1,4,-3,1,4,indefinite,definite,pronominal,nonpronomial,preposition,nonshifted,preverbal
ofrecido,,ase=Npr,se,por la que,1,3,-2,2,3,indefinite,definite,pronominal,pronominal,preposition,nonshifted,preverbal
mantienen,,ase=Npr,se,en Galicia,1,2,-1,1,2,indefinite,indefinite,pronominal,nonpronomial,preposition,nonshifted,preverbal
formaliza,,ase=Npr,se,en el que,1,3,-2,1,2,indefinite,definite,pronominal,pronominal,preposition,nonshifted,preverbal
entregaron,,ase=Npr,se,en el descanso,1,3,-2,1,2,indefinite,definite,pronominal,nonpronomial,preposition,nonshifted,preverbal
efectuarán,,ase=Npr,se,en los próximos días,1,4,-3,1,2,indefinite,definite,pronominal,nonpronomial,preposition,nonshifted,preverbal
incorpore,,ase=Npr,se,en el Marco Comunitario de Apoyo 2000-2006,1,7,-6,1,6,indefinite,definite,pronominal,nonpronomial,preposition,nonshifted,preverbal
contienen,,ase=Npr,se,en el que,1,3,-2,1,2,indefinite,definite,pronominal,pronominal,preposition,nonshifted,preverbal
regalado,,,que,según la prensa,1,3,-2,6,3,indefinite,definite,pronominal,nonpronomial,preposition,shifted,preverbal
alimenta,,ase=Npr,se,con la que,1,3,-2,1,2,indefinite,definite,pronominal,pronominal,preposition,nonshifted,preverbal
registra,,ase=Npr,se,en el que,1,3,-2,1,2,indefinite,definite,pronominal,pronominal,preposition,nonshifted,preverbal
suman,,,que,entre enero y Junio de este año,1,7,-6,9,7,indefinite,indefinite,pronominal,nonpronomial,preposition,shifted,preverbal
aprovecharía,,ase=Npr,se,con una victoria,1,3,-2,1,2,indefinite,indefinite,pronominal,nonpronomial,preposition,nonshifted,preverbal
desviaban,,ase=Npr,se,a las que,1,3,-2,1,2,indefinite,definite,pronominal,pronominal,preposition,nonshifted,preverbal
entregó,,,que,de acuerdo a este testimonio,1,5,-4,8,2,indefinite,indefinite,pronominal,nonpronomial,preposition,shifted,preverbal
canalizaron,,ase=Npr,se,por el que,1,3,-2,1,2,indefinite,definite,pronominal,pronominal,preposition,nonshifted,preverbal
entregaron,,,que,según él,1,2,-1,6,3,indefinite,indefinite,pronominal,pronominal,preposition,shifted,preverbal
consiguiese,,ase=Npr,se,durante la presidencia portuguesa de la UE,1,7,-6,1,7,indefinite,definite,pronominal,nonpronomial,preposition,nonshifted,preverbal
rescataron,,ase=Npr,se,en los que,1,3,-2,1,2,indefinite,definite,pronominal,pronominal,preposition,nonshifted,preverbal
encontraba,,ase=Npr,se,entre los que,1,3,-2,1,2,indefinite,definite,pronominal,pronominal,preposition,nonshifted,preverbal
sufrió,,,que,en agosto de 1999,1,4,-3,5,3,indefinite,indefinite,pronominal,nonpronomial,preposition,shifted,preverbal
invertirán,,ase=Npr,se,en las que,1,3,-2,1,2,indefinite,definite,pronominal,pronominal,preposition,nonshifted,preverbal
formé,,ase=Npr,me,en el que,1,3,-2,1,2,indefinite,definite,pronominal,pronominal,preposition,nonshifted,preverbal
metieron,,ase=Npr,nos,por eso,1,2,-1,1,2,indefinite,indefinite,pronominal,pronominal,preposition,nonshifted,preverbal
mantenía,,,el stock de un millón de placas producidas imposibles de reutilizar,en 600 millones,11,3,8,13,16,definite,indefinite,nonpronomial,nonpronomial,preposition,nonshifted,preverbal
encuentra,,ase=Npr,se,en la que,1,3,-2,1,2,indefinite,definite,pronominal,pronominal,preposition,nonshifted,preverbal
dedicó,,ase=Npr,se,Durante los años 80,1,4,-3,1,3,indefinite,definite,pronominal,nonpronomial,preposition,nonshifted,preverbal
situaría,,ase=Npr,se,A dos puntos,1,3,-2,1,2,indefinite,indefinite,pronominal,nonpronomial,preposition,nonshifted,preverbal
ver,,ase=Npr,se,en la que,1,3,-2,2,3,indefinite,definite,pronominal,pronominal,preposition,nonshifted,preverbal
situó,,ase=Npr,lo,en que,1,2,-1,1,2,indefinite,indefinite,pronominal,pronominal,preposition,nonshifted,preverbal
facilitarán,,ase=Npr,se,en las que,1,3,-2,1,2,indefinite,definite,pronominal,pronominal,preposition,nonshifted,preverbal
faltan,,Dat,le,según su entrenador Paco Flores,1,5,-4,1,6,indefinite,indefinite,pronominal,nonpronomial,preposition,nonshifted,preverbal
mueven,,ase=Npr,se,en las altas esferas del poder,1,6,-5,1,4,indefinite,definite,pronominal,nonpronomial,preposition,nonshifted,preverbal
instalado,,ase=Npr,se,Según datos del ministerio del Interior,1,6,-5,2,7,indefinite,indefinite,pronominal,nonpronomial,preposition,nonshifted,preverbal
espera,,ase=Npr,se,del que,1,2,-1,1,2,indefinite,indefinite,pronominal,pronominal,preposition,nonshifted,preverbal
entender,,ase=Npr,las,En cuanto a las críticas sobre mi estilo de gestionar,1,10,-9,2,9,indefinite,definite,pronominal,nonpronomial,preposition,nonshifted,preverbal
respetar,,,que,en opinión del Likud y de otros grupos de derechas,1,10,-9,14,11,indefinite,indefinite,pronominal,nonpronomial,preposition,shifted,preverbal
toman,,ase=Npr,se,en Gran Bretaña,1,3,-2,1,3,indefinite,indefinite,pronominal,nonpronomial,preposition,nonshifted,preverbal
vinculado,,ase=Npr,se,por el cual,1,3,-2,2,3,indefinite,definite,pronominal,pronominal,preposition,nonshifted,preverbal
presentan,,ase=Npr,se,A las elecciones,1,3,-2,1,2,indefinite,definite,pronominal,nonpronomial,preposition,nonshifted,preverbal
produciendo,,ase=Npr,se,a su juicio,1,3,-2,2,4,indefinite,indefinite,pronominal,nonpronomial,preposition,nonshifted,preverbal
reunieron,,ase=Npr,se,a tal efecto,1,3,-2,1,2,indefinite,indefinite,pronominal,nonpronomial,preposition,nonshifted,preverbal
impulsarán,,ase=Npr,se,en la misma línea,1,4,-3,1,2,indefinite,definite,pronominal,nonpronomial,preposition,nonshifted,preverbal
mueva,,ase=Npr,se,en que,1,2,-1,1,2,indefinite,indefinite,pronominal,pronominal,preposition,nonshifted,preverbal
exhala,,ase=Npr,se,en Seúl,1,2,-1,1,2,indefinite,indefinite,pronominal,nonpronomial,preposition,nonshifted,preverbal
hablar,,,que,en más de medio siglo,1,5,-4,10,5,indefinite,indefinite,pronominal,nonpronomial,preposition,shifted,preverbal
destacado,,ase=Npr,se,En Seúl,1,2,-1,2,3,indefinite,indefinite,pronominal,nonpronomial,preposition,nonshifted,preverbal
votar,,ase=Npr,te,por esto,1,2,-1,3,4,indefinite,indefinite,pronominal,pronominal,preposition,nonshifted,preverbal
ve,,ase=Npr,se,en Málaga,1,2,-1,1,2,indefinite,indefinite,pronominal,nonpronomial,preposition,nonshifted,preverbal
traslada,,ase=Npr,se,en el que,1,3,-2,1,2,indefinite,definite,pronominal,pronominal,preposition,nonshifted,preverbal
presenta,,ase=Npr,se,Para electores más alternativos,1,4,-3,1,4,indefinite,indefinite,pronominal,nonpronomial,preposition,nonshifted,preverbal
analiza,,ase=Npr,se,En dicho trabajo,1,3,-2,1,2,indefinite,indefinite,pronominal,nonpronomial,preposition,nonshifted,preverbal
encontrando,,ase=Npr,se,en la presente temporada,1,4,-3,2,3,indefinite,definite,pronominal,nonpronomial,preposition,nonshifted,preverbal
reúnen,,ase=Npr,se,En el torneo británico,1,4,-3,1,3,indefinite,definite,pronominal,nonpronomial,preposition,nonshifted,preverbal
emita,,ase=Npr,se,por todo lo anteriormente expuesto,1,5,-4,1,6,indefinite,indefinite,pronominal,pronominal,preposition,nonshifted,preverbal
produciría,,ase=Npr,se,Con las enmiendas,1,3,-2,1,2,indefinite,definite,pronominal,nonpronomial,preposition,nonshifted,preverbal
abren,,ase=Npr,se,con su actuación y el nuevo papel de España en el mundo,1,12,-11,1,11,indefinite,indefinite,pronominal,nonpronomial,preposition,nonshifted,preverbal
puso,,ase=Npr,se,en las que,1,3,-2,1,2,indefinite,definite,pronominal,pronominal,preposition,nonshifted,preverbal
mostró,,ase=Npr,se,En cuanto al futuro de su equipo en la Copa Saporta donde ocupa la tercera plaza con dos triunfos y dos derrotas,1,22,-21,1,22,indefinite,indefinite,pronominal,nonpronomial,preposition,nonshifted,preverbal
negociaron,,ase=Npr,se,En la sesión,1,3,-2,1,2,indefinite,definite,pronominal,nonpronomial,preposition,nonshifted,preverbal
pagó,,ase=Npr,se,por los que,1,3,-2,1,2,indefinite,definite,pronominal,pronominal,preposition,nonshifted,preverbal
desmarcó,,ase=Npr,se,en 1998,1,2,-1,1,2,indefinite,indefinite,pronominal,nonpronomial,preposition,nonshifted,preverbal
desbordaron,,ase=Npr,se,en 1999,1,2,-1,1,2,indefinite,indefinite,pronominal,nonpronomial,preposition,nonshifted,preverbal
declararon,,ase=Npr,se,En el mismo periodo,1,4,-3,1,2,indefinite,definite,pronominal,nonpronomial,preposition,nonshifted,preverbal
produjeron,,ase=Npr,se,En tres de los siniestros,1,5,-4,1,5,indefinite,indefinite,pronominal,nonpronomial,preposition,nonshifted,preverbal
imparte,,ase=Npr,se,en los que,1,3,-2,1,2,indefinite,definite,pronominal,pronominal,preposition,nonshifted,preverbal
inyectaron,,ase=Npr,se,En el primer estudio dirigido por Eva Mezey NINDS,1,9,-8,1,11,indefinite,definite,pronominal,nonpronomial,preposition,nonshifted,preverbal
encontraron,,ase=Npr,se,por azar,1,2,-1,1,2,indefinite,indefinite,pronominal,nonpronomial,preposition,nonshifted,preverbal
verá,,ase=Npr,se,desde el aire y desde las casas vecinas más altas,1,10,-9,1,9,indefinite,definite,pronominal,nonpronomial,preposition,nonshifted,preverbal
obsequiado,,ase=Npr,nos,con tanta prosperidad y desarrollo económico europeo y diferencial dicen,1,10,-9,2,15,indefinite,indefinite,pronominal,nonpronomial,preposition,nonshifted,preverbal
instalará,,ase=Npr,se,En la confluencia de las calles de Giralt y de Colomines,1,11,-10,1,10,indefinite,definite,pronominal,nonpronomial,preposition,nonshifted,preverbal
incluirán,,ase=Npr,se,En el 2000,1,3,-2,1,2,indefinite,definite,pronominal,nonpronomial,preposition,nonshifted,preverbal
esperan,,ase=Npr,se,En los otros casos,1,4,-3,1,3,indefinite,definite,pronominal,nonpronomial,preposition,nonshifted,preverbal
pretende,,,el problema de aparcamiento,En el centro,4,3,1,4,7,definite,definite,nonpronomial,nonpronomial,preposition,nonshifted,preverbal
pretendía,,ase=Npr,se,con este gesto,1,3,-2,1,2,indefinite,indefinite,pronominal,nonpronomial,preposition,nonshifted,preverbal
aprobaron,,,que,en su día,1,3,-2,4,1,indefinite,indefinite,pronominal,nonpronomial,preposition,shifted,preverbal
cometen,,ase=Npr,se,en el sistema de beneficios por desempleo,1,7,-6,1,6,indefinite,definite,pronominal,nonpronomial,preposition,nonshifted,preverbal
conquistó,,ase=Npr,se,con el que,1,3,-2,1,2,indefinite,definite,pronominal,pronominal,preposition,nonshifted,preverbal
registró,,ase=Npr,se,en Japón,1,2,-1,1,2,indefinite,indefinite,pronominal,nonpronomial,preposition,nonshifted,preverbal
disputará,,ase=Npr,se,en Madrid,1,2,-1,1,2,indefinite,indefinite,pronominal,nonpronomial,preposition,nonshifted,preverbal
construirá,,ase=Npr,se,bajo el que,1,3,-2,1,2,indefinite,definite,pronominal,pronominal,preposition,nonshifted,preverbal
consiguió,,ase=Npr,se,En nombre de ella,1,4,-3,1,2,indefinite,indefinite,pronominal,pronominal,preposition,nonshifted,preverbal
exige,,ase=Npr,se,Por esto,1,2,-1,2,3,indefinite,indefinite,pronominal,pronominal,preposition,nonshifted,preverbal
propone,,ase=Npr,se,por esto,1,2,-1,2,3,indefinite,indefinite,pronominal,pronominal,preposition,nonshifted,preverbal
enviar,,,que,desde Europa,1,2,-1,5,3,indefinite,indefinite,pronominal,nonpronomial,preposition,shifted,preverbal
desenvolvía,,ase=Npr,se,en la que,1,3,-2,1,2,indefinite,definite,pronominal,pronominal,preposition,nonshifted,preverbal
utilizaron,,ase=Npr,se,tanto en lo concerniente a la URSS como a la supuesta nueva Rusia,1,13,-12,1,9,indefinite,definite,pronominal,nonpronomial,preposition,nonshifted,preverbal
denunció,,ase=Npr,se,desde un principio,1,3,-2,1,2,indefinite,indefinite,pronominal,nonpronomial,preposition,nonshifted,preverbal
entregan,,ase=Npr,se,A tan compleja tarea,1,4,-3,1,2,indefinite,indefinite,pronominal,nonpronomial,preposition,nonshifted,preverbal
representará,,ase=Npr,se,Desde esta noche hasta el día 13,1,7,-6,1,6,indefinite,indefinite,pronominal,nonpronomial,preposition,nonshifted,preverbal
lesionó,,ase=Npr,se,en enero,1,2,-1,1,2,indefinite,indefinite,pronominal,nonpronomial,preposition,nonshifted,preverbal
desmantelado,,ase=Npr,se,En Málaga,1,2,-1,2,3,indefinite,indefinite,pronominal,nonpronomial,preposition,nonshifted,preverbal
mueve,,ase=Npr,se,en que,1,2,-1,1,2,indefinite,indefinite,pronominal,pronominal,preposition,nonshifted,preverbal
corresponde,,Dat,le,con este argumento con un equipo que busca el contragolpe,1,10,-9,1,11,indefinite,indefinite,pronominal,nonpronomial,preposition,nonshifted,preverbal
movían,,ase=Npr,se,por donde,1,2,-1,1,2,indefinite,indefinite,pronominal,pronominal,preposition,nonshifted,preverbal
colocaron,,Dat,le,En las manos,1,3,-2,1,2,indefinite,definite,pronominal,nonpronomial,preposition,nonshifted,preverbal
sintió,,ase=Npr,se,Tras una hora de actuación,1,5,-4,1,5,indefinite,indefinite,pronominal,nonpronomial,preposition,nonshifted,preverbal
repasarán,,ase=Npr,se,en el que,1,3,-2,1,2,indefinite,definite,pronominal,pronominal,preposition,nonshifted,preverbal
reúnen,,ase=Npr,se,En el tercero,1,3,-2,1,2,indefinite,definite,pronominal,nonpronomial,preposition,nonshifted,preverbal
impedía,,Dat,les,tras el atentado,1,3,-2,1,2,indefinite,definite,pronominal,nonpronomial,preposition,nonshifted,preverbal
independizando,,ase=Npr,se,con el paso del tiempo,1,5,-4,3,6,indefinite,definite,pronominal,nonpronomial,preposition,nonshifted,preverbal
espera,,ase=Npr,se,Según Competición,1,2,-1,1,3,indefinite,indefinite,pronominal,nonpronomial,preposition,nonshifted,preverbal
encontró,,,A sus 66 años,con una hija y dos divorcios,4,6,-2,38,34,indefinite,indefinite,nonpronomial,nonpronomial,preposition,shifted,preverbal
emitido,,,que,durante tres meses,1,3,-2,5,2,indefinite,indefinite,pronominal,nonpronomial,preposition,shifted,preverbal
cruzó,,ase=Npr,se,en que,1,2,-1,1,2,indefinite,indefinite,pronominal,pronominal,preposition,nonshifted,preverbal
produjo,,ase=Npr,se,En ambos partidos,1,3,-2,1,2,indefinite,indefinite,pronominal,nonpronomial,preposition,nonshifted,preverbal
habla,,ase=Npr,se,De un lado,1,3,-2,1,2,indefinite,indefinite,pronominal,nonpronomial,preposition,nonshifted,preverbal
caído,,ase=Npr,se,En tres ocasiones y con fecha de rodaje fijada,1,9,-8,2,9,indefinite,indefinite,pronominal,nonpronomial,preposition,nonshifted,preverbal
realizó,,,que,en 1988,1,2,-1,3,1,indefinite,indefinite,pronominal,nonpronomial,preposition,shifted,preverbal
queda,,ase=Npr,se,Aunque para referentes personales,1,4,-3,1,4,indefinite,indefinite,pronominal,nonpronomial,preposition,nonshifted,preverbal
sufriendo,,,que,a juicio de sus rectores,1,5,-4,9,3,indefinite,indefinite,pronominal,nonpronomial,preposition,shifted,preverbal
formará,,ase=Npr,se,en Estados Unidos,1,3,-2,1,3,indefinite,indefinite,pronominal,nonpronomial,preposition,nonshifted,preverbal
haga,,ase=Npr,se,a corto plazo,1,3,-2,1,2,indefinite,indefinite,pronominal,nonpronomial,preposition,nonshifted,preverbal
hacer,,ase=Npr,se,con los inventos,1,3,-2,2,3,indefinite,definite,pronominal,nonpronomial,preposition,nonshifted,preverbal
fabricando,,ase=Npr,se,En estos momentos,1,3,-2,2,3,indefinite,indefinite,pronominal,nonpronomial,preposition,nonshifted,preverbal
analizan,,ase=Npr,se,en el que,1,3,-2,1,2,indefinite,definite,pronominal,pronominal,preposition,nonshifted,preverbal
mueven,,ase=Npr,se,en Barcelona,1,2,-1,1,2,indefinite,indefinite,pronominal,nonpronomial,preposition,nonshifted,preverbal
instalé,,ase=Npr,me,Por eso,1,2,-1,1,2,indefinite,indefinite,pronominal,pronominal,preposition,nonshifted,preverbal
reunían,,ase=Npr,se,en una de sus salas,1,5,-4,1,5,indefinite,indefinite,pronominal,pronominal,preposition,nonshifted,preverbal
dan,,Dat,les,de forma instrumental,1,3,-2,1,3,indefinite,indefinite,pronominal,nonpronomial,preposition,nonshifted,preverbal
reconocer,,,que,en su día,1,3,-2,5,2,indefinite,indefinite,pronominal,nonpronomial,preposition,shifted,preverbal
ofrecieron,,ase=Npr,se,En total,1,2,-1,1,3,indefinite,indefinite,pronominal,nonpronomial,preposition,nonshifted,preverbal
retransmitió,,ase=Npr,se,desde el que,1,3,-2,1,2,indefinite,definite,pronominal,pronominal,preposition,nonshifted,preverbal
trató,,Dat,le,en su día,1,3,-2,1,2,indefinite,indefinite,pronominal,nonpronomial,preposition,nonshifted,preverbal
instale,,ase=Npr,se,en la calle donde vivo Fonthonrada,1,6,-5,1,7,indefinite,definite,pronominal,nonpronomial,preposition,nonshifted,preverbal
explica,,ase=Npr,se,con que,1,2,-1,1,2,indefinite,indefinite,pronominal,pronominal,preposition,nonshifted,preverbal
acordaron,,ase=Npr,se,En 32 de las 74 sentencias condenatorias por violencia doméstica dictadas en el año pasado en Barcelona,1,17,-16,1,17,indefinite,indefinite,pronominal,nonpronomial,preposition,nonshifted,preverbal
dictaron,,ase=Npr,se,En el 2001,1,3,-2,1,2,indefinite,definite,pronominal,nonpronomial,preposition,nonshifted,preverbal
impuso,,ase=Npr,se,en 12,1,2,-1,1,2,indefinite,indefinite,pronominal,nonpronomial,preposition,nonshifted,preverbal
acordó,,ase=Npr,se,En 13 supuestos,1,3,-2,1,2,indefinite,indefinite,pronominal,nonpronomial,preposition,nonshifted,preverbal
acordar,,ase=Npr,se,En casos muy graves,1,4,-3,2,5,indefinite,indefinite,pronominal,nonpronomial,preposition,nonshifted,preverbal
experimentado,,ase=Npr,se,En Catalunya,1,2,-1,2,3,indefinite,indefinite,pronominal,nonpronomial,preposition,nonshifted,preverbal
produjeron,,ase=Npr,se,Ni en enero ni ahora,1,5,-4,1,4,indefinite,indefinite,pronominal,nonpronomial,preposition,nonshifted,preverbal
mostraba,,ase=Npr,se,en las que,1,3,-2,1,2,indefinite,definite,pronominal,pronominal,preposition,nonshifted,preverbal
brilla,,Dat,le,por qué,1,2,-1,1,2,indefinite,indefinite,pronominal,pronominal,preposition,nonshifted,preverbal
describir,,ase=Npr,se,Por qué,1,2,-1,2,3,indefinite,indefinite,pronominal,pronominal,preposition,nonshifted,preverbal
lanzado,,ase=Npr,se,por eso,1,2,-1,2,3,indefinite,indefinite,pronominal,pronominal,preposition,nonshifted,preverbal
interesan,,Dat,le,Por qué,1,2,-1,1,2,indefinite,indefinite,pronominal,pronominal,preposition,nonshifted,preverbal
encuentran,,ase=Npr,se,en que,1,2,-1,1,2,indefinite,indefinite,pronominal,pronominal,preposition,nonshifted,preverbal
abastecen,,ase=Npr,nos,En un supermercado,1,3,-2,1,3,indefinite,indefinite,pronominal,nonpronomial,preposition,nonshifted,preverbal
lograría,,ase=Npr,se,Con esta medida,1,3,-2,1,2,indefinite,indefinite,pronominal,nonpronomial,preposition,nonshifted,preverbal
incluyen,,ase=Npr,se,En este porcentaje,1,3,-2,1,2,indefinite,indefinite,pronominal,nonpronomial,preposition,nonshifted,preverbal
da,,ase=Npr,se,En el PP,1,3,-2,1,2,indefinite,definite,pronominal,nonpronomial,preposition,nonshifted,preverbal
alcanzó,,ase=Npr,se,A media mañana,1,3,-2,1,2,indefinite,indefinite,pronominal,nonpronomial,preposition,nonshifted,preverbal
cobrado,,ase=Npr,se,en un año,1,3,-2,2,3,indefinite,indefinite,pronominal,nonpronomial,preposition,nonshifted,preverbal
pagarían,,,a quien,por su silencio,2,3,-1,5,2,indefinite,indefinite,pronominal,nonpronomial,preposition,shifted,preverbal
alistado,,ase=Npr,se,por qué,1,2,-1,2,3,indefinite,indefinite,pronominal,pronominal,preposition,nonshifted,preverbal
encontrar,,ase=Npr,se,durante 1999,1,2,-1,3,4,indefinite,indefinite,pronominal,nonpronomial,preposition,nonshifted,preverbal
pide,,ase=Npr,se,en la que,1,3,-2,1,2,indefinite,definite,pronominal,pronominal,preposition,nonshifted,preverbal
retirado,,ase=Npr,se,del que,1,2,-1,2,3,indefinite,indefinite,pronominal,pronominal,preposition,nonshifted,preverbal
considera,,ase=Npr,se,en el país,1,3,-2,1,2,indefinite,definite,pronominal,nonpronomial,preposition,nonshifted,preverbal
recrudecerán,,ase=Npr,se,en los próximos días,1,4,-3,1,2,indefinite,definite,pronominal,nonpronomial,preposition,nonshifted,preverbal
reclamó,,Dat,le,en una carta abierta,1,4,-3,1,4,indefinite,indefinite,pronominal,nonpronomial,preposition,nonshifted,preverbal
dirige,,,que,con pulso cada vez menos firme,1,6,-5,7,5,indefinite,indefinite,pronominal,nonpronomial,preposition,shifted,preverbal
aprobó,,,que,a principios de año,1,4,-3,5,1,indefinite,indefinite,pronominal,nonpronomial,preposition,shifted,preverbal
afrontar,,,desprovisto ya de la muleta de Euskal Herritarrok EH la marca electoral de HB,en las próximas semanas,14,4,10,23,2,indefinite,definite,nonpronomial,nonpronomial,preposition,shifted,preverbal
rompió,,ase=Npr,se,con esto,1,2,-1,1,2,indefinite,indefinite,pronominal,pronominal,preposition,nonshifted,preverbal
plantea,,ase=Npr,se,Según ERC,1,2,-1,1,3,indefinite,indefinite,pronominal,nonpronomial,preposition,nonshifted,preverbal
diferencie,,ase=Npr,se,desde la puerta de acceso a urgencias,1,7,-6,1,7,indefinite,definite,pronominal,nonpronomial,preposition,nonshifted,preverbal
intentó,,ase=Npr,se,con el que,1,3,-2,1,2,indefinite,definite,pronominal,pronominal,preposition,nonshifted,preverbal
cometieron,,ase=Npr,se,en la guerra civil,1,4,-3,1,3,indefinite,definite,pronominal,nonpronomial,preposition,nonshifted,preverbal
siento,,ase=Npr,me,Con ellas,1,2,-1,1,2,indefinite,indefinite,pronominal,pronominal,preposition,nonshifted,preverbal
registraron,,ase=Npr,se,En Belén donde los ánimos de los habitantes están extremadamente crispados por el asedio de la basílica de la Natividad,1,20,-19,1,22,indefinite,indefinite,pronominal,nonpronomial,preposition,nonshifted,preverbal
logrando,,ase=Npr,se,En Irlanda del Norte,1,4,-3,2,5,indefinite,indefinite,pronominal,nonpronomial,preposition,nonshifted,preverbal
dando,,ase=Npr,se,en el País Vasco,1,4,-3,2,4,indefinite,definite,pronominal,nonpronomial,preposition,nonshifted,preverbal
trasvasaría,,ase=Npr,se,desde el que,1,3,-2,1,2,indefinite,definite,pronominal,pronominal,preposition,nonshifted,preverbal
evitará,,ase=Npr,se,de esta forma,1,3,-2,1,2,indefinite,indefinite,pronominal,nonpronomial,preposition,nonshifted,preverbal
ve,,ase=Npr,se,En pesetas,1,2,-1,1,2,indefinite,indefinite,pronominal,nonpronomial,preposition,nonshifted,preverbal
divide,,ase=Npr,se,en la que,1,3,-2,1,2,indefinite,definite,pronominal,pronominal,preposition,nonshifted,preverbal
gestiona,,ase=Npr,se,en que,1,2,-1,1,2,indefinite,indefinite,pronominal,pronominal,preposition,nonshifted,preverbal
sacrifican,,ase=Npr,se,en las que,1,3,-2,1,2,indefinite,definite,pronominal,pronominal,preposition,nonshifted,preverbal
alcanzaron,,,que,en 1992,1,2,-1,3,1,indefinite,indefinite,pronominal,nonpronomial,preposition,shifted,preverbal
puso,,ase=Npr,se,A una hora temprana 1965 sólo dos años después de su muerte,1,12,-11,1,14,indefinite,indefinite,pronominal,nonpronomial,preposition,nonshifted,preverbal
registraron,,ase=Npr,se,en las rondas de Barcelona,1,5,-4,1,4,indefinite,definite,pronominal,nonpronomial,preposition,nonshifted,preverbal
imprime,,ase=Npr,se,en la que,1,3,-2,1,2,indefinite,definite,pronominal,pronominal,preposition,nonshifted,preverbal
hacer,,,Qué,en este lío,1,3,-2,3,6,indefinite,indefinite,pronominal,nonpronomial,preposition,nonshifted,preverbal
reescrito,,ase=Npr,se,con esfuerzos,1,2,-1,2,3,indefinite,indefinite,pronominal,nonpronomial,preposition,nonshifted,preverbal
encuentra,,ase=Npr,se,ante la que,1,3,-2,1,2,indefinite,definite,pronominal,pronominal,preposition,nonshifted,preverbal
realizó,,ase=Npr,se,en esta ocasión,1,3,-2,1,3,indefinite,indefinite,pronominal,nonpronomial,preposition,nonshifted,preverbal
inició,,ase=Npr,se,En noviembre del 2000,1,4,-3,1,4,indefinite,indefinite,pronominal,nonpronomial,preposition,nonshifted,preverbal
ensañaron,,ase=Npr,se,con piedras y palos,1,4,-3,1,5,indefinite,indefinite,pronominal,nonpronomial,preposition,nonshifted,preverbal
interesa,,ase=Npr,se,en la que,1,3,-2,1,2,indefinite,definite,pronominal,pronominal,preposition,nonshifted,preverbal
rebaja,,ase=Npr,se,por la que,1,3,-2,1,2,indefinite,definite,pronominal,pronominal,preposition,nonshifted,preverbal
impuso,,,que,en su día,1,3,-2,4,1,indefinite,indefinite,pronominal,nonpronomial,preposition,shifted,preverbal
resultaba,,,a su defendido,hasta ese momento,3,3,0,7,3,indefinite,indefinite,nonpronomial,nonpronomial,preposition,shifted,preverbal
exilió,,ase=Npr,se,tras la derrota republicana,1,4,-3,1,3,indefinite,definite,pronominal,nonpronomial,preposition,nonshifted,preverbal
reclamaba,,ase=Npr,se,en la que,1,3,-2,1,2,indefinite,definite,pronominal,pronominal,preposition,nonshifted,preverbal
declarado,,ase=Npr,se,en una decisión sin precedentes,1,5,-4,2,6,indefinite,indefinite,pronominal,nonpronomial,preposition,nonshifted,preverbal
abordó,,ase=Npr,se,en la que,1,3,-2,1,2,indefinite,definite,pronominal,pronominal,preposition,nonshifted,preverbal
generando,,,que,con nuestra intolerancia con nuestras descalificaciones y con la negativa permanente al diálogo,1,13,-12,18,14,indefinite,indefinite,pronominal,nonpronomial,preposition,shifted,preverbal
discutan,,,representación propia,en la Unión Europea,2,4,-2,8,4,indefinite,definite,nonpronomial,nonpronomial,preposition,shifted,preverbal
decidido,,ase=Npr,se,ante la existencia de indicios de que el titular real de las cuentas pudiera no coincidir con el titular identificado,1,20,-19,2,24,indefinite,definite,pronominal,nonpronomial,preposition,nonshifted,preverbal
vuelva,,ase=Npr,se,en el pleno de la semana próxima,1,7,-6,1,6,indefinite,definite,pronominal,nonpronomial,preposition,nonshifted,preverbal
observar,,ase=Npr,se,en la reunión del consejo de administración de la CCRTV celebrada anteayer,1,12,-11,2,14,indefinite,definite,pronominal,nonpronomial,preposition,nonshifted,preverbal
presentan,,ase=Npr,se,al que,1,2,-1,1,2,indefinite,indefinite,pronominal,pronominal,preposition,nonshifted,preverbal
mantenido,,Dat,le,por otra parte,1,3,-2,2,3,indefinite,indefinite,pronominal,nonpronomial,preposition,nonshifted,preverbal
hecho,,ase=Npr,se,Por otra parte,1,3,-2,2,4,indefinite,indefinite,pronominal,nonpronomial,preposition,nonshifted,preverbal
pertenecen,,,a la que,de modo irreductible,3,3,0,4,2,definite,indefinite,pronominal,nonpronomial,preposition,shifted,preverbal
acordaron,,,que,en 1998,1,2,-1,3,1,indefinite,indefinite,pronominal,nonpronomial,preposition,shifted,preverbal
muestra,,ase=Npr,se,en el que,1,3,-2,1,2,indefinite,definite,pronominal,pronominal,preposition,nonshifted,preverbal
encontraban,,ase=Npr,se,según la policía,1,3,-2,1,3,indefinite,definite,pronominal,nonpronomial,preposition,nonshifted,preverbal
instalarán,,ase=Npr,se,En el nuevo vestíbulo de la estación,1,7,-6,1,5,indefinite,definite,pronominal,nonpronomial,preposition,nonshifted,preverbal
registraron,,ase=Npr,se,en el mismo periodo de 1999,1,6,-5,1,4,indefinite,definite,pronominal,nonpronomial,preposition,nonshifted,preverbal
destaca,,ase=Npr,se,En una nota firmada por Yuraka Suzuki director de Konami en Europa,1,12,-11,1,13,indefinite,indefinite,pronominal,nonpronomial,preposition,nonshifted,preverbal
explica,,ase=Npr,se,en la que,1,3,-2,1,2,indefinite,definite,pronominal,pronominal,preposition,nonshifted,preverbal
producen,,ase=Npr,se,En muchas ocasiones,1,3,-2,1,2,indefinite,indefinite,pronominal,nonpronomial,preposition,nonshifted,preverbal
revalorizado,,ase=Npr,se,por su parte,1,3,-2,2,4,indefinite,indefinite,pronominal,nonpronomial,preposition,nonshifted,preverbal
conoció,,ase=Npr,se,A media sesión,1,3,-2,1,3,indefinite,indefinite,pronominal,nonpronomial,preposition,nonshifted,preverbal
diriman,,ase=Npr,se,en los que,1,3,-2,1,2,indefinite,definite,pronominal,pronominal,preposition,nonshifted,preverbal
impuso,,ase=Npr,se,en Febrero,1,2,-1,1,2,indefinite,indefinite,pronominal,nonpronomial,preposition,nonshifted,preverbal
enfrentaban,,ase=Npr,se,con la que,1,3,-2,1,2,indefinite,definite,pronominal,pronominal,preposition,nonshifted,preverbal
pondrán,,ase=Npr,se,tras lo cual,1,3,-2,1,2,indefinite,definite,pronominal,pronominal,preposition,nonshifted,preverbal
incluye,,ase=Npr,se,En el anexo al anteproyecto de ley de acompañamiento aprobado el viernes por el Consejo de Ministros,1,17,-16,1,16,indefinite,definite,pronominal,nonpronomial,preposition,nonshifted,preverbal
incorporado,,ase=Npr,se,Por esta razón,1,3,-2,2,4,indefinite,indefinite,pronominal,nonpronomial,preposition,nonshifted,preverbal
enfrentaron,,ase=Npr,se,En el Camp d'Esports,1,4,-3,1,3,indefinite,definite,pronominal,nonpronomial,preposition,nonshifted,preverbal
enfrentado,,ase=Npr,se,en el que,1,3,-2,2,3,indefinite,definite,pronominal,pronominal,preposition,nonshifted,preverbal
retratan,,ase=Npr,se,en las que,1,3,-2,1,2,indefinite,definite,pronominal,pronominal,preposition,nonshifted,preverbal
hizo,,ase=Npr,se,en anteriores ocasiones,1,3,-2,1,2,indefinite,indefinite,pronominal,nonpronomial,preposition,nonshifted,preverbal
mantenga,,ase=Npr,se,en el 2002,1,3,-2,1,2,indefinite,definite,pronominal,nonpronomial,preposition,nonshifted,preverbal
creará,,ase=Npr,se,De forma paralela,1,3,-2,1,3,indefinite,indefinite,pronominal,nonpronomial,preposition,nonshifted,preverbal
casado,,ase=Npr,se,En las últimas semanas,1,4,-3,2,3,indefinite,definite,pronominal,nonpronomial,preposition,nonshifted,preverbal
estudiará,,ase=Npr,se,en el debate sobre los Presupuestos del Estado,1,8,-7,1,7,indefinite,definite,pronominal,nonpronomial,preposition,nonshifted,preverbal
comenzó,,ase=Npr,lo,en que,1,2,-1,1,2,indefinite,indefinite,pronominal,pronominal,preposition,nonshifted,preverbal
registrado,,ase=Npr,se,en el que,1,3,-2,2,3,indefinite,definite,pronominal,pronominal,preposition,nonshifted,preverbal
precintado,,ase=Npr,se,En los últimos meses,1,4,-3,2,3,indefinite,definite,pronominal,nonpronomial,preposition,nonshifted,preverbal
rebelo,,ase=Npr,me,en que,1,2,-1,1,2,indefinite,indefinite,pronominal,pronominal,preposition,nonshifted,preverbal
guarda,,,que,desde noviembre de 1998,1,4,-3,5,3,indefinite,indefinite,pronominal,nonpronomial,preposition,shifted,preverbal
dirigió,,ase=Npr,se,en sus rezos de aquellos días,1,6,-5,1,5,indefinite,indefinite,pronominal,nonpronomial,preposition,nonshifted,preverbal
embarga,,ase=Npr,se,En numerosos casos,1,3,-2,2,3,indefinite,indefinite,pronominal,nonpronomial,preposition,nonshifted,preverbal
instaló,,ase=Npr,se,En 1987,1,2,-1,1,2,indefinite,indefinite,pronominal,nonpronomial,preposition,nonshifted,preverbal
desprende,,ase=Npr,se,Del análisis de la cuenta financiera que mide la diferencia entre las inversiones españolas en el exterior y las del extranjero en España,1,23,-22,1,25,indefinite,indefinite,pronominal,nonpronomial,preposition,nonshifted,preverbal
esperan,,ase=Npr,se,Durante el presente ejercicio,1,4,-3,1,2,indefinite,definite,pronominal,nonpronomial,preposition,nonshifted,preverbal
contabilizaron,,ase=Npr,se,en que,1,2,-1,1,2,indefinite,indefinite,pronominal,pronominal,preposition,nonshifted,preverbal
aprobado,,ase=Npr,se,en un año y medio,1,5,-4,2,5,indefinite,indefinite,pronominal,nonpronomial,preposition,nonshifted,preverbal
prejubilaron,,ase=Npr,se,En 1998,1,2,-1,1,2,indefinite,indefinite,pronominal,nonpronomial,preposition,nonshifted,preverbal
gestionaron,,ase=Npr,se,con que,1,2,-1,1,2,indefinite,indefinite,pronominal,pronominal,preposition,nonshifted,preverbal
creando,,ase=Npr,se,En los últimos años,1,4,-3,3,4,indefinite,definite,pronominal,nonpronomial,preposition,nonshifted,preverbal
desempolvan,,ase=Npr,se,Al otro día,1,3,-2,1,2,indefinite,indefinite,pronominal,nonpronomial,preposition,nonshifted,preverbal
describió,,ase=Npr,la,en 1825,1,2,-1,1,2,indefinite,indefinite,pronominal,nonpronomial,preposition,nonshifted,preverbal
tenian,,ase=Npr,lo,a los dos dias,1,4,-3,1,2,indefinite,definite,pronominal,nonpronomial,preposition,nonshifted,preverbal
llevó,,Dat,le,a los que,1,3,-2,1,2,indefinite,definite,pronominal,pronominal,preposition,nonshifted,preverbal
frecuenta,,,que,por su naturaleza laboral,1,4,-3,5,2,indefinite,indefinite,pronominal,nonpronomial,preposition,shifted,preverbal
escuchamos,,ase=Npr,lo,en que tertulia nocturna,1,4,-3,1,3,indefinite,indefinite,pronominal,nonpronomial,preposition,nonshifted,preverbal
habido,,,que,en diversas confrontaciones,1,3,-2,5,2,indefinite,indefinite,pronominal,nonpronomial,preposition,shifted,preverbal
preparado,,ase=Npr,la,en el Aula,1,3,-2,2,3,indefinite,definite,pronominal,nonpronomial,preposition,nonshifted,preverbal
destierra,,ase=Npr,lo,en febrero de 1937,1,4,-3,1,4,indefinite,indefinite,pronominal,nonpronomial,preposition,nonshifted,preverbal
sucedió,,ase=Npr,lo,A la muerte de Perón en julio de 1974,1,9,-8,1,9,indefinite,definite,pronominal,nonpronomial,preposition,nonshifted,preverbal
pretenden,,ase=Npr,lo,entre ellos,1,2,-1,1,2,indefinite,indefinite,pronominal,pronominal,preposition,nonshifted,preverbal
colocamos,,ase=Npr,nos,Para ello,1,2,-1,1,2,indefinite,indefinite,pronominal,pronominal,preposition,nonshifted,preverbal
apoyando,,Dat,les,durante los meses previos a la competición,1,7,-6,3,8,indefinite,definite,pronominal,nonpronomial,preposition,nonshifted,preverbal
abandonar,,,que,por dificultades económicas,1,3,-2,7,5,indefinite,indefinite,pronominal,nonpronomial,preposition,shifted,preverbal
trasladaba,,ase=Npr,lo,a su vez,1,3,-2,1,2,indefinite,indefinite,pronominal,nonpronomial,preposition,nonshifted,preverbal
haga,,ase=Npr,lo,para la próxima vez que quiera reunir se con nosotros para ver estos temas,1,14,-13,1,12,indefinite,definite,pronominal,nonpronomial,preposition,nonshifted,preverbal
hicieron,,ase=Npr,lo,a su vez,1,3,-2,1,2,indefinite,indefinite,pronominal,nonpronomial,preposition,nonshifted,preverbal
redactó,,ase=Npr,las,En su regreso de la Tercera Cruzada,1,7,-6,1,7,indefinite,indefinite,pronominal,nonpronomial,preposition,nonshifted,preverbal
presentó,,ase=Npr,las,en septiembre,1,2,-1,1,2,indefinite,indefinite,pronominal,nonpronomial,preposition,nonshifted,preverbal
invitamos,,ase=Npr,os,por lo que,1,3,-2,1,2,indefinite,indefinite,pronominal,pronominal,preposition,nonshifted,preverbal
encontrar,,ase=Npr,lo,Como politica de empresa,1,4,-3,2,5,indefinite,indefinite,pronominal,nonpronomial,preposition,nonshifted,preverbal
invita,,ase=Npr,la,de paso,1,2,-1,1,2,indefinite,indefinite,pronominal,nonpronomial,preposition,nonshifted,preverbal
obtienen,,,esta comisión de el comercio,Bajo su óptica,5,3,2,5,8,indefinite,indefinite,nonpronomial,nonpronomial,preposition,nonshifted,preverbal
acompaña,,Dat,le,en las que,1,3,-2,1,2,indefinite,definite,pronominal,pronominal,preposition,nonshifted,preverbal
bañaba,,ase=Npr,los,Para las heridas,1,3,-2,1,2,indefinite,definite,pronominal,nonpronomial,preposition,nonshifted,preverbal
acompañará,,ase=Npr,nos,Incluso uno de los personajes que aparecen a el inicio de la película Wu Han a el que disparan en el Club Obi Wan,1,24,-23,1,28,indefinite,indefinite,pronominal,pronominal,preposition,nonshifted,preverbal
informa,,Dat,les,En pocas palabras,1,3,-2,1,3,indefinite,indefinite,pronominal,nonpronomial,preposition,nonshifted,preverbal
llevó,,Dat,le,en parte,1,2,-1,1,2,indefinite,indefinite,pronominal,nonpronomial,preposition,nonshifted,preverbal
comparte,,,que,en el fondo,1,3,-2,6,3,indefinite,definite,pronominal,nonpronomial,preposition,shifted,preverbal
acompañaban,,ase=Npr,nos,En este proyecto,1,3,-2,1,2,indefinite,indefinite,pronominal,nonpronomial,preposition,nonshifted,preverbal
conocieron,,Dat,le,En la India misma,1,4,-3,1,3,indefinite,definite,pronominal,nonpronomial,preposition,nonshifted,preverbal
sentado,,,muchas horas de su infancia,en la cocina,5,3,2,7,1,indefinite,definite,nonpronomial,nonpronomial,preposition,shifted,preverbal
sirven,,ase=Npr,te,Por un precio razonable,1,4,-3,1,4,indefinite,indefinite,pronominal,nonpronomial,preposition,nonshifted,preverbal
caracteriza,,ase=Npr,nos,En NH Hoteles,1,3,-2,1,3,indefinite,indefinite,pronominal,nonpronomial,preposition,nonshifted,preverbal
tenían,,ase=Npr,la,En 1 día,1,3,-2,1,2,indefinite,indefinite,pronominal,nonpronomial,preposition,nonshifted,preverbal
conoce,,,que,en otras comunidades españolas,1,4,-3,6,3,indefinite,indefinite,pronominal,nonpronomial,preposition,shifted,preverbal
ayuda,,Dat,le,de todas maneras,1,3,-2,1,2,indefinite,indefinite,pronominal,nonpronomial,preposition,nonshifted,preverbal
encontrado,,ase=Npr,lo,en mimasaje,1,2,-1,2,3,indefinite,indefinite,pronominal,nonpronomial,preposition,nonshifted,preverbal
esperaban,,Dat,les,En Urda,1,2,-1,1,2,indefinite,indefinite,pronominal,nonpronomial,preposition,nonshifted,preverbal
hizo,,,el consorcio español Iberia,en 1990,4,2,2,4,7,definite,indefinite,nonpronomial,nonpronomial,preposition,nonshifted,preverbal
sigue,,Dat,le,En orden de jerarquía,1,4,-3,1,4,indefinite,indefinite,pronominal,nonpronomial,preposition,nonshifted,preverbal
adquirió,,,Ibero American Radio Chile perteneciente a el grupo Claxson,En diciembre de el año 2000,9,6,3,11,17,indefinite,indefinite,nonpronomial,nonpronomial,preposition,nonshifted,preverbal
